"","title","date","link","description","article_text"
"1","Will Gen Z give up the driver’s seat?",2025-10-07,"/~/media/mckinsey/email/genz/2025/10/2025-10-07b.html","In the United States, fewer teenagers are getting their driver’s licenses today than in decades past. But they’ll still be on the road—just not in the driver’s seat.","Brought to you by Alex Panas, global leader of industries, & Axel Karlsson, global leader of functional practices and growth platforms

Welcome to the latest edition of Mind the Gap. We hope you find our perspectives useful. Let us know what you think at Alex_Panas@McKinsey.com and Axel_Karlsson@McKinsey.com.

—Alex and Axel

To better serve you and combat inbox overload, we’re changing our email cadence from twice per month to monthly. We’ll be back on November 4 with more of the valuable insights you’ve come to expect from Mind the Gap.

In the United States, fewer teenagers are getting their driver’s licenses today than in decades past. But they’ll still be on the road—just not in the driver’s seat. Instead, Gen Z may be the first generation to fully embrace the idea of not driving at all—transitioning from “drivers” to “riders.” (Hello, “passenger princes and princesses.﻿”) That’s all thanks to the rise of self-driving cars, which are quickly shifting gears from concept or prototype to deployment. The contours of that future state are taking shape, according to McKinsey Senior Partner Philipp Kampshoff and other McKinsey autonomous-vehicle (AV) experts who shared their reflections on the future of self-driving cars. For one thing, the cost of AVs is likely to decline sharply (good news for Gen Zers who already face a high cost of living and for whom car ownership is cost prohibitive). McKinsey research found that costs related to AVs could decrease by 80 percent over the next decade as the lifespans of autonomous-driving systems increase and AV players improve their operations.With a growing fleet of AVs already on the road, how will tomorrow’s self-driving experience differ from today’s? McKinsey Partner Emily Shao posed this question to tech investor Laurie Yoler, who said that AVs of the future could become spaces for relaxation and voice- or audio-based entertainment. But the quality of visual experiences will “depend on how rough the road is,” she said, adding, “Being able to make a great phone call, not worry about the safety of the vehicle, and have personal time or time with friends is going to be excellent.”Kampshoff, for his part, imagines future AVs going one step further: “Why not imagine, instead of robo-taxis, robo-hotel rooms? A hotel room comes to your house, you get into it with your family … and when you wake up, you are in Miami.”In one McKinsey survey from 2023, half of car buyers said they could see themselves switching to an AV in the future. While today’s drivers—Gen Zers included—may be increasingly comfortable with the idea of a fully autonomous future, they may not be willing to hand over the keys just yet. Carmakers still have to build trust with the next generation of riders: by communicating AV safety records more broadly, for example.  Still, the shift from driver to rider is a transformation that could reshape how Gen Zers define and experience mobility—and their independence, too. For decades, freedom on the road meant, for many, gripping the steering wheel. In the decades ahead, freedom may mean letting go.

In 2019, China exported 700,000 cars globally; by 2024, that number rose to 5.5 million, surpassing exports from Japan, Mexico, and Germany.﻿

Hold the algorithm. Inside the invite-only WhatsApp groups, Instagram sellers, and Substack newsletters that are turning vintage shopping into a communal event. [Bustle]

"
"2","What do Gen Zers want for the holidays?",2025-09-23,"/~/media/mckinsey/email/genz/2025/09/2025-09-23b.html","Is it ever too soon to shop for the holidays? While other generations tend to say no—and start their holiday shopping earlier every year—Gen Z is more likely to stick to a traditional schedule.","Brought to you by Alex Panas, global leader of industries, & Axel Karlsson, global leader of functional practices and growth platforms

Welcome to the latest edition of Mind the Gap. We hope you find our perspectives useful. Let us know what you think at Alex_Panas@McKinsey.com and Axel_Karlsson@McKinsey.com.

—Alex and Axel

Is it ever too soon to shop for the holidays? While other generations tend to say no—and start their holiday shopping earlier every year—Gen Z is more likely to stick to a traditional schedule.In the latest McKinsey ConsumerWise survey on consumer sentiment, 17 percent of Gen Zers in the United States say that Black Friday, which usually falls on the last Friday in November (the day after Thanksgiving), marks the beginning of their holiday shopping season. That’s higher than the 11 percent average for consumers across age groups, according to Senior Partner Becca Coggins and coauthors. The explanation may stem from a different perception about savings. Gen Zers are just as value conscious as older consumers, but they tend to have less disposable income. If Zoomers think that Black Friday is the savings event of the season, they may be holding off on making purchases until then. “I choose Black Friday weekend specifically for all the incredible sales and savings,” said one Gen Z survey respondent. “That’s when I get the most bang for my buck, and it makes holiday shopping less daunting and more manageable.”The numbers support this enthusiasm. In 2024, US consumers spent $10.8 billion on Black Friday alone, with online sales showing year-over-year growth even as in-store sales trailed when adjusted for inflation. Once the undisputed heavyweight of retail events, Black Friday now competes with midsummer promotional events from online retailers. Still, it’s gaining traction outside the United States; retailers and e-commerce players in India, for example, have dedicated more resources to Black Friday in recent years. (And in case you were wondering why the frenzied exchange of greenbacks for goods is called Black Friday, read this.)Cultural relevance may play a role for Gen Zers, too. Posting a Black Friday haul on social media could drive higher engagement for influencers and noninfluencers alike than a post about a random Tuesday-in-October bargain. On one platform popular among Zoomers, there were 30,000 livestreams on Black Friday in 2024, while posts numbered in the millions and views in the billions. In other words, it’s as much about participating in a shared experience as it is about saving money.That said, broader consumer caution is likely to shape the holiday shopping season. Coggins and coauthors found that spending on discretionary categories overall is expected to decline as households focus more on essentials. In a recent episode of the McKinsey on Consumer & Retail podcast, Senior Partner Emily Reasor says that “shoppers are timid this year, which is part of why we see people planning ahead more and changing their spending patterns.”Still, Gen Zers plan to spend on some categories in 2025. Twenty-seven percent of Gen Zers said they planned to splurge on apparel, compared with 23 percent of consumers across all ages. Also ranking higher for Gen Z than for older consumers: electronics for home or personal use, beauty and personal care, and jewelry and accessories. So, while older shoppers may be moving on from Black Friday, the holiday retail ritual remains alive and well for Gen Zers, who are blending tradition and digital community into their own kind of seasonal celebration.

The job market for AI-related roles has expanded, with a 35 percent increase in job postings from 2023 to 2024.

Musk-haves. Surprisingly, social media—not the classic in-store spritz—is catapulting sales of this product. [Ad Age]

"
"3","A new playbook for leading Gen Z—and world-class teams",2025-09-09,"/~/media/mckinsey/email/genz/2025/09/2025-09-09b.html","In the United States, college football season has arrived and Gen Zers are back on campus to rally behind their teams. Off the field, there are plenty of lessons to glean from some of the best coaches in sports about developing young employees.","Brought to you by Alex Panas, global leader of industries, & Axel Karlsson, global leader of functional practices and growth platforms

Welcome to the latest edition of Mind the Gap. We hope you find our perspectives useful. Let us know what you think at Alex_Panas@McKinsey.com and Axel_Karlsson@McKinsey.com.

—Alex and Axel

In the United States, college football season has arrived and Gen Zers are back on campus to rally behind their teams. Off the field, there are plenty of lessons to glean from some of the best coaches in sports about developing young employees.McKinsey Senior Partner Kevin Carmody and his coauthors spoke to more than 25 athletes, coaches, general managers, trainers, and other critical contributors to successful professional and Division I sports programs across the country. Among the topics their conversations covered, several of which are especially relevant for shorter-tenured employees: how to set and maintain the right standards for teams and organizations, engender diversity in both personnel and thought, create a clear and compelling operating playbook, and embed resilience in teams and organizations.Among the most important lessons? Everyone matters, not just the stars. Former Notre Dame football player Pat Eilers recalls how legendary coach Lou Holtz treated walk-ons, student managers, and Heisman Trophy winners with equal respect. For workplace managers, that means not focusing on a person’s job title and tenure when considering different points of view; make sure to create space for junior employees’ ideas to be heard too. Likewise, in the same way that the walk-on athlete noted in the article set the standard for a Division I program through his work ethic, younger employees can exert outsize influence by modeling creativity and effort. That influence grows when leaders delegate meaningful responsibilities to junior team members, giving them the chance to stretch, own projects, and develop their own decision-making muscles.Several sports leaders also pointed out that junior players often bring energy and ambition, while veterans offer perspective and steadiness. Too many of either can tip a team off course. As Brian Wright, general manager of the San Antonio Spurs, explains: “Everyone on the team has a critical role to play in ensuring the success of the group. We win by engaging everyone, not just our star players.” For Gen Z employees, that ethos reinforces the importance of belonging and contribution—knowing they’re part of something bigger than themselves.Communication is critical, too. Kevin Sullivan, director of track and field at the University of Michigan, says much of his role involves one-on-one discussions to reassure and reinforce plans with young athletes so they feel confident in the path forward. And as former Notre Dame volleyball player Ella Sandt notes, feedback is most valuable when it is candid, two-way, and provided in real time—an approach that resonates with a generation that prizes authenticity, both on the field and in the workplace.

In Europe, better pay and benefits may sway people to change jobs. But other factors, including training and development opportunities and flexible working, also matter to job seekers.﻿

﻿Code green. These twentysomethings are making millions of dollars per year thanks to their AI know-how. [WSJ]

"
"4","Want to drive AI upskilling? Tap Gen Z and millennials",2025-08-12,"/~/media/mckinsey/email/genz/2025/08/2025-08-12b.html","Companies are pouring money into all kinds of AI-based tools—including gen AI, agentic AI, and automation—and in general, employees have shown that they are eager to use them.","Brought to you by Alex Panas, global leader of industries, & Axel Karlsson, global leader of functional practices and growth platforms

Welcome to the latest edition of Mind the Gap. We hope you find our perspectives useful. Let us know what you think at Alex_Panas@McKinsey.com and Axel_Karlsson@McKinsey.com.

—Alex and Axel

Companies are pouring money into all kinds of AI-based tools—including gen AI, agentic AI, and automation—and in general, employees have shown that they are eager to use them. What is holding many companies back is a lack of formal AI training and organizational support.Nearly half of respondents in one McKinsey survey reported a desire for a formal training program in AI and technology. That same survey found that only 28 percent of organizations plan to invest in upskilling programs over the next two to three years, suggesting that their workforces could be left behind as the technology continues to advance—and that implementation challenges could cloud even the most well-funded AI transformations.Millennials and Gen Zers: This is your moment. According to a report from McKinsey Senior Partner Lareina Yee and coauthors, these two generations are poised to play a key role in AI adoption across organizations because they have the highest rates of self-reported AI proficiency and expertise. In both groups, which collectively include 18-to-44-year-olds, up to 90 percent report feeling comfortable using gen AI at work. Zoomers’ confidence in using gen AI may not be surprising, since many began using gen AI in school (a trend that shows no signs of abating).Now that a majority of managers in the workforce are millennials, they have a real opportunity to create change. To boost organization-wide confidence in learning how to use AI—and thus increasing the adoption of it—millennial managers (and managers of all ages, really) can consider a few actions, according to McKinsey’s Global Managing Partner Bob Sternfels and Senior Partner and CFO ﻿Yuval Atsmon:

Encourage, don’t dictate. Rather than outlining precisely how employees should use AI, managers can encourage their direct reports and colleagues to experiment with AI in creative—and ideally transformative—ways. According to Sternfels, one company’s customer service teams were using AI chatbots to draft responses to customers, often dramatically reducing their response times. Some managers, worried about security or governance, shut down those experiments; other managers, meanwhile, studied what made them successful, refined the approaches, and helped scale them. In short: Nurture what’s already growing.

Last year, nearly half of global airlines generated returns that exceeded their overall costs.﻿

﻿Say ‘(A)I do.’ Some nearly-weds are using gen AI to streamline their wedding vows. [NYT]

"
"5","Three ways Gen Zers can make AI work for themselves",2025-07-29,"/~/media/mckinsey/email/genz/2025/07/2025-07-29b.html","For the recent college graduates who haven’t found their first jobs yet: You’re not alone. In the United States, the job market for recent graduates is the toughest it has been in years—no surprise to Gen Zers who are applying into the void.","Brought to you by Alex Panas, global leader of industries, & Axel Karlsson, global leader of functional practices and growth platforms

Welcome to the latest edition of Mind the Gap. We hope you find our perspectives useful. Let us know what you think at Alex_Panas@McKinsey.com and Axel_Karlsson@McKinsey.com.

—Alex and Axel

For the recent college graduates who haven’t found their first jobs yet: You’re not alone. In the United States, the job market for recent graduates is the toughest it has been in years—no surprise to Gen Zers who are applying into the void. Data from other countries, including the United Kingdom and South Korea, also point to challenges, though not always for the same reasons.In a recent episode of McKinsey Talks Talent, McKinsey Senior Partner Brooke Weddle and Partner Bryan Hancock spoke with Indeed’s chief economist, Svenja Gudell, who says that one word sums up today’s labor market: uncertainty. Gudell points out that for companies, aging workforces, macroeconomic fluctuations, and ﻿the rise of AI are colliding to create more questions than answers about whether and whom to hire. She confirms what many Zoomers are likely experiencing: There are fewer available internships and entry-level positions, and part-time positions are more prevalent than full-time jobs. Taken together, this means that young job seekers may face an exceptionally competitive and fragmented labor market, in which access to early work experience could require more persistence, flexibility, and creativity than in previous years.As AI reshapes the roles companies hire for, the skills employers seek, and the way work gets done, there is some good news. “I think this is the first time we’ve seen a disruption be not only the disruptor but also potentially the vehicle to help you live through that disruption,” Gudell says.For Gen Zers, getting ahead means embracing AI—no matter their educational backgrounds. Here are three ways that Zoomers can take advantage of and align themselves with AI trends to stay a few steps ahead of job market changes:

Move toward emerging roles and fieldsBig leaps in technological development are always accompanied by the creation of new jobs. In the case of gen AI and agentic AI, there’s been an uptick in the need for prompt engineers, AI auditors, AI translators, and “consistency coordinators.” Meanwhile, emerging “arenas of competition” (or sectors that are likely to see high growth and dynamism over the next several years) include cybersecurity, future air mobility, modular construction, nonmedical biotechnology, and drugs for obesity and related conditions.

Give your résumé an AI upgradeRésumés are still critical to the job application process. But Gudell suggests exploring non-PDF mediums, such as a customized website. Using AI-based website builders is a particularly innovative way for candidates to demonstrate their AI skills even before a first interview. It can also showcase creativity, a high-priority skill in the AI age.

Upskill with AI in mindThe increasing use of AI at work means that employers are prioritizing new skills when they hire, and the focus on AI is not specific to any one sector. Employees across industries will need to upgrade their skill sets—which is lucky for Gen Zers, who are likely to take an interest in upskilling if it means getting a better job. One McKinsey survey found that 63 percent of workers aged 18 to 24 and 53 percent of those aged 25 to 34 were eager to upskill (and at higher rates than their older colleagues). At the same time, Zoomers should keep in mind that other qualities are also in high demand: for example, the ability to evaluate data and having strong social and emotional skills.

Workers are adopting AI technology faster than many of their leaders realize.

Stare masters. This Gen Z behavior highlights a generational divide—as well as what happens when social skills are underdeveloped. [NYT]

"
"6","What the summer internship search taught one Gen Zer",2025-07-15,"/~/media/mckinsey/email/genz/2025/07/2025-07-15b.html","“Who here feels positive about the economy?” one of my college professors asked our class last year. No response. “Negative? Unsure?” Then, nearly every student in the hall—including me—lifted their hand into the air.","Brought to you by Alex Panas, global leader of industries, & Axel Karlsson, global leader of functional practices and growth platforms

Welcome to the latest edition of Mind the Gap. We hope you find our perspectives useful. Let us know what you think at Alex_Panas@McKinsey.com and Axel_Karlsson@McKinsey.com.

—Alex and Axel

This edition of Mind the Gap comes to you from McKinsey Global Publishing intern (and Gen Zer) Abby Shewmaker.

“Who here feels positive about the economy?” one of my college professors asked our class last year. No response. “Negative? Unsure?” Then, nearly every student in the hall—including me—lifted their hand into the air.Some cited a labor market they perceived to be stagnant, student loan debt, and inflation as contributing factors to their economic anxiety (it’s no surprise that “recession indicator” memes abound). For many of us, it feels like there’s an “end to predictable progress.” Meanwhile, gen AI’s proliferation is leading Gen Zers to pursue “AI-proof” trade professions.Next, my professor pointed to a disconnect: Research shows Gen Z workers in the United States are paid more, are more educated, and experience higher levels of employment than previous generations. Indeed, those findings are echoed in a recent report on consumer behavior from McKinsey Senior Partner Becca Coggins and her coauthors.Still, my classmates and I treated the internship search like an endurance sport. We scrolled through summer job postings online and applied to dozens of positions, vying for what could be a life-changing opportunity—no matter how unlikely it seemed we’d hear back. We passed around the same black blazer for interviews, celebrated wins, and consoled each other after losses. Despite our frustrations, we viewed the coveted summer internship as a one-way ticket to financial security and upward mobility (assuming we also could land the elusive return offer once the internship ended).After the turbulence of the past five years, not to mention the shifting workforce dynamics— thanks in part to the explosion of remote work and gen AI and agentic AI—Gen Zers like me are looking for some stability. As a result, I narrowed my internship search to jobs in growing fields. Perhaps this pragmatism is all just part of growing up. But when it feels like the world is changing at light speed, the search for steady ground becomes more appealing.That’s why so many students cling to the hope that they can land a summer internship. Tales of college seniors who successfully turned their three-month stints into full-time jobs spread faster than the latest dance craze on social media. Stories about job satisfaction after that return offer, however, aren’t nearly as prevalent. Securing a postgraduation job offer feels like crossing the finish line when it’s actually the warm-up lap.In the end, I did find a summer internship. It’s been eye-opening, particularly as I learn how to experiment with AI in the workplace. Interning is just the beginning, of course, not the apex of what I will accomplish over the course of my working life.Over the past few months, I’ve realized that the focus on landing your first job creates a singular view of success, one that revolves around financial milestones and security. It’s not wrong to crave that security, but for me, this perspective has been limiting. In my view, success for Gen Z means being willing to take risks, expanding the scope of possible career paths, and learning to evolve with the job market.That thought doesn’t fill me with anxiety, though. It fills me with hope.

Compared with the average worker, those with jobs in computers and mathematics, business and financial operations, and management prefer hybrid and fully remote work at higher rates.

#Dumbphone. Mobile devices and other “nostalgia tech” that were popular in the early aughts have made a resurgence on social media. [NYT]

"
"7","How to capture Gen Z’s attention",2025-07-01,"/~/media/mckinsey/email/genz/2025/07/2025-07-01b.html","For Gen Z especially, media multitasking is the norm. It is so prevalent in people’s professional and personal lives that, on average, Americans of all ages now spend roughly 13 hours a day engaging with media. That’s just one finding in a new report about the attention economy from McKinsey Senior Partners Kabir Ahuja and Marc Brodherson and coauthors, who developed an “attention equation” to measure the true value of consumers’ time spent with media.","Brought to you by Alex Panas, global leader of industries, & Axel Karlsson, global leader of functional practices and growth platforms

Welcome to the latest edition of Mind the Gap. We hope you find our perspectives useful. Let us know what you think at Alex_Panas@McKinsey.com and Axel_Karlsson@McKinsey.com.

—Alex and Axel

“Another day of staring at the big screen while scrolling through my little screen as a reward for staring at the medium screen all week,” or so the meme goes. The joke about the big-little-medium screens has made the rounds for years, and for good reason: It’s a sharp take on our hyperdigital lives. We bounce among TVs, phones, and laptops day after day, often using one screen to “take a break” from another. For Gen Z especially, media multitasking is the norm. It is so prevalent in people’s professional and personal lives that, on average, Americans of all ages now spend roughly 13 hours a day engaging with media. That’s just one finding in a new report about the attention economy from McKinsey Senior Partners Kabir Ahuja and Marc Brodherson and coauthors, who developed an “attention equation” to measure the true value of consumers’ time spent with media.In today’s media-saturated world, capturing eyeballs isn’t enough to fully capture consumer attention. Instead, brands need to earn “valuable attention,” which the report identifies as a mix of focus (how deeply someone is engaged with content) and intent (why they’re engaging in the first place).That means that anyone with a stake in the attention economy—brands, but also influencers and platforms—can no longer rely on long-used metrics (such as impressions, time spent, or audience size) to determine whether consumers are engaged enough to buy their product or service. A scroll isn’t always a signal, and a click doesn’t guarantee connection, especially with Gen Z. After surveying more than 7,000 people globally, the authors found that Gen Zers aren’t less focused than other consumers; they’re just focused on different things. Consider this: Gen Z and boomers report similar levels of average attention, but where that attention goes varies. For Gen Z, peak focus happens during video games; for boomers, it’s while reading the newspaper. The biggest gap? Live sports. Boomers are locked in at the stadium, while Gen Z is a bit more focused when they watch from the couch. For Gen Z, how they engage also depends on why they’re engaging in the first place. Sometimes they’re consuming media as passive entertainment. Other times, they are trying to learn, connect with others, or seek inspiration. Understanding their purpose for consuming media is critical to meeting them in the right moment with the right message.Three rules can help players in the attention economy better reach Gen Z:1. Context is everythingTailor messaging to the moment. The report found that if an advertisement resonates with a consumer (for example, a consumer thinks, “This ad is meant for me”) and the context in which it’s placed makes sense (for example, a funny ad appears alongside a funny show), the ad has a better chance of driving sales compared with an ad that doesn’t do this.2. Rethink segmentationInstead of treating Gen Z as one big group (it’s standard practice to segment media consumers by demographics, income, and spend), it’s better to segment them based on their underlying attitudes and beliefs. The research identified seven distinct consumer segments based on Gen Zers’ perspectives on content consumption; among them: entertainment omnivores, immersion seekers, tech-savvy legacy viewers, and free-content browsers. 3. Look for underpriced pockets of high focusWherever the value of attention is greater than the cost of advertising, there’s an opportunity to advertise in new ways that resonate with Gen Z (particularly in video games). But these ads should not affect the consumer experience.The winners in this new attention equation? Not those who shout the loudest but those who show up in the right places and engage meaningfully with their audiences.

A McKinsey survey found that 90 percent of customers are willing to wait at least two to three days for their deliveries if the shipping is free.﻿

The AI gender gap. Women are more likely to work in jobs and fields that could be automated—and they’re also less likely to adopt AI than men. It’s time to change that, writes this author. [FT]

"
"8","Gen Z is on track to be the wealthiest generation",2025-06-17,"/~/media/mckinsey/email/genz/2025/06/2025-06-17b.html","In the five years since the COVID-19 pandemic began, so much about the world has changed—especially for Gen Zers, many of whom have gotten their first jobs during that time and have increased their spending.","Brought to you by Alex Panas, global leader of industries, & Axel Karlsson, global leader of functional practices and growth platforms

Welcome to the latest edition of Mind the Gap. We hope you find our perspectives useful. Let us know what you think at Alex_Panas@McKinsey.com and Axel_Karlsson@McKinsey.com.

—Alex and Axel

In the five years since the COVID-19 pandemic began, so much about the world has changed—especially for Gen Zers, many of whom have gotten their first jobs during that time and have increased their spending.For consumer brands and retailers, understanding Gen Z consumers and their spending behaviors presents a host of opportunities. That’s one of five takeaways that McKinsey Senior Partner Becca Coggins and coauthors identify in the State of the Consumer 2025 report, which focuses on the biggest consumer shifts that have emerged since 2020.Gen Zers are projected to make up not only the largest but also the wealthiest generation in history. The authors note that in the United States, the average 25-year-old Gen Zer has a household income of $40,000, which is 50 percent higher than the average baby boomer’s income was at the same age (accounting for government transfers, inflation, and taxes). Gen Z spending is also growing twice as fast as previous generations’ spending did at the same age and is expected to eclipse baby boomers’ spending globally by 2029, according to the report.These data are compelling, to be sure, but there’s more to the story. While they may have cash in their pockets, Gen Zers across the world say they feel stressed about their finances (contributing to this stress are a sustained period of high inflation, increased living costs, and high levels of student debt). Their concerns about money have also affected how they view life stage milestones, the State of the Consumer research finds. Gen Zers are less likely than older generations to define themselves according to whether they get married or have children and are much more likely to define themselves based on achievements related to financial security (such as career success and wealth creation).Despite their financial worries, Gen Zers still prioritize spending, the report finds. They are more willing than older consumers to splurge and take on debt. Additionally, they are more inclined to buy on credit (13 percentage points higher than other generations on average) and to use “buy now, pay later” services (especially Gen Zers in China, India, and the United Arab Emirates).To seize the Gen Z opportunity, consumer-facing businesses can create and communicate about products and services that Gen Zers deem splurge-worthy—which usually means it’s on trend or a Zoomer’s peers have talked about it. To that end, investing in AI and machine learning tools to help develop a better understanding of what Gen Zers value is key, Coggins and her coauthors find. One thing Zoomers will pay a premium for, for instance, is convenience.Gen Zers are not just coming of age; they’re coming for the checkout with unprecedented spending power.

The size of global working-age populations is expected to peak in three waves—and the first is nearing its end.﻿

Stage presence. Broadway’s latest act: mirroring Gen Z. [AP]

"
"9","Why Gen Zers are wellness ‘maximalists’",2025-06-03,"/~/media/mckinsey/email/genz/2025/06/2025-06-03b.html","From supplement stacking to sleep tracking, Gen Zers are helping to rewrite the rules of the $2 trillion global wellness industry.","Brought to you by Alex Panas, global leader of industries, & Axel Karlsson, global leader of functional practices and growth platforms

Welcome to the latest edition of Mind the Gap. We hope you find our perspectives useful. Let us know what you think at Alex_Panas@McKinsey.com and Axel_Karlsson@McKinsey.com.

—Alex and Axel

From supplement stacking to sleep tracking, Gen Zers are helping to rewrite the rules of the $2 trillion global wellness industry.That’s one of the main takeaways from a new report by McKinsey Partner Anna Pione and coauthors. Their research finds that younger consumers—especially Gen Zers and millennials—are not only disproportionately driving wellness spending but also redefining it. In a survey of more than 9,000 consumers across China, Germany, the United Kingdom, and the United States, nearly 30 percent of US Gen Z and millennial respondents say they are prioritizing wellness “a lot more” than they were a year ago, compared with up to 23 percent of older generations. These findings, which are similar across geographies, translate into dollars spent. In the United States, Gen Z and millennials account for 36 percent of the adult population but 41 percent of annual wellness spending. Compare that with consumers aged 58 and older, who make up 35 percent of the population but only 28 percent of wellness spending in the United States. This shift is reshaping the entire consumer health industry and expanding the scope of what counts as “wellness.” While older generations might equate wellness with the core components of physical health, Gen Z consumers see it as a 360-degree approach to living better that includes dimensions such as sleep, mindfulness, and even appearance (hello, “skin cycling” and collagen gummies). Younger consumers are also more likely than other age groups to be what Pione and team call “maximalist optimizers.” These are digitally savvy consumers who experiment with a wide range of health and wellness products and conduct extensive research to discover what works best for them. They’re into functional nutrition (think food and beverage products that promote increased energy levels, better gut health, stronger immune systems, and improved muscle, bone, and joint support); cosmetic procedures and antiaging treatments; and, despite their relative youth, longevity-focused products and services.As Gen Zers continue to age, one question looms: Will they settle into the same basic wellness routines as the generations that preceded them, or will their preferences reshape the category for everyone else? While some of their purchases are connected to specific life stages, the report finds that consumers in all age groups are spending on products and services beyond what might be considered a core wellness product or service for their age group.For instance, younger generations are more likely than others to travel more than two hours for trips intended to improve their mental, physical, or spiritual well-being. However, these types of wellness retreats are also being targeted to retirees, the report finds, suggesting that other wellness preferences of today’s younger consumers could become mainstream across different age groups.To Zoomers—and, increasingly, to everyone else—wellness is no longer just about living longer; it’s about living better. And while Gen Zers are more willing than other age groups to spend on certain wellness goods and experiences, they’re also looking for value. For companies, that means that product quality and efficacy are important purchase considerations for this cohort. In the wellness world, hype fades fast—but results don’t.

More than three-quarters of Gen Zers in Europe purchase on-the-go food at least once a month, far more often than older shoppers do.

Dry me a river. What does “dry texting” have to do with conflict-averse teens? [Vox]

"
"10","This generation is opting into office life",2025-05-20,"/~/media/mckinsey/email/genz/2025/05/2025-05-20b.html","Here’s what you might expect from the usual discourse around return-to-office policies, based on generational stereotypes: Senior leaders want in-person attendance; younger employees demand flexibility. But the data tell a different story.","Brought to you by Alex Panas, global leader of industries, & Axel Karlsson, global leader of functional practices and growth platforms

Welcome to the latest edition of Mind the Gap. We hope you find our perspectives useful. Let us know what you think at Alex_Panas@McKinsey.com and Axel_Karlsson@McKinsey.com.

—Alex and Axel

Here’s what you might expect from the usual discourse around return-to-office policies, based on generational stereotypes: Senior leaders want in-person attendance; younger employees demand flexibility. But the data tell a different story.The youngest workers in the US labor force—those aged 18 to 24—are actually the least enthusiastic about remote work, according to new research from McKinsey Senior Partner Nora Gardner and coauthors. Only 36 percent said they preferred it, compared with 59 percent of 25-to-34-year-olds. It’s a counterintuitive trend, especially in a world where hybrid and remote work are often framed as essential to attracting the next generation of talent. (While the research surveyed US workers, there’s evidence that Gen Zers are leading the return-to-office push in other countries, such as the United Kingdom.)So, what’s going on?For early-career employees, work isn’t just about task execution—meaningful work matters, which means that learning the ropes and building networks do, too. These are things that can be harder to achieve through a computer screen (plus, that would-be great office outfit makes an appearance only from the neck-up on a video call).But here’s the rub: While younger workers may be less drawn to fully remote work, they’re also the least likely to have access to flexible arrangements. Research shows a notable gap—about 20 percentage points—between how much remote work they want and how much they get, which is the largest such gap across all age groups.Meanwhile, more experienced employees—often with families and established professional networks—are leaning into remote. Many have more leverage to do so: Workers over 25, those with higher incomes, and those with advanced degrees are more likely to have access to remote work.This gap creates a new tension: How do organizations bring younger employees on-site to support their growth while ensuring that senior colleagues are there to offer mentorship?Some companies are rethinking how they co-locate. “Anchor weeks,” for example, bring everyone together periodically for targeted collaboration and training. Some are opting for purposeful in-person moments—onboarding, project kickoffs, and leadership development programs—rather than daily presence.By the way, five days in-office may be the norm for some companies, but not all: On average, workers are going into the office less than they did before the pandemic. Real estate companies have a role to play too: By reimagining office locations, incorporating experiential elements, and offering flexible leases, they can help companies experiment with operating models and ease the tension between return-to-office evangelists and stay-at-homers.As for employers, the key isn’t simply mandating time in the office. It’s articulating why it matters. For Gen Z, that “why” often revolves around mentorship, community, and career progression. But for those benefits to materialize, experienced colleagues need to show up too. PSA: Physical presence does not guarantee impact; purposeful in-person presence can be just as powerful as dedicated moments of virtual collaboration and mentorship.Flexibility remains a top driver for job seekers, alongside compensation and advancement opportunities. Organizations that offer tailored, purpose-driven hybrid models may be better positioned to bridge the generational gap and build stronger, more connected teams.

In Europe, children of highly educated parents are three times as likely as peers with less educated parents to achieve high levels of education themselves.﻿

﻿Exhibit Z. Five charts offer a snapshot of Gen Z’s economic and social POV. [Bloomberg]

"
"11","What happens when mental health gets an ops upgrade?",2025-05-06,"/~/media/mckinsey/email/genz/2025/05/2025-05-06b.html","If something about your social media feed feels familiar, you’re not imagining it. The Ice Bucket Challenge—yes, this one—is back. And this time, it’s being reimagined to raise funds for mental health causes, bringing 2014 energy to a very 2025 issue.","Brought to you by Alex Panas, global leader of industries, & Axel Karlsson, global leader of functional practices and growth platforms

Welcome to the latest edition of Mind the Gap. We hope you find our perspectives useful. Let us know what you think at Alex_Panas@McKinsey.com and Axel_Karlsson@McKinsey.com.

—Alex and Axel

If something about your social media feed feels familiar, you’re not imagining it. The Ice Bucket Challenge—yes, this one—is back. And this time, it’s being reimagined to raise funds for mental health causes, bringing 2014 energy to a very 2025 issue.The updated challenge may coincide with May being Mental Health Awareness Month. But mental health has been in the zeitgeist for several years, particularly as Gen Zers come of age. As we noted in the last edition of Mind the Gap, Zoomers report worse health than other generations across all aspects, including physical and mental well-being. And Gen Zers are not shy about expressing their mental health needs. According to a recent survey, more than half of Gen Z workers said they would be willing to take a pay cut if it meant their employers prioritized mental health and well-being in the workplace. Most organizations offer some kind of well-being program, but many workers continue to feel overwhelmed.Prioritizing employee mental health isn’t just altruistic. In addition to improving an individual’s health outcomes, it can increase employee productivity, reduce attrition, and boost the global economy. That’s particularly important for younger employees, since more than half of the mental health disease burden affects people under 40 years old, according to new analysis from McKinsey Partners Erica Coe and Kana Enomoto and coauthors.   This means that the sooner individuals have access to interventions for mental health conditions, the better the outcomes on health, workplace engagement, and even the broader economy. Coe, Enomoto, and their coauthors note that every dollar invested in expanding mental health interventions could generate an economic return of up to $6 in global GDP growth.While the report focuses on improving mental health at the country level, there’s plenty to be done in the private sector as well. To help improve employee mental health, an organization’s leaders can apply what’s known as “operational excellence” to their mental health offerings. Operational excellence is a framework used to streamline an organization’s operations, build flexibility, and foster continuous organizational improvement. Its tenets have been applied to everything from higher education to biopharmaceuticals. Employers can take several actions to apply operational excellence to their mental health offerings. (Side note: While many of these ideas took center stage at the height of the pandemic, we also know they remain best practices today, especially as employees recalibrate to life back in the office.)

Structure processes and management systems: This approach includes scheduling regular employee check-ins, baking individuals’ recovery time into project timelines, and training managers to spot early signs of burnout. Helping employees to understand the boundaries of their role or how they can advocate for themselves at work—also known as self-efficacy—is another important driver of holistic health. Ultimately, the goal is to create systems that support mental health—not just rely on individual managers to figure it out. Workflows that are designed with well-being in mind (such as no-meeting Fridays, quiet hours, and realistic deadlines) can help reduce the stress that may compound over time.

Create offerings with real value: In operations, systems are optimized to reduce waste and create stakeholder value. For mental health, that means replacing one-size-fits-all wellness programs with flexible resources employees can actually use—from teletherapy to mental health days and manager support guides.

Make technology an asset: Research-based AI-powered mental health apps, pulse surveys that track team well-being, and bots that prompt employees to reflect or take breaks could all work together to improve employee mental health. When technology is used thoughtfully, it can help organizations scale support and offer real-time insights into how employees are doing.

To be sure, companies can operationalize mental health, but doing so at the individual level could be more harmful than helpful. For some employees, operationalizing their well-being might feel like just another box to check during a workday already full of pings, performance goals, and pressure. Done poorly, it can make burnout worse, not better.That’s why the real aim isn’t to systematize emotions, it’s to create the conditions that allow people to do their best work and take care of themselves while doing it.

﻿By 2050, the share of a country’s population that’s older than 65 will be highest in South Korea and Japan. Globally, most older adults report wanting to live in their own homes.

﻿Gap years. Boys are falling behind girls in school much earlier than one might think, which affects their career trajectories in adulthood. [Bloomberg]﻿

"
"12","The Gen Z guide to navigating economic uncertainty",2025-04-22,"/~/media/mckinsey/email/genz/2025/04/2025-04-22b.html","It doesn’t take an economics degree to understand that global markets are roiling. “Volatility,” “uncertainty,” and “tariffs” have become common buzzwords around the world. For Gen Zers, the current economic environment may be understandably confusing. What are tariffs? What is happening with inflation? And how will these forces affect my job prospects?","Brought to you by Alex Panas, global leader of industries, & Axel Karlsson, global leader of functional practices and growth platforms

Welcome to the latest edition of Mind the Gap. We hope you find our perspectives useful. Let us know what you think at Alex_Panas@McKinsey.com and Axel_Karlsson@McKinsey.com.

—Alex and Axel

It doesn’t take an economics degree to understand that global markets are roiling. “Volatility,” “uncertainty,” and “tariffs” have become common buzzwords around the world.For Gen Zers, the current economic environment may be understandably confusing. What are tariffs? What is happening with inflation? And how will these forces affect my job prospects?While Zoomers came of age during the COVID-19-era downturn, many were not yet part of the labor force. Now that more Gen Zers are employed (or trying to get hired), they probably have questions about what all these fast-flying, whiplash-inducing headlines about the global economy mean for them.Today’s economic signals are mixed, and uncertainty remains high, especially with respect to tariffs and trade. According to a McKinsey Global Survey fielded in March, global executives perceive trade policy changes and geopolitical instability as the most disruptive forces in the global economy. In fact, the share of respondents citing trade-related changes as a risk to the global economy has more than doubled over the past six months and is now equal to the share pointing to geopolitical instability. McKinsey Senior Partner Sven Smit and coauthors also find that since the previous quarter’s survey, increased economic volatility and inflation—or the broad rise in prices of goods and services—have become more acute concerns among executives. Amid all this uncertainty, there are a few things companies can do to help Gen Zers. Organizations have to mind their bottom line, of course. But they also need to foster an environment that supports employees’ well-being. Fortunately, they don’t need to make big investments in employee health to have a meaningful impact. Businesses that take measures to improve employee health stand to perform better than others, a finding that is especially relevant for Gen Z employees. Compared with older workers, Zoomers report being less healthy across all aspects of health, including physical and mental well-being. Improving employee health means reducing presenteeism, which is when people are at work but not performing at their full potential. Doing so can increase productivity, which in turn can lead to greater economic output. Gen Zers can help themselves by practicing resilience, which is especially important for a group whose career paths are already littered with potholes. One way is to assess one’s own skills, as tech skills and soft skills (which include self-awareness, entrepreneurship, and fostering teamwork effectiveness) are both crucial for climbing the career ladder, according to McKinsey research.It also pays to be strategic. Pursuing a career in fields where there is a shortage of skilled workers—such as manufacturing, which Zoomers say they are open to—could help improve the odds of finding a job. In the United States, the healthcare, science, technology, and engineering sectors represent growth areas (nurses and home healthcare aides are two of the fastest-growing occupations, for example). A lack of predictability can be destabilizing, which can lead many people to resist change. This is what Jacqueline Brassey, director of research science at the McKinsey Health Institute, and Senior Partner Aaron De Smet—both coauthors of the book Deliberate Calm: How to Learn and Lead in a Volatile World—identify as the “adaptability paradox.” When people most need to learn and change, they stick to what they know, in ways that can stifle learning and innovation. The authors also note that adaptability is the critical success factor during periods of transformation and systemic change.When it comes to economic volatility, Gen Zers may not be able to control the wind, but they can adjust their sails.

Globally, companies spend three times as much on talent as they do on capital. But viewing talent only as a cost—and not an investment—is shortsighted.

Creator mode. Superusers on this platform are redefining the archetypal influencer. [FT]

"
"13","What does the European dream look like for Gen Zers?",2025-04-08,"/~/media/mckinsey/email/genz/2025/04/2025-04-08b.html","People love to talk about the American dream—the idea that everyone in the United States has the opportunity to succeed. But what about the European dream?","Brought to you by Alex Panas, global leader of industries, & Axel Karlsson, global leader of functional practices and growth platforms

Welcome to the latest edition of Mind the Gap. We hope you find our perspectives useful. Let us know what you think at Alex_Panas@McKinsey.com and Axel_Karlsson@McKinsey.com.

—Alex and Axel

People love to talk about the American dream—the idea that everyone in the United States has the opportunity to succeed. But what about the European dream? Realizing these dreams, whether on one side of the Atlantic or the other, means that people can become more educated, have access to better housing, and earn more income than their parents did before them. Economists call this “social mobility,” and it is a contributing factor to a country’s growth. In Europe, though, Gen Zers may have a harder time moving up the socioeconomic ladder than their parents did. While Europe was once a leader in social mobility, progress has stagnated over the past decade, according to new research from McKinsey Senior Partners Massimo Giordano and Tania Holt and their coauthors. Additionally, as Europe’s population ages and its businesses need new skills, the pools of available talent are dwindling—and fast. In late 2024, the European Union’s job vacancy rate was approximately 39 percent higher than its 20-year average. Together, these forces could make life more difficult for individuals in Europe and could damage European economies more broadly.Take Italy, one of three countries in Europe on which the authors focused their research. They found that Italy has more significant social-mobility challenges than both the United Kingdom and Germany. Youth unemployment is a notable issue: At 22 percent, Italy’s youth unemployment rate is among the European Union’s highest (compared with a global average of 13 percent). What’s more, economic obstacles and social prejudices in Italy mean that individuals from lower socioeconomic backgrounds (SEBs) have more difficulty accessing top secondary schools and universities. Across Europe, the research found that socioeconomic status can affect one’s educational achievement as well as employment access and access to high-skill jobs.Businesses can play a key role in helping Gen Zers in Italy—and across Europe—achieve greater social mobility. Outreach and mentorship can guide university students from lower SEBs to set aspirations and navigate the start of their careers. These actions can also create a talent pipeline for organizations, helping them compete over the long term. There’s also a real need for increased mentorship and sponsorship opportunities: The authors’ research found that employees from lower SEBs, especially those 35 years old and younger, highly value these opportunities. But allies take other actions, including publicly supporting economic equality within an organization, more often than they provide mentorship and sponsorship.  Internships are another tool businesses can use to promote social mobility—though it makes a difference whether these positions are paid or not. In the United Kingdom, for example, one in five internships is unpaid. But people from lower SEBs cannot afford to accept unpaid internships, which exacerbates the employment gap between those who may have financial security and those who do not.It’s easy to say that internships must be paid, but it’s another thing for businesses to find the resources to fund them. To support employees without making large resource commitments, businesses can partner with nonprofit organizations. One such program in the United Kingdom, called Big City Bright Future, helps young people from disadvantaged neighborhoods access education, employment, and work-based training.If Europe wants to reclaim its status as a leader in social mobility, it will take a coordinated effort among businesses, governments, and communities to break down current barriers and invest in the next generation. When a country lifts up its youngest members, it builds a stronger future for everyone.

In the United States, Gen Zers were the most likely to say they intended to splurge over the next three months.

Generation ghosted. For most of their adult lives, Gen Zers have become all too familiar with rejection in both work and dating. [Business Insider]

"
"14","Gen Z to healthcare companies: It’s time for a checkup",2025-03-25,"/~/media/mckinsey/email/genz/2025/03/2025-03-25b.html","CEOs of consumer-facing businesses love to say they are “customer obsessed.” But can the same be said of companies in the healthcare sector? While US consumers have the same expectations for their healthcare experiences as they do for other goods and services, there’s room for many healthcare organizations to improve how they prioritize the consumer experience, according to a new article from McKinsey Partner Jenny Cordina and coauthors.","Brought to you by Alex Panas, global leader of industries, & Axel Karlsson, global leader of functional practices and growth platforms

Welcome to the latest edition of Mind the Gap. We hope you find our perspectives useful. Let us know what you think at Alex_Panas@McKinsey.com and Axel_Karlsson@McKinsey.com.

—Alex and Axel

CEOs of consumer-facing businesses love to say they are “customer obsessed.” But can the same be said of companies in the healthcare sector? While US consumers have the same expectations for their healthcare experiences as they do for other goods and services, there’s room for many healthcare organizations to improve how they prioritize the consumer experience, according to a new article from McKinsey Partner Jenny Cordina and coauthors. They found that factors including convenience, cost transparency, affordability, and trust each play a role in whether dealing with healthcare payers or providers is great—or grueling. To better understand US consumers’ healthcare experiences, the authors surveyed respondents across all age groups. They found that Gen Zers were often more sensitive than others to inconveniences, including long wait times or opaque pricing.For example, booking appointments with a preferred healthcare provider can be challenging for anyone. But Gen Zers were more likely than older generations to seek a walk-in appointment at a clinic or urgent care center when they couldn’t see their preferred doctor (31 percent versus 19 percent). Another factor Gen Zers value more than other generations is cost transparency. In the healthcare survey, about half of Gen Z respondents said they looked up provider pricing ahead of time, compared with 38 percent of consumers of all ages. (Across all age groups, 76 percent of consumers said they choose a lower- or medium-cost option when they know the cost of care.) This is no surprise, given the financial difficulties many Zoomers face. In McKinsey’s most recent US consumer sentiment survey, many Gen Z respondents felt financial strain, with fewer reporting income gains and more indicating that they dipped into their savings at higher rates. And while many Gen Zers might distrust big corporate, cultural, and government institutions in the United States, physicians are still consumers’ most trusted source for health information. Even so, compared with the other ages surveyed, a smaller proportion of Gen Z respondents said they trust hospital systems and doctors (50 percent of Gen Zers versus 64 percent overall). Of those Gen Z respondents, 29 percent trusted health and wellness apps for information, 23 percent consulted social media, and 34 percent turned to family or friends.What’s the prescription for healthcare players? Leaders should look to other sectors—including retail and tech—for inspiration to solve consumer experience pain points and build trust with Gen Zers. For example, offering discounted nonurgent appointments during off-peak times, similar to off-peak discounts on ridesharing services, could appeal to cost-conscious Zoomers. On average, US consumers reported low to medium satisfaction in their healthcare journeys. The healthcare players that focus on helping consumers understand benefits, get coverage, and pay for care can improve overall satisfaction rates. Not a bad prognosis.

Millennials are the most active gen AI users. As managers, they can help their teams build their own AI skills.

Treatment plan. What’s the harm in a “little treat”? [AdAge]

"
"15","When do Gen Z’s earnings diverge by gender?",2025-03-11,"/~/media/mckinsey/email/genz/2025/03/2025-03-11b.html","A new McKinsey Global Institute report by McKinsey Senior Partner Kweilin Ellingrud and coauthors finds that differences in work experience account for 80 percent of the disparity between men’s and women’s pay.","Brought to you by Alex Panas, global leader of industries, & Axel Karlsson, global leader of functional practices and growth platforms

Welcome to the latest edition of Mind the Gap. We hope you find our perspectives useful. Let us know what you think at Alex_Panas@McKinsey.com and Axel_Karlsson@McKinsey.com.

—Alex and Axel

There could be more to the gender pay gap than you might think.A new McKinsey Global Institute report by McKinsey Senior Partner Kweilin Ellingrud and coauthors finds that differences in work experience account for 80 percent of the disparity between men’s and women’s pay. This means that over a 30-year career, a woman could make nearly half a million dollars less than a man would.﻿It may seem obvious that different work experiences lead to divergent earnings. But what is less clear are the factors that contribute to these differences in experiences in the first place—especially when you consider that women graduate from college at higher rates than men and change jobs at the same rate.According to the report, women are more likely than men to move into lower-paying roles and to work fewer cumulative years. This is because women tend to take longer or more frequent career breaks, have a higher rate of part-time roles, or work fewer hours. And while women are just as willing as men to enter unfamiliar career territory—which is a good thing for their long-term earnings—men are still more likely to move into jobs with higher average pay. (To be sure, the report is based largely on averages, with variances apparent across different occupations and education levels, and is skewed toward respondents who work in typical office jobs.)Despite efforts to decrease the gender pay gap at the institutional level, the research suggests this gap could persist. By 2030, a higher proportion of men will work in growing fields—such as STEM—compared with women, who are overrepresented in “shrinking” fields, such as office and administrative support. And growing fields equals higher pay.Companies have an important role to play in creating opportunities for all employees to build skills, which leads to better job opportunities overall. In the report, Ellingrud and coauthors refer to the companies that do this well as “people + performance winners,” which means they demonstrate exceptional financial performance and increase the lifetime earnings of both their men and women employees.For their part, Gen Z women can make savvy career moves that shrink the pay gap for themselves. Whether they are still looking for their first job or are in the early years of their career, there are five actions that Gen Z women (and men!) should keep in mind, based on the newly published McKinsey book, The Broken Rung: When the Career Ladder Breaks for Women—and How They Can Succeed in Spite of It (which, coincidentally, published today):

Don’t stop the clock. Career gaps can have long-term financial consequences, so maintaining consistent employment—even through flexible arrangements or upskilling—can help reduce future pay disparities.

Know your worth. Early-career salary negotiations set the foundation for future earnings, so it’s critical to negotiate competitive starting salaries and raises.

Sharpen your tech skills. It’s not just the people working in technology fields who need to become technologists. Every person’s career will be affected by technology in some way, so mastering new tools and skills (hello, gen AI!) will distinguish candidates from the rest of the talent market. A good rule of thumb: Set aside 10 percent of your workweek to invest in learning and skill development.

As the authors of The Broken Rung, Ellingrud and Senior Partners Lareina Yee and María del Mar Martínez, put it: “Ultimately, you are in control of where your career is going.”

﻿Prioritizing employee health is good for business, as high well-being scores are linked to stock performance.

Club Zed. For Gen Z, wellness clubs are the new country clubs. [Vogue]

"
"16","Gen Z: Leaders or laggards?",2025-02-25,"/~/media/mckinsey/email/genz/2025/02/2025-02-25b.html","Are leaders born (specifically, between 1997 and 2012) or made? The answer: both. That’s what companies should keep in mind when assessing which of their younger employees will make up the next generation of leaders—especially since in 2025, one in ten managers will be Gen Zers.","Brought to you by Alex Panas, global leader of industries, & Axel Karlsson, global leader of functional practices and growth platforms

Welcome to the latest edition of Mind the Gap. We hope you find our perspectives useful. Let us know what you think at Alex_Panas@McKinsey.com and Axel_Karlsson@McKinsey.com.

—Alex and Axel

Are leaders born (specifically, between 1997 and 2012) or made? The answer: both. That’s what companies should keep in mind when assessing which of their younger employees will make up the next generation of leaders—especially since in 2025, one in ten managers will be Gen Zers. Some of them may seem like natural hand-raisers, doers, and go-getters, but don’t count out the rest of the pack just yet.“We often think we know who the high performers are before we begin building systems for people’s development, continuous learning, and the like,” McKinsey Senior Partner Kurt Strovink said in a recent episode of The McKinsey Podcast. “But one of the interesting things about leadership cultures is, sometimes people rise who you didn’t think were your high-potential folks.”That’s where the “leadership factory” comes into play. In the 1980s, the late Ron Daniel, who was then McKinsey’s global managing partner, coined the term “leadership factory” to describe the process by which people become leaders: They invest their time in other colleagues, provide regular feedback, and share personal and collective insights. While these principles of leadership are still relevant today, McKinsey Global Managing Partner Bob Sternfels and his coauthors built on that concept to identify six traits that leaders need to be able to tackle today’s uncertain environment: optimism, selfless leadership, continuous learning, resilience, levity, and stewardship.Those who have been quick to accuse Zoomers of being ill-prepared for the demands of the workplace might take these perennial leadership lessons to heart. Tomorrow’s strongest leaders can benefit today from onboarding programs for new hires, mentorship and apprenticeship, role modeling, coaching, and other real-world interactions with colleagues. (Remember: Gen Z is the only age group that ranked “career development and advancement potential” as the top reason for taking a new job, a factor they also ranked among their top three reasons to stay in a job, along with workplace flexibility and meaningful work.) “I’ve [had] a lot of [experiences] where I was perhaps not ready to play the role,” McKinsey Senior Partner Daniel Pacthod noted in the same podcast episode, musing about the early career opportunities that he grew into. “When you look back, these are perhaps the moments when you actually learn and develop the most.”

More survey respondents say they prefer remote driving—when an offsite operator uses a simulator to drive a car—over autonomous driving.

The good, the bad, and the AI. What are the implications of being the “chatbot generation”? [Business Insider]﻿

"
"17","For Gen Z, the (dis)engagement rumors are swirling",2025-02-11,"/~/media/mckinsey/email/genz/2025/02/2025-02-11b.html","Valentine’s Day is this week, which means that hopeless romantics around the world are preparing to show the people in their lives how much they care—some are even getting engaged.","Brought to you by Alex Panas, global leader of industries, & Axel Karlsson, global leader of functional practices and growth platforms

Welcome to the latest edition of Mind the Gap. We hope you find our perspectives useful. Let us know what you think at Alex_Panas@McKinsey.com and Axel_Karlsson@McKinsey.com.

—Alex and Axel

Valentine’s Day is this week, which means that hopeless romantics around the world are preparing to show the people in their lives how much they care—some are even getting engaged. The same can’t be said for a lot of Gen Z employees, though.According to a recent Gallup poll, employee engagement is at its lowest level in a decade—and workers younger than 35 are largely responsible for the decline (employee engagement matters because it correlates with both workplace productivity and organizational performance).These results align with earlier McKinsey research, in which more than half of surveyed employees in all age groups reported being relatively dissatisfied with their jobs. In the Gallup poll, Gen Zers reported feeling worse about each of 12 elements of workplace engagement the survey tested: for example, clarity of expectations, personal recognition, sufficient resources to do their work, opportunities to develop, and feeling cared about. Turns out jobs, too, can lead to heartache.These findings coincide with a strong return to office (RTO) push (in related news, “Corpcore” is IN). Plenty of business leaders have advocated for RTO and cite employee engagement as one of the reasons for doing so. But mandating RTO alone isn’t enough to boost employee morale or productivity, says McKinsey Senior Partner Aaron De Smet. Echoing this sentiment in the latest episode of the McKinsey Talks Talent podcast, McKinsey Partner B﻿ryan Hancock observes, “It doesn’t matter where you ask somebody to be. What matters is what you do with them once they’re there.”In the same episode, Hancock and McKinsey Senior Partner Brooke Weddle tease upcoming McKinsey research on the opportunities and challenges in bringing people back to the land of dual monitors and fluorescent lighting. Among the big findings: Burnout rates are similar among employees who are fully remote or fully in-person (around one-third of people feel burned out)—and higher compared with hybrid workers—while across age groups, boomers are most satisfied with a return to the office.“While the world hasn’t ended from massive turnover or massive employee dissatisfaction across the board, companies are introducing a risk into the system—a risk that some of their star performers could leave … as they’re moving back to the office,” Hancock said. To mitigate those risks, companies should invest in collaboration, connectivity, innovation, mentorship, and skill development (the truth is, the same goes for remote and hybrid workplaces).“Let’s be honest. It’s not like collaboration, innovation, and mentorship were all happening perfectly before the pandemic,” Weddle said. “Even if organizations have an existing model, they need to dust it off and say, ‘How does this need to evolve?’”

Gen Zers in Europe are more likely to trade down—switch to less expensive products or postpone purchases—compared with older consumers.

Supper time. Zoomers in London are opting for this “sophisticated approach” to meeting new people and falling in love. [FT]

"
"18","What will retirement look like for Gen Z?",2025-01-28,"/~/media/mckinsey/email/genz/2025/01/2025-01-28b.html","Retirement may be decades away for most Gen Zers, but what the world could look like when they hit retirement age is already taking shape.","Brought to you by Alex Panas, global leader of industries, & Axel Karlsson, global leader of functional practices and growth platforms

Welcome to the latest edition of Mind the Gap. We hope you find our perspectives useful. Let us know what you think at Alex_Panas@McKinsey.com and Axel_Karlsson@McKinsey.com.

—Alex and Axel

Retirement may be decades away for most Gen Zers, but what the world could look like when they hit retirement age is already taking shape.Global demographic changes—specifically, lower fertility rates and longer lifespans—mean the number of older people in the world will increase and the number of younger people will shrink in the decades ahead. According to a new report from the McKinsey Global Institute (MGI), that could spell trouble for economies around the world based on today’s societal and work-related norms.As McKinsey senior partner and MGI chair Sven Smit and his coauthors put it, if no action is taken today, “younger people will inherit lower economic growth and shoulder the cost of more retirees while the traditional flow of wealth between generations erodes.”But don’t despair just yet. Smit and his coauthors identify three ways to combat the drag that shifting demographics may have on future GDP per capita: improving labor intensity (meaning how many hours per week employees are spending on work), productivity, and the “age mix,” or the proportion of people in various age groups at a given time, which can be affected by longevity as well as fertility and migration rates. Pulling only one of these levers won’t be enough to help countries reach their growth goals and raise living standards. All three—more hours, more productivity, and more workers—need to be part of the equation.Consider the labor intensity factor. If countries around the world set growth rate targets in the next 25 years that are based on rates of the past 25 years, the report projects that workers in developed countries would need to increase the number of hours worked per week. In the United States, for example, employees would need to work an additional 1.5 hours every week. That doesn’t seem so bad compared with Spain, where employees would need to add more than 13 hours of working time to their week. (Did we mention Spain is currently embroiled in a debate about shortening the workweek?)Plenty of this may seem like a tomorrow problem, but employers can begin offering solutions today. In China, where Smit and coauthors expect to see a sharper decline in the share of the working-age population—compared with countries such as the United States and Germany—employers are offering family-friendly work policies to encourage people to have more children. To be sure, some of these policies include shortening the workweek, which could complicate things all over again.As for individual Zoomers, they may face another challenge: Accumulating the same level of wealth as today’s seniors could be tricky for them, since public pensions may be difficult to maintain, and more Gen Zers may be living longer in retirement. Some countries are trying to address these potential pension system issues—for example, by tweaking retirement ages.Still, a combination of other steps (again, increasing labor intensity, productivity, migration, and fertility) will be needed to help protect public finances and boost the well-being of Gen Zers as they age—as well as generations beyond. Here’s to you, Gen Beta.

Economic considerations, such as greater yield and additional revenue streams, are among the top reasons farmers around the world adopt sustainable practices.

Ghost or be ghosted? You thought regular “catfishing” was bad? Wait till you hear about “career catfishing.” [Fortune]

"
"19","Three resolutions employers can make to improve Gen Z health",2025-01-14,"/~/media/mckinsey/email/genz/2025/01/2025-01-14b.html","It probably comes as no surprise that health is often top of mind for the dedicated New Year’s resolutioner. This means that Gen Z may be ahead of the game because, for many Zoomers, health has been a hot-button topic all year long.","Brought to you by Alex Panas, global leader of industries, & Axel Karlsson, global leader of functional practices and growth platforms

Welcome to the latest edition of Mind the Gap. We hope you find our perspectives useful. Let us know what you think at Alex_Panas@McKinsey.com and Axel_Karlsson@McKinsey.com.

—Alex and Axel

Top o’ the morn—year to ya! Or maybe the toast à votre santé (“to your health,” in French) is more appropriate. It probably comes as no surprise that health is often top of mind for the dedicated New Year’s resolutioner. This means that Gen Z may be ahead of the game because, for many Zoomers, health has been a hot-button topic all year long.For example: throughout 2024, some Gen Zers sought to beat loneliness by making friends in their workout classes (two birds, et cetera) and were more likely than older workers to take mental health days to deal with stress, and Gen Z men finally started to mind their mental health. (Although they still lagged behind Gen Xers and boomers when it came to scheduling their annual physicals. Consider this a friendly reminder.) But even with mental health days and physicals, Zoomer women reported having the most difficulty prioritizing their health overall compared with women in any other generation, due to a number of factors, such as caregiving duties and a feeling of being overwhelmed in general.This year, business leaders can adopt some resolutions of their own to improve their employees’ health (bonus: those that benefit Gen Zers will help older workers, too):

Make mental health resources more accessible. The relationship between Gen Zer’s mental health and social media is complicated. According to research from McKinsey partner and coleader of the McKinsey Health Institute Erica Coe and coauthors, Gen Zers are more likely than other generations to have negative feelings about social media, but the technology also serves as a platform for their self-expression and social connectivity. To help Gen Zers undergo a mental health reset in 2025, employers can consider making digital resources, such as wellness apps and digital mental health programs, more accessible to employees. (Gen Zers are already more likely than older people to use social media to access mental health resources, making their adoption of other resources more likely.) As for addressing mental health and well-being beyond the digital realm, employers could offer stress management training, physical-wellness programs, office connectivity events, and policies to reduce burnout.

Find new ways to support women’s health. The majority of the $1 trillion women’s health gap—in which women spend more of their lives in poor health than men—happens during women’s prime working years. Some of the causes of this health gap are systemic; for example, women started participating in clinical trials only in the past 30 years, even though sex-based differences can affect whether certain treatments are actually useful for women. In an episode of The McKinsey Podcast, senior partner Lucy Pérez explained why employers should ask themselves whether the business policies they put in place support women’s health, including benefits to support women employees who are going through menopause.

Take a holistic approach to health benefits. Companies have several opportunities to improve employee health. McKinsey senior partner Patrick Simon and coauthors identified six drivers of health at work that employers can shape: social interaction, mindset and beliefs, productive activity, stress, economic security, and sleep. According to the authors, employers should assess where they can boost employee health offerings in these areas—not only because healthier employees tend to be happier and more productive but also because doing so across the global workforce could amount to up to an additional $4.2 billion in economic impact. For Gen Zers, employers that focus on improving social interaction and economic security could be particularly helpful, considering Gen Z’s reportedly higher rates of loneliness and personal financial pressures.

﻿In 2005, only 16 percent of the world’s population used the internet. Today, more than 67 percent of the global population accesses the web.

Want to feel old? Meet Gen Beta. [Fortune]

"
"20","Urge to splurge: Why is Gen Z ‘doom spending’?",2024-12-17,"/~/media/mckinsey/email/genz/2024/12/2024-12-17b.html","As Gen Zers make their holiday purchases, one trend threatens to dampen the good cheer: “doom spending.”","Brought to you by Alex Panas, global leader of industries, & Axel Karlsson, global leader of functional practices and growth platforms

Welcome to the latest edition of Mind the Gap. We hope you find our perspectives useful. Let us know what you think at Alex_Panas@McKinsey.com and Axel_Karlsson@McKinsey.com.

—Alex and Axel

As Gen Zers make their holiday purchases, one trend threatens to dampen the good cheer: “doom spending.” Doom spending is when people buy goods and services as a way of coping with their pessimism about the economy, politics, or other issues, such as personal finances. Gen Zers and millennials are more likely than older consumers to doom spend, even though they are, on average, less wealthy than older generations. In McKinsey’s latest US consumer sentiment survey, a larger share of Gen Zers reported feeling pessimistic compared with the previous quarter and compared with baby boomers and Gen Xers, who were more optimistic than in the previous survey. Even so, Gen Zers also reported a greater willingness to splurge than older shoppers (though fewer Gen Zers said they plan to splurge over the next three months than in previous quarters). There are a few reasons why Gen Zers tend to report doom spending more often than other generations. Back in early 2023, we covered Zoomers’ “financial defeatism”—the idea that Gen Zers won’t reach financial milestones and therefore might resign themselves to spending instead of saving. Gen Zers may also make impulse purchases based on what they see on social media, where buying to your heart’s content is becoming increasingly frictionless.  This doom-spending trend highlights another intriguing finding: consumer sentiment and intentions to spend don’t always align. Traditionally, when consumers report feeling optimistic about the economy, they also expect to spend more money on a variety of discretionary and nondiscretionary categories (while the opposite was typically true for pessimistic consumers). However, McKinsey senior partner Becca Coggins and coauthors find that while US consumers now tend to be more optimistic about the economy, they’re more cautious about their spending—at least, according to their survey responses.When they do splurge, Gen Zers tend to indulge in categories such as dining out, apparel, beauty products, and jewelry. They also enjoy splurging on experiences (travel-related spending is big among Gen Zers).The takeaway is that Gen Zers are willing to spend—and sometimes splurge—but only if they place real value on a purchase. That value may be largely based on the purchase’s cultural cachet, which Gen Zers can then project on social media.To better understand what Gen Z consumers value in their purchases, consumer businesses can invest in their ability to capture a clearer and more predictive view of spending behavior using analytics and generative AI. If not, they’re likely to be bested by a competitor that has invested in these tools.

﻿Nurses are cautiously enthusiastic about AI, pointing to patient education as one of the beneficial use cases of the technology.

Flex for friends. Beating social isolation requires Gen Zers to build their social muscles. [NPR]

"
"21","Friends in office spaces: How Gen Zers can strengthen workplace relationships",2024-12-03,"/~/media/mckinsey/email/genz/2024/12/2024-12-03b.html","Friendship theories continue to spread on social media. As the name suggests, these philosophies theorize about the numbers and types of friends people can—or should—have and how these relationships form and evolve.","Brought to you by Alex Panas, global leader of industries, & Axel Karlsson, global leader of functional practices and growth platforms

Welcome to the latest edition of Mind the Gap. We hope you find our perspectives useful. Let us know what you think at Alex_Panas@McKinsey.com and Axel_Karlsson@McKinsey.com.

—Alex and Axel

Friendship theories continue to spread on social media. As the name suggests, these philosophies theorize about the numbers and types of friends people can—or should—have and how these relationships form and evolve. And in true internet fashion, each theory has its own silly (if not confusing) name, including the snail theory, Dunbar’s theory, OG besties, and North Star besties.A key audience for this content includes Gen Zers, who report lower levels of emotional and social well-being compared with older generations. This is why it’s important for Gen Zers to remember that they can form strong, meaningful relationships at work and that they can find connection and purpose in their jobs. Maybe it’s even time to stop debating whether to skip that end-of-the-year office gathering? As McKinsey senior partner Arne Gast and his coauthor put it in their recent article on effective leadership, “Humans are relational beings, not independent automatons.” Work friends can act as sounding boards for critical decisions, offer different perspectives, and challenge personal assumptions. One former CEO that Gast and his coauthor interviewed for the article pointed to her “kitchen cabinet” of advisers, who helped her think through sensitive business issues.Whether you’re a seasoned executive or a Gen Zer who’s just starting your career, you should be prepared to review and update your “personal operating model,” which includes your approach to workplace relationships. Career milestones are often an apt moment to pause for reflection, Gast and his coauthor advise.Having relationships with coworkers can also reduce the stress that inevitably arises in any job, according to Robert Waldinger, director of the Harvard Study of Adult Development and the author of The Good Life: Lessons from the World’s Longest Scientific Study of Happiness, in a McKinsey Author Talks interview. Waldinger advises people to take stock of both their work and personal relationships by asking a few key questions, including “What do you have already, and what are you getting from different relationships?”That’s good advice for Gen Zers at work, who may be just starting to build office friendships. When forming new bonds with your peers, it helps to identify an activity that you enjoy and can do with your coworkers. It’s easier to forge authentic connections over a shared interest, Waldinger says.As for existing relationships, reconnecting can be as simple as sending an email acknowledging a team member’s recent work or asking to get a coffee. Ultimately, think of these bonds like you would your personal fitness, Waldinger says: “I don’t go to the gym today and then come home and say, ‘Good. I’m done. I don’t ever have to do that again.’ The same is true with relationships.”

Gen Z consumers are expected to drive sales in beauty categories such as fragrance, which forecasts nearly $30 billion in overall growth over the next few years.

Buffet backers. Gen Zers are going all-in on all-inclusive travel. [Business Insider]

"
"22","Should fashion brands find a new fit with Gen Z?",2024-11-19,"/~/media/mckinsey/email/genz/2024/11/2024-11-19b.html","Gen Z fashion trends can become viral supernovas and then fade to black faster than many of us can follow. By the time the headlines document fads such as the office siren, “Madam Sandler,” or old money aesthetic, they’ve likely already become passé.","Brought to you by Alex Panas, global leader of industries, & Axel Karlsson, global leader of functional practices and growth platforms

Welcome to the latest edition of Mind the Gap. We hope you find our perspectives useful. Let us know what you think at Alex_Panas@McKinsey.com and Axel_Karlsson@McKinsey.com.

—Alex and Axel

Gen Z fashion trends can become viral supernovas and then fade to black faster than many of us can follow. By the time the headlines document fads such as the office siren, “Madam Sandler,” or old money aesthetic, they’ve likely already become passé. But these days, global fashion executives have to keep tabs on more than the next trend cycle. Gen Z’s shopping habits, brand expectations, and values—described in the latest State of Fashion 2025 report, from McKinsey and The Business of Fashion—will require fashion players to evolve the way they do business.The report, by McKinsey senior partners Anita Balchandani and Gemma D’Auria and coauthors, is chock-full of Z-specific insights:   ﻿

Price check: Gen Zers’ financial situations and perceptions of the economy seem to be affecting their spending habits. Seventy-three percent of US Gen Z consumers said they are changing their spending habits because of increased prices, and 70 percent of Gen Zers in the United Kingdom said they are prioritizing affordability when buying clothes. These findings tell only part of the story, though. Splurging on fashion is still popular among Z babies, McKinsey’s ConsumerWise research finds. Items of self-expression, such as clothes and jewelry, are among the most cited splurge categories, meaning subcategories such as watches are seeing an uptick (😏) in Gen Z interest.

Loyalty shmoyalty: Half of US Gen Z consumers prefer to explore and shop new brands, compared with one-third of shoppers aged 50 and older. On average, only 29 percent of Gen Zers said their wardrobes are from the same brand (compared with 52 percent of shoppers aged 50 and older). An insight from McKinsey partner Tamara Charm: loyalty programs are important, but shoppers are savvy. Targeting the right Gen Z consumers—that is, those who are likely to be long-term shoppers of a brand rather than those keen on snagging a one-off deal—can help fashion players make the most of their loyalty programs.

Breathing room: Eighty percent of Gen Z consumers said they feel overwhelmed by their exposure to brands. Even so, young shoppers are the bull’s-eye for many fashion brands. Approximately 60 percent of fashion executives surveyed plan to double down on marketing toward Gen Zers and millennials, who are already twice as likely to be targeted than older generations. While fashion execs should look beyond Gen Z shoppers (Gen Xers and boomers are also keen to spend on clothes, this year’s report finds), opting for quality marketing messages that are informed by consumer insights—rather than high-volume messages that feel like spam—will go far in bringing Gen Z shoppers into the fold.

Sportswear showdown: Two in three millennial and Gen Z consumers wear athleisure multiple times per week, according to the report, and 56 percent of Gen Z consumers consider fitness a “very high priority” in their lives. Since the word is out on this market opportunity, competition for Gen Zers’ share of wallet will be high. The fashion players that succeed in athleisure will do so by investing in material and product innovations and by achieving cultural relevancy through their brand building: for example, through partnerships with celebrities and tastemakers that resonate with the fashion brand’s target audience.

For women in the workplace, one commonly cited microaggression is being mistaken for someone at a much lower level—with little progress made compared with five years ago.

Talk about tenured. Does it pay to be a company “lifer”? [FT]

"
"23","The bucks stop here: How K–12 schools spent pandemic stimulus",2024-11-05,"/~/media/mckinsey/email/genz/2024/11/2024-11-05b.html","For US education administrators, funding is more top of mind now than it’s been in a while. On September 30, pandemic-era stimulus funding allotted to the country’s K–12 schools has ended.","Brought to you by Alex Panas, global leader of industries, & Axel Karlsson, global leader of functional practices and growth platforms

Welcome to the latest edition of Mind the Gap. We hope you find our perspectives useful. Let us know what you think at Alex_Panas@McKinsey.com and Axel_Karlsson@McKinsey.com.

—Alex and Axel

For US education administrators, funding is more top of mind now than it has been in a while. On September 30, pandemic-era stimulus funding allotted to the country’s K–12 schools ended. Known as the Elementary and Secondary School Emergency Relief (ESSER) fund, the nearly $190 billion—or about one-third of annual K–12 spending over a three-to-five-year period—was earmarked for schools to combat absenteeism, address students’ mental health challenges, and expand virtual and hybrid instructional models, among other aims. (As of 2022, the most recent public data for enrollment available, there were more than 20 million Gen Zers in US public elementary and secondary schools.) A new article from McKinsey partner Wayne Redmond and coauthors outlines just how effectively schools used their funding—and what challenges lie ahead for both school districts and the students they serve now that the grants have expired. The good news: most of the nearly 500 school district administrators surveyed by McKinsey believe their use of stimulus funds was moderately or highly effective in achieving their goals over the past three years. (Points for Gryffindor!)Yet even the interventions that district leaders felt were effective were not necessarily in areas where they would have spent more, the survey found. That’s because those “necessary stopgaps” often addressed immediate needs related to the pandemic, such as personal devices for students or safety items. While those devices definitely helped in virtual or hybrid learning environments, there are fewer uses for them now that students have returned to in-person learning.In hindsight, school budget allocators wished they would have spent more on interventions that prevented learning loss and alleviated mental health challenges. That comes as little surprise, given how much student achievement globally has stalled since the pandemic began—a huge problem for the youngest Gen Zers, who are just entering their teenage years. Research shows that from 2019 to 2022, the pandemic erased two decades’ worth of academic progress and widened the achievement gaps between high- and low-performing students.Now that the ESSER funding has expired, Redmond and coauthors expect average school budgets to decline between 5 and 8 percent, leading to what some experts are calling an educational “fiscal cliff.” Since most school budgets are allocated to staff and salaries—and therefore difficult to cut—cost reductions in other categories that are not contractually or legally fixed could be even bigger. Fifty-seven percent of school district leaders worry that a potential fiscal cliff would cause declines in student learning and achievement, which could be even more dire in low-income districts.To deal with their budgetary constraints, the authors suggest that school districts evaluate where the additional funding resulted in the biggest benefits for students rather than simply relying on budgets from previous years. Zero-based budgeting FTW.In education, everything can seem like a high-priority challenge. But when cash is tight, school administrators have to make tough choices about what issues get addressed first. As Carey Wright, former state superintendent of education in Mississippi, told McKinsey’s Emma Dorn, “If everything is a priority, then nothing is.” Luckily, Gen Z students have a clear view of what engages them at school, which directly relates to their achievement and higher education ambitions. According to a 2024 Gallup survey, 46 percent of Gen Z K–12 students say opportunities to learn in a hands-on way drive their interest, while just over one-third say they enjoy learning when they can connect a subject to the real world. Administrators, take notes!

Women make up 29 percent of the C-suite, up 12 percentage points from 2015. But progress in corporate representation has been notably slower at the entry and manager levels.﻿

All by myself. Working from home isn’t the biggest indicator of whether an employee will feel lonely, according to this research. [Axios]

"
"24","With Gen Z, is it a trust fall or a trust fail",2024-10-22,"/~/media/mckinsey/email/genz/2024/10/2024-10-22b.html","In the United States, public trust in institutions, businesses, and brands has been low for at least the past decade. So it may come as no surprise that as Gen Zers come of age, they’ve got trust issues of their own.","Brought to you by Alex Panas, global leader of industries, & Axel Karlsson, global leader of functional practices and growth platforms

Welcome to the latest edition of Mind the Gap. We hope you find our perspectives useful. Let us know what you think at Alex_Panas@McKinsey.com and Axel_Karlsson@McKinsey.com.

—Alex and Axel

In the United States, public trust in institutions, businesses, and brands has been low for at least the past decade. So it may come as no surprise that as Gen Zers come of age, they’ve got trust issues of their own. Recent surveys point to a broad distrust among Gen Zers in most big corporate, cultural, and governmental institutions in America. This matters for a bunch of reasons. For brands, there’s a clear business case for developing stronger trust with consumers: businesses that are considered “digital trust leaders” are 1.6 times more likely than the average business to see revenue and EBIT growth rates of at least 10 percent. And brands that foster trust with consumers are more likely than others to see higher loyalty rates—a real feat considering how fickle consumers are becoming. Consumers are also more willing to pay for enhanced experiences and higher-quality products from trusted brands, notes McKinsey senior partner Sajal Kohli on a recent episode of The McKinsey Podcast. Given the stakes, businesses across sectors would be wise to prioritize building trust with Gen Z consumers.To get started, business leaders should first recalibrate their approach to corporate communications, adapting for the “profound value shift among younger generations,” Alison Taylor, clinical associate professor at NYU’s Stern School of Business, explains in a McKinsey Author Talks interview. Rather than always sharing “sunny stories about all the wonderful things companies are doing,” businesses might instead be “honest and focused about the challenges and the limitations of what you can do with your own internal decisions … counterintuitively, that can help build more trust.”   To be sure, building trust through authentic communication and marketing is important to Gen Z consumers. But none of that matters if businesses aren’t nailing the fundamentals of digital trust, which McKinsey senior partners Alex Singla and Katie Smaje and coauthors say few companies are putting themselves in a position to do. Prioritizing digital trust means, for instance, putting in place policies for data storage and access, conducting thorough assessments of privacy risks when the business uses external data, adopting clear standards and thresholds for AI risk, and using automated tools to prevent cyber risks. Businesses that play fast and loose in the realm of digital trust run the risk of alienating their Gen Z customers, since digitally savvy generations are more likely than others to consider digital trust issues “on par with typical buying factors, such as price, when making (or discontinuing) purchases,” McKinsey partner Liz Grennan says in the research on digital trust. (BTW: this focus on digital trust extends to a range of consumer products and experiences.) In another McKinsey survey, 61 percent of all Internet of Things (IoT) buyers rank digital trust as a critical element of their purchase decisions, while only 31 percent of IoT providers rank it as a critical element in their system design.Finally, the building blocks of brand trust must originate from within. “It’s almost impossible to imagine a company being … trusted by its customers if it’s not trusted by its employees,” Sandra Sucher, professor of management practice at Harvard Business School, says in this McKinsey Author Talks interview. Gen Zers expect the companies they work for to reflect their values—and if they don’t, they’ll look elsewhere for work. Caveat, employer.

Tailoring the employee experience for local aerospace and defense workers can help improve hiring efforts and reduce attrition rates.

What’s age got to do with it? The notion of self-care is often associated with Gen Zers and millennials. Their older peers would like a word. [NYT]

"
"25","How are new grads faring at work?",2024-10-08,"/~/media/mckinsey/email/genz/2024/10/2024-10-08b.html","Are employers showing newly minted college grads the door soon into their first jobs? A recent survey conducted by Intelligent.com, an online researcher that focuses on higher education and young professionals, raises concerns. The survey, which made the rounds in the business press in the United States, found that 75 percent of nearly 1,000 companies surveyed reported that their college grad hires were unsatisfactory.","Brought to you by Alex Panas, global leader of industries, & Axel Karlsson, global leader of functional practices and growth platforms

Welcome to the latest edition of Mind the Gap. We hope you find our perspectives useful. Let us know what you think at Alex_Panas@McKinsey.com and Axel_Karlsson@McKinsey.com.

—Alex and Axel

Are employers showing newly minted college grads the door soon into their first jobs? A recent survey conducted by Intelligent.com, an online researcher that focuses on higher education and young professionals, raises concerns. The survey, which made the rounds in the business press in the United States, found that 75 percent of nearly 1,000 companies surveyed reported that their college grad hires were unsatisfactory. Sixty percent of respondents said they had already fired a college graduate they hired this year, and one in six hiring managers say they are hesitant to hire Gen Zers. The top reasons for why they feel this cohort has not been successful at work? Gen Z’s perceived lack of motivation or initiative, a lack of professionalism, and poor organizational and communication skills. Of course, this survey is just one data point, dramatic as its results may seem. It’s important to remember that while it’s difficult to transition into the working world, it’s also not easy for those who have been at it for longer. The evolving way we work is often complicated, and disengagement across organizations, not just in entry-level positions, remains high, according to research from McKinsey senior partner Vincent Bérubé and coauthors. Another gut check: a decade ago, similar alarms were sounded about a younger generation—the media was quick to highlight millennials’ shortcomings, namely a lack of professionalism and work ethic. Sound familiar? For companies, losing any employee stings; attrition is costly and can hurt morale. But a little rockiness shouldn’t be a signal to employers not to hire Gen Zers. Instead, it can be a call to action: employers should examine their hiring processes and new employee development programs if they want to retain Gen Zers. This includes an assessment of the employee value proposition, or the pitch on what it’s like to work for a given organization. And companies shouldn’t necessarily hire candidates with all the skills required to complete a role but the most critical skill or the hardest-to-find skills, notes McKinsey senior partner Brooke Weddle. That’s where an organization’s learning and development programs come into play.    Gen Z bears responsibility, too. Gen Zers should understand what’s expected of them in a new job, reading job descriptions carefully and assessing where their own skills apply or fall short. It’s also important for Gen Zers to research whether they will thrive in a company’s culture. They can do so by having conversations with current and former employees and by scanning reviews on career platforms. Once Gen Zers are in a new job, they can seek out learning and development resources as well as sponsors or mentors. There are plenty of Gen Zers who are ambitious and thriving in their first jobs. For those who are struggling, it’s time to turn that dismay into development.

Leisure travel is back to prepandemic levels. To meet passenger demand, the commercial-aviation fleet will need to grow.

In this economy? Meet the 27-year-old who coined the term “vibecession.” [WSJ]

"
"26","What the ‘broken rung’ means for Gen Z women at work",2024-09-24,"/~/media/mckinsey/email/genz/2024/09/2024-09-24b.html","When we began publishing our Women in the Workplace report in 2015, most Gen Z women were girls who had not yet begun their careers. Today, however, the data is beginning to reflect their experience in the workplace.","Brought to you by Alex Panas, global leader of industries, & Axel Karlsson, global leader of functional practices and growth platforms

Welcome to the latest edition of Mind the Gap. We hope you find our perspectives useful. Let us know what you think at Alex_Panas@McKinsey.com and Axel_Karlsson@McKinsey.com.

—Alex and Axel

When we began publishing our Women in the Workplace report in 2015, most Gen Z women were girls who had not yet begun their careers. Today, however, the data is beginning to reflect their experience in the workplace.

The issues facing young working women differ little from their older colleagues, according to the 2024 report, a joint effort between McKinsey and LeanIn.Org. Highlighting survey findings from 15,000 employees and more than 280 HR leaders, the report finds that, in some ways, women have made strides toward workplace equality over the past decade. For example, women now make up 29 percent of C-suite positions in the United States and Canada, up from 17 percent in 2015. Research shows that companies with more women in leadership benefit from greater innovation, healthier cultures, and stronger performance. Meanwhile, more companies in our survey are offering bias training for people in hiring roles: 69 percent are doing so this year, up from 63 percent in 2021. But only one in four companies has adopted all the practices required to make hiring and performance reviews fair. Further, companies are scaling back programs designed to support women’s advancement. And that’s translating to the workforce: at the manager level, women’s representation grew by only two percentage points since 2015. Women’s “experiences at work are the same or worse than they were a decade ago,” especially for women of color, write McKinsey senior partners Alexis Krivkovich, Lareina Yee, and coauthors. What’s more, this year’s survey found that women remain less likely than men to be hired into entry-level roles (despite enrolling in and graduating from college at higher rates than men). And when they are hired, women are also far less likely than men to attain their first promotion in the same organization—tough news for Gen Z women looking to level up. This dynamic is called the “broken rung,” and it causes women to fall behind early in their careers—and stay behind. One possibility for the continuing lack of advancement is the decline of career development and sponsorship programs for women (even when these programs exist, few companies track program outcomes, which contributes to their ineffectiveness). Another reason for the disparity in promotions between entry-level working women and men could be a one-two punch of ageism and sexism: half of women under 30 say their age has been a barrier to advancing, and younger women are twice as likely as younger men to cite their age as a source of unwanted attention from coworkers, the report finds.Those stats may sound pretty bleak, but there are solutions at hand. The report includes a best practices checklist—organized into eight categories that range from commitment and engagement to visibility into key advancement metrics—that can help leaders evaluate their organization’s standing on supporting women in the workplace. Manager training and accountability is one of the areas for improvement highlighted in this year’s report. While companies should continue to invest in manager training, which can encourage employee inclusion and well-being, the report finds that managers can do more to promote employee advancement. One way to create incentives for managers to support their teams more holistically is to evaluate and reward them for reaching people management and development goals. Of course, it’s not only on managers to help improve gender parity at work. Companies must inspire and equip all employees to curb bias and practice allyship. To do so, organizational leaders can speak to what employees stand to gain personally from these efforts. For example, everyone has a better shot at a promotion when there are practices in place to make promotions fairer. At the current pace of progress, it would take 22 years for White women to reach parity in workplace representation and more than twice as long for women of color to reach parity, the report shows. That means gender parity won’t be reached until most Gen Z women are nearing or at the end of their careers—a stunningly long time for women to have to wait. That’s all the more reason for the collective “we” to pick up the pace of progress, starting today.

Generative AI and electrification and renewables represented two bright spots for job growth in the tech sector over the past year.

Carefully selected compendia. The social media “photo dump,” in which users post multiple photos at once, is desperate, argues this writer. [New Yorker]

"
"27","Why workplaces need Gen Z influencers",2024-09-10,"/~/media/mckinsey/email/genz/2024/09/2024-09-10b.html","We’re not talking about influencer marketing or the partnership that occurs between social media users and brands to promote products or services. Instead, we’re talking about workplace influencers.","Brought to you by Alex Panas, global leader of industries, & Axel Karlsson, global leader of functional practices and growth platforms

Welcome to the latest edition of Mind the Gap. We hope you find our perspectives useful. Let us know what you think at Alex_Panas@McKinsey.com and Axel_Karlsson@McKinsey.com.

—Alex and Axel

This week we’re talking about influencing at work, what motivates employees, and why some believe concierge medicine’s next big market is on college campuses.

The age of influence is upon us. We’re not talking about influencer marketing or the partnership that occurs between social media users and brands to promote products or services. Instead, we’re talking about workplace influencers. According to new research by McKinsey senior partner John Parsons and coauthors, these employee influencers are key factors in making—or breaking—change in the workplace.For an organization, a successful transformation can mean achieving more shareholder value. For employee influencers, getting involved in a transformation can mean having a real impact on how things work at work while giving their jobs a deeper sense of meaning. Lean in, as the saying goes.But getting involved doesn’t simply mean employee influencers are posting as usual on social media. Instead, they are modeling the right behaviors internally and acting as role models for others inside the organization. For that to happen, a company should empower employee influencers in a meaningful way. “It’s not enough . . . to view change leaders only as vectors for communication,” the authors write. “They should also be viewed as thought partners who provide feedback and support to senior leaders and employees alike.”Businesses that look to employee influencers to assist in a transformation should empower these change agents to decide how to engage their peers. Organizations should spend time casting the net widely so that they find people who may be “hidden influencers,” or people who exhibit the mindsets and behaviors needed during a transformation. Perhaps those people’s unconventional approach to their jobs leads to exceptional performance that can inspire others. For Gen Zers early in their career, wielding influence at work (during a transformation or not) may seem to be something reserved for more seasoned colleagues. But becoming an employee influencer, no matter your tenure, comes down to demonstrating the traits of an effective communicator and leader who can help colleagues and teams view change as exciting rather than unnerving. One way to do so is to become a “supercommunicator.” Supercommunicators develop strong listening habits that help them identify whether a conversation is a social, practical, or emotional one. They also ask ten to 20 times more questions than the average person (think “interested,” not “interrogative”). These practices help supercommunicators build trust and deeper relationships with those around them. What about when conversations get tricky? Being a trusted employee influencer also means being confident enough to provide feedback. “Contributory dissent,” which allows people to air their differences in a positive way without undermining leadership or group cohesion, is often missing from how most companies operate, write McKinsey senior partners Ben Fletcher and Dana Maor and coauthors. Two guidelines for effective dissent include seeking permission to dissent and being open minded about a dissenting conversation. One thing Gen Zers should not do is assume that they have no influence over their peers because of their age or standing at work. Often there’s a “blind spot we have for our own influence,” says Vanessa Bohns, author of You Have More Influence than You Think: How We Underestimate Our Power of Persuasion, and Why It Matters, in a McKinsey Author Talks interview. “We don’t realize . . . how many people might imitate our behavior or change their behavior because of something we did or said. And so we also have this sense of obliviousness at times about the trail of chaos or trail of positivity that we leave behind us.”

As Gen Zers settle into the school year, let’s revisit research from 2022 finding that college students considered learning technologies adopted at the height of the COVID-19 pandemic to be useful.﻿

Wise guide. Here are six practical tips for Gen Zers entering the world of work. [WaPo]﻿

"
"28","Why Gen Zers may have a head start in building their CEO skill sets",2024-08-13,"/~/media/mckinsey/email/genz/2024/08/2024-08-13c.html","What skills do the best CEOs have? Many business leaders have deep experience in finance, technology, corporate strategy, or operations.","Welcome back! This week we’re talking about inside-out leadership, why authoritative bosses are out, and the new Gen Z party trick.

What skills do the best CEOs have? Many business leaders have deep experience in finance, technology, corporate strategy, or operations. But in today’s increasingly fast-paced and complex world, this may not be enough to translate their goals into lasting success.In their new book, The Journey of Leadership: How CEOs Learn to Lead from the Inside Out, McKinsey senior partners Dana Maor, Hans-Werner Kaas, Kurt Strovink, and Ramesh Srinivasan note that the best leaders understand that they must first connect with themselves before they can empower their organizations. The book, out September 10, dives deep into the lessons from McKinsey’s Bower Forum, the CEO leadership program that has counseled more than 500 global CEOs in the past decade. One of its chief findings: “human-centric” leaders have hard business skills, of course, but they also draw on softer skills that can help them link their aspirations to the performance of their organizations. These skills include self-awareness, humility, vulnerability, empathy, and authenticity.﻿Maor and coauthors call this the “inside out” approach to leadership. It begins with introspection (check your ego at the door!) to help you identify your goals and shortcomings. And it calls for personal growth, which means CEOs must constantly be learning, listening, inspiring, and caring.While the book doesn’t dwell on Gen Z—it offers case studies of effective CEOs who understand how important this leadership journey is—it struck us that Gen Z’s values and skill sets are well aligned with this approach.For example, Gen Z places emphasis on psychological safety and respect in the workplace while empathy and a willingness to acknowledge vulnerability are two of Gen Z’s calling cards. Gen Zers rank career development and advancement potential as the number-one factor when taking a new job, pointing to a desire for self-improvement. Furthermore, Gen Zers overwhelmingly say they want feedback from their managers, and they expect this feedback to be delivered quickly and honestly so they can learn and grow (no need for the compliment sandwich).We’ve written plenty about how mentorship is an essential part of career development. But great mentors come in all age brackets. “Reverse mentorship,” where those in more senior positions seek guidance and perspective from junior employees, can also help CEOs because it allows them to see how skills such as empathy, authenticity, and vulnerability can be superpowers﻿. As Gen Zers develop more traditional business skills—in finance, operations, and the like—they’ll be well positioned to move into the top role one day themselves.Gen Zers, welcome to your trusted-adviser era.

﻿Seventy-one percent of CFOs in a recent McKinsey survey said that gen AI has already boosted productivity for employees in the finance function.

Let’s get visual. Think you can guess Gen Zers’ preferred party trick? [WSJ]

"
"29","Baby, it’s hot outside: Gen Z and climate change",2024-08-06,"/~/media/mckinsey/email/genz/2024/08/2024-08-06d.html","This week, we’re talking Gen Z’s latest sustainability moves, the tightening of the global labor force, and how to become famous.","Welcome back! This week, we’re talking Gen Z’s latest sustainability moves, the tightening of the global labor force, and how to become famous.

When 26-year-old artist Chappell Roan, one of Gen Z’s newest icons, sings “Hot to Go!” she isn’t talking about the climate. Yet 2024 is shaping up to be one of the (if not the) hottest summers on record.  Climate change is a top concern among corporate executives across sectors (including pharmaceutical-ingredients makers, airlines, and dairy producers), who are trying to reduce carbon emissions. Legislative and regulatory efforts around the world to curb climate change, meanwhile, are facing challenges of their own. “Our collective responsibility is to break down this thorny global problem into concrete and actionable steps,” writes McKinsey partner Alexis Trittipo. “That means asking, ‘What is my company or community doing to make itself resilient and hence more capable of thriving in this uncertain and hotter world?’”Those questions are top of mind for Gen Z. We wrote last year that some Gen Zers are choosing jobs (or choosing to quit their current roles) based on a company’s sustainability policies.  Since then, some Gen Zers are integrating other sustainable behaviors into their everyday lives. Enter “underconsumption core.” Not to be confused with the economic theory of underconsumption, underconsumption core is a social media trend defined as buying only what one needs and making the most of what one already has. For some consumers, underconsumption core is, at its core, an attempt to be more sustainable. Rather than buying a new shirt, for example, a Z baby might upcycle or transform something they already own. (FWIW, upcycling is just one part of the circular economy; circularity more broadly could bring more than €500 billion in annual revenues to European consumer goods businesses by 2030, for example). But underconsumption core also reflects the fatigue some Gen Zers express over the influencer economy, as well as a practical response to the squeeze some Gen Zers have felt on their wallets. Buying less is less surprising when one has fewer funds at the end of every month. Some Gen Zers are prioritizing price over sustainability in their purchases, write McKinsey senior partner Sajal Kohli and coauthors. But this has more to do with Gen Zers making difficult trade-offs than losing interest in sustainability. Where does this all net out? At net zero, Gen Z hopes.

As the global workforce ages, it may become more difficult for companies to fill job vacancies.

Flip-flops are in. No, not the shoe: Gen Zers are reneging on job offers at double the rate of 2021. [Business Insider]

"
"30","Gen Z and healthcare industry",2024-07-30,"/~/media/mckinsey/email/genz/2024/07/2024-07-30d.htm","﻿We already know that Gen Zers are interested in health and wellness. Turns out, those interests translate to career aspirations, too.","Welcome back! This week, we’re talking about Gen Z’s interest in the healthcare industry, how Gen Z ranks sustainability when making purchases, and why a little face time could be the key to retaining Gen Z employees.

We already know that Gen Zers are interested in health and wellness. Turns out, those interests translate to career aspirations, too. Gen Zers in the United States say they are most interested in pursuing a career in medicine and health-related fields (46 percent) compared with any other line of work, according to the results from the latest National Society of High School Scholars (NSHSS) annual Career Interest Survey. Coming in a distant second to medicine and health-related fields: engineering and science careers (18 percent each).  It’s not hard to see why Gen Z may be attracted to a career in medicine and health. Because Gen Zers came of age during the height of the COVID-19 pandemic, their interest in health-related careers might have grown, the NSHSS report posits. Gen Zers may also be looking for careers that offer some stability in what feels like an unstable world. A third possibility: a career in medicine and health aligns with their own values and purpose. (The NSHSS survey finds that Gen Zers rank healthcare and health-related issues as the impact area they care most about.) What could be more important than improving the quality of people’s lives, after all?Whatever their reasons, the Gen Zers intrigued by healthcare careers could help ease pressure on the US healthcare system, which faces a shortage of workers across roles. (BTW, the labor challenges facing the US healthcare system are also evident in other parts of the world, including Europe and Central Asia, while Africa faces its own unique set of labor challenges.) For Gen Zers interested in pursuing a career in medicine or other fields within healthcare, it’s important to understand the global healthcare sector’s looming challenges and most promising opportunities. Here are five trends in the global healthcare industry that Gen Zers looking to find a job in healthcare will want to follow closely—they just may come in handy during an interview.

Big changes are happening. In the United States, “health systems have undertaken major transformation and cost containment efforts,” which have helped health systems rebound from some of the challenges they faced in 2023 (such as inflation and labor shortages), McKinsey’s Neha Patel and Shubham Singhal report. There’s also a $1 trillion opportunity at stake if healthcare leaders can create value from business model innovation.

Tech is a key part of the sector’s transformation. Healthcare services and technology will be the fastest-growing sector in healthcare over the next few years. That means there will be opportunities to help build and improve the software, platforms, and data and analytics that support healthcare institutions and insurance providers. Generative AI, when combined with existing AI and advanced-analytics tools, can help improve the quality of care delivered to patients while also reducing the administrative burden on healthcare workers.In Canada, for example, AI applications may help lower the country’s net healthcare spending by about 4.5 to 8.0 percent per year. That could make healthcare more affordable without negatively affecting outcomes and experience.

The deals are flowin’. Pharmaceuticals, biotech, and medtech are three areas that have been ripe for dealmaking activity, or mergers and acquisitions, find McKinsey senior partners Jeff Rudnicki and Rajesh Parekh and coauthors. This is particularly relevant for Gen Zers who might be interested in a career at the intersection of finance and healthcare. Companies that offer new technologies and digital tools to build and expand a healthcare organization’s capabilities will be appealing to industry leaders and investors.

Patients come first. Consumers are becoming savvier and more discerning about their healthcare. As a result, healthcare systems worldwide are ramping up their consumer-led strategies and trying to become more accessible and affordable while prioritizing the overall patient experience. But for that to happen, healthcare providers and systems first need to better understand their patients’ needs. In Latin America, for example, access to healthcare is still a major issue, but digital channels are becoming more relevant and reliable, according to McKinsey senior partner Robin Roark and coauthors.

As Gen Z consumers continue to confront higher prices for goods and services, they are ranking cost over sustainability in their purchase decisions.﻿

Broccoli boys. One hairstyle popular with teen boys has been described as “a pile of fluffed curls, with stacked layers for height and a close cut on the sides and in the back,” which looks like broccoli. Meet the “bro perm.” [The Cut]

"
"31","Why Gen Z is the ‘road map generation’",2024-07-23,"/~/media/mckinsey/email/genz/2024/07/2024-07-23d.html","Gen Zers who are “taking a long-term approach to planning their careers” are now referred to as the “road map generation,” according to a recent Business Insider article. These ambitious budding professionals are weighing whether job offers—and the benefits and development opportunities that come with them—set them up for success in life.","Welcome back! This week, we’re talking about how to create a career road map, why ﻿Stoicism and goal setting go hand in hand, and dressing for life’s in-between stages.

🚨 A new Gen Z moniker just dropped. 🚨Gen Zers who are “taking a long-term approach to planning their careers” are now referred to as the “road map generation,” according to a recent Business Insider article. These ambitious budding professionals are weighing whether job offers—and the benefits and development opportunities that come with them—set them up for success in life. Our own research on what Gen Zers want from work supports that notion: when evaluating a new job, salary comes second to career development and advancement potential. We certainly have a lot of insights about road maps—McKinsey senior partners Eric Lamarre, Kate Smaje and Rodney Zemmel even wrote a book about it. In the simplest terms, a road map is a document that identifies an overarching project or company strategy, charts the course of a project or company, and keeps various stakeholders on the same page. There’s no reason, then, why Gen Zers can’t build a road map for their own lives.  When it comes to creating a personal-development road map, think of it like a contract you’re keeping with yourself. It should be a living document that you regularly update (how often is up to you). It can also be a powerful accountability tool or, at the very least, an opportunity for you to organize your thinking. Here’s the quick and dirty on how to translate a corporate road map into an individual one.  Identify your ‘true north.’ What is your purpose? Who do you want to be? What change do you want to see in the world? Answering these questions at the beginning of your career journey will make decision making much easier, since anything that deviates from your purpose will be easier to say “no” to. (Don’t be too rigid, though; your purpose can change!)  Map distinct horizons. Setting a timeline can help you stay on track. It should be divided into distinct horizons, or blocks of time, each with clear goals that will help you know when it’s time to move on to the next phase. Everyone’s timeline will differ (comparison is the thief of joy!) but assigning each of your horizons a theme can help clarify what you’re trying to achieve in each. (Are you trying to build fundamental skills? Grow into a new role?) When companies outline these time blocks, they include a set of objectives and resources needed for each. This ensures one doesn’t become overwhelmed or overburdened at the onset, which could stifle momentum over the long run. Build capabilities. Capabilities are simply the elements that enable a transformation to happen. For companies, these include talent, operating model, technology, and data. When it comes to a personal road map, think of capabilities in the following ways:

Organizing and collecting data about your progress can keep you on track. Are you consistently measuring how frequently you network, how productive you are, and the new skills you may be learning?

See you down the road, Gen Z.

The average age of credit union members is 53 years old, compared with 39 years old for the US population.﻿

POV TBD. Zillennials, read this if you’ve ever wondered how to dress for the in-between stages of life. [NYT]

"
"32","New grad, no job? How to beat ‘postgrad blues’",2024-07-16,"/~/media/mckinsey/email/genz/2024/07/2024-07-16d.html","For Gen Z graduates in the class of 2024, spring was a celebratory blur. Some of them accepted new job offers, moved to new places, and may have already started work.","Welcome back! This week, we’re talking about why learning shouldn’t end after college, the evergreen economy, and what your socks say about you.

For Gen Z graduates in the class of 2024, spring was a celebratory blur. Some of them accepted new job offers, moved to new places, and may have already started work.But what about those who haven’t? The graduation festivities are over, friends may be far away, and the job search may seemingly have no end in sight. Hello, “postgrad blues.”﻿Although they cannot be clinically diagnosed, postgrad blues are characterized by feelings of sadness, anxiety, or loneliness that may come when a student leaves college. No more orderly schedule, clearly defined success markers, and community of their peers. To be sure, Gen Zers aren’t the first generation of new grads to face postgrad blues. (Hi, millennials!) But their circumstances—a challenging entry-level job market and greater isolation in the world of hybrid work—may make these feelings more acute.While they continue to search for jobs, Gen Zers can use this limbo period to work on their personal and professional development. Setting learning and development goals can help ease the transition between a traditional classroom and the expansive (and overwhelming) horizon ahead.One strategy Z babies could consider is the 3x3x3 approach to learning outlined by McKinsey director of learning Lisa Christensen and coauthors. This framework calls for people to set three specific development goals to be achieved over three months while enlisting three people who can provide accountability and feedback along the way. This method can help make goals achievable, measurable, and repeatable. Even though Gen Zers in career limbo may be tempted to fill all of their free time with “doomscrolling,” they might instead consider using social media platforms to help build their personal brands. It’s not so far-fetched to apply the principles of consumer brand building to personal branding: a consumer brand should be “sticky and memorable,” one brand exec told McKinsey. A brand should also communicate that it is “special, different, and authentic,” according to McKinsey senior partners Jessica Moulton, Pavlos Exarchos, and Warren Teichner. Consumers are drawn to these things when selecting one brand over another, and employers may not be so different. And in the absence of loads of experience, Gen Zers can convey that they are quality hires by honing their soft and hard skills alike.﻿Finally, the period just after graduation is an optimal time to build a professional network. During a McKinsey Black Leadership Academy discussion, senior partner ﻿Sara Prince and partner ﻿Tawanda Sibanda interviewed Barry Lawson Williams, founder of Williams Pacific Ventures, a San Francisco investment and consulting firm, about his experience taking risks and building networks. “In your career, there’s going to be a balance between what is intentional and what is just incidental and lucky,” Williams said. “I encourage you to develop your network so you can position yourself to be lucky.”﻿Since new grads will likely still have close ties to their college peers and professors, Gen Zers should begin their network building here. University alumni networks may be another helpful resource. And if it really feels like you’re starting from scratch, those same social media platforms that you may be using to build your personal brand can also help you identify and contact working professionals.Final exams might have seemed tough at the time, but the real work starts now. The slump stops here!

Jobs in some manufacturing areas relevant to modern shipbuilding—including electrical equipment, appliances, and components—are projected to grow rapidly within the next decade, while jobs in other areas, including transportation equipment and primary metals, may shrink. ﻿

﻿Old sock, new tricks. PSA: your socks are aging you. [WSJ]﻿

CEOs, they’re just like us! In a recent survey, 71 percent of chief executives and 65 percent of senior executives said they experience signs of impostor syndrome. [Bloomberg]﻿

"
"33","Tech this out: A look at Gen Z in India",2024-07-09,"/~/media/mckinsey/email/genz/2024/07/2024-07-09dv4.html","It’s time we checked in on Gen Zers in India. The country recently wrapped up a high-stakes election season, during which various political groups did their part to woo young voters.","Welcome back! This week, we’re talking about Gen Z in India﻿, how tourism affects popular destinations, and the year’s most evocative emoji.

It’s time we checked in on Gen Zers in India. The country recently wrapped up a high-stakes election season, during which various political groups did their part to woo young voters. (The world’s most populous nation is also quite young on average, with a median age of 27, which makes Indians, on average, more than ten years younger than the citizens of most other major economies).To many voters, a central issue appeared to have been the Indian economy and specifically, jobs. Having secured a new mandate, the government is expected to share additional details of its economic agenda this month. Among its stated goals: creating 90 million jobs by 2030 (and 600 million by 2047) and raising income sixfold, to more than $12,000 per capita.Reaching these targets means addressing the youth unemployment rate. In India, young people were unemployed at a rate that was six times greater for people with a secondary or higher level of education compared with those who did not attain that level of education, according to a report from the International Labour Organization. Not only is there an education gap in the unemployment rate but a gender gap, too: educated Indian women experience higher levels of unemployment compared with educated male youth, the report found.What’s causing the high unemployment rate? While there is a constellation of factors, one clue may lie in India’s tech sector, which grew enormously over the past several decades. This growth encouraged Indian students to pursue careers in “traditional” tech. But today, other sectors, such as manufacturing, are growing at a faster clip, although Gen Zers’ interest in pursuing jobs in these fields has not grown in kind. (FYI: the Indian manufacturing sector, although nascent, could add $320 billion in value to the Indian economy by 2027, according to McKinsey India managing partner Rajat Dhawan and coauthors.)The answer is not for Indian Gen Zers to eschew tech jobs or tech skills but to rethink what it means to pursue a career in tech. For example, Indian companies often become “growth champions” when they pursue digital transformations, meaning tech skills will remain important to the Indian economy no matter the sector.While not wholly analogous, the United States, though it has a lower overall unemployment rate than India, is facing similar challenges with Gen Z and employment in certain sectors. American manufacturing, for example, has grown rapidly since the COVID-19 pandemic, but the number of manufacturing employees has remained stable. While Gen Zers in the United States say they are open to manufacturing jobs, manufacturers are having a hard time attracting and retaining these employees. In a survey of Gen Z workers in manufacturing across Canada, the United Kingdom, and the United States, McKinsey found that these workers are looking for meaningful work and career advancement outside of manufacturing jobs. One way for manufacturers to improve Gen Z hiring and retention rates, note senior partner Fernando Perez and coauthors, is to automate the rote work that drives talent turnover and hire and train employees for jobs where technology plays a larger role.

This six-point framework shows how prepared a destination is to absorb tourism. It can help cities balance the risks of being a popular tourist spot (such as overcrowding) with the benefits.

Author Talks

Thumbs away. Gen Z thinks every dad’s favorite emoji is a symbol of hostility. But that upright little thumb has recently become shorthand for how “meh” everything feels. [GQ]﻿

Swiper, no swiping. Chess clubs and singles events are becoming increasingly popular avenues for Gen Zers trying to date. [Bloomberg]﻿

—"
"34","Booked and busy: Six must-read titles for Gen Z",2024-07-02,"/~/media/mckinsey/email/genz/2024/07/2024-07-02d.html","Books are in fashion—and we mean that literally. Fashion heavy hitters such as Gen Z model Kaia Gerber and Miu Miu, a Gen Z favorite brand, are sharing their book recommendations far and wide.","Brought to you by Alex Panas﻿, global leader of industries and senior partner, & Axel Karlsson, global leader of functional practices and senior partner

Welcome back! This week, we’re offering some stellar summer reading recommendations, a farewell to the man who inspired Gordon Gekko, and a definition of the latest Gen Z acronym.

Books are in fashion—and we mean that literally. Fashion heavy hitters such as Gen Z model Kaia Gerber and Miu Miu, a Gen Z favorite brand, are sharing their book recommendations far and wide.Of course, McKinsey Global Publishing has always been fashion forward—we’ve been sharing our annual reading list for years. Now, the latest drop of literary goodness is back. Below, we highlight six titles for our Gen Z (and Z-curious) readers—books that come recommended from CEOs, editors in chief, and other global leaders. The genres represented range from business and economics (obvi!) to health, personal development, history, and fiction. (Did we miss any? Send your own recommendations to ideas@mckinsey.com.)

Design Social Change: Take Action, Work Toward Equity, and Challenge the Status QuoBy Lesley-Ann Noel“Who are you? What motivates you as a changemaker? What forces are preventing you (and others) from thriving?” This book asks Gen Zers confronting their own existential dread to consider these fundamental questions. Recommended by Lila Ibrahim, COO of Google DeepMind and a World Economic Forum Young Global Leader, Design Social Change may help Gen Z readers home in on how their ethics and values can help them work toward a more just society.

Possible: How We Survive (and Thrive) in an Age of ConflictBy William UryGen Zers are coming of age at a time when conflict seems omnipresent—on college campuses, at work, at home, and abroad. The author, who cofounded Harvard’s Program on Negotiation, does not promise to end conflict but to harness its power for good. Them’s fightin’ words.﻿

What Went Wrong with CapitalismBy Ruchir SharmaAre Gen Zers disillusioned with capitalism? Headlines might suggest that’s the case (Exhibits A, B, and C﻿, your honor). But this author, chairman of Rockefeller International and founder and chief investment officer of Breakout Capital, makes the case that it’s not only Gen Zers who are interrogating capitalism, which he says has become less efficient and less fair.

2054By Elliot Ackerman and Admiral James StavridisThis dystopian thriller, recommended by McKinsey global managing partner Bob Sternfels, paints a picture of a future state where AI, biotech, and geopolitics collide to deleterious effects. (If you can’t beat gen AI, learn it!)

The Anxious Generation: How the Great Rewiring of Childhood Is Causing an Epidemic of Mental IllnessBy Jonathan HaidtFew titles on our list garnered more media attention this year than Jonathan Haidt’s, in which the social psychologist documents the epidemic of teen mental illness with a clear call to action for parents, teachers, schools, technology, business, and governments. (BTW: if you haven’t already, be sure to read our McKinsey Health Institute research on the topic, which includes a survey of 42,000 Gen Zers across the globe and uncovers how social media affects their health, helmed by McKinsey partner Erica Coe.)﻿

Der Kreativitäts-Code: 25 Erfolgsregeln für Ihre Kreativität (The Creativity Code: 25 rules for success for your creativity)﻿By Josef Brunner and Christian SellmannAs generative AI becomes more prevalent, business leaders in the United States and Europe are finding that creativity and critical thinking are skills that are in high demand—and in short supply. Gen Zers who have hard and soft skills alike should consider adding this title, which functions as the pragmatist’s guide to creativity, to their bookshelves.

Travelers say friends and family ignite their wanderlust most—and at more than double the rate of influencers.﻿

Club Zed. Gen Zers are joining running, book, and craft clubs to help fight loneliness and to try and spend less time online (ironic, considering they often hear about these groups on social media). [Guardian]﻿

﻿NEET cheat sheet. NEETs, or “not in employment, education, or training,” are young people who are voluntarily opting out of jobs and schooling. Are Gen Zers really just loafing or are they having a tough time getting hired? [Business Insider]﻿

—"
"35","Gen Zers get degrees. The jobs? TBD.",2024-06-25,"/~/media/mckinsey/email/genz/2024/06/2024-06-25d.html","To the class of 2024—congratulations! You did it. Now that school is behind you, you’re about to embark on bigger, better, and more lucrative horizons in the corporate world. Er, sort of. The job market for corporate entry-level workers in the United States is feeling the squeeze. As company executives across sectors continue to do what they can to protect their bottom lines, the result has been fewer promotions. That means fewer people are advancing to make room for newbies coming into the fold.","Brought to you by Liz Hilton Segel, chief client officer and managing partner, global industry practices, & Homayoun Hatami, managing partner, global client capabilities

Welcome back! This week, we’re talking about the entry-level job market, the new McKinsey book on leadership, and why one Hollywood heavyweight is coming to Gen Z’s defense.

To the class of 2024—congratulations! You did it. Now that school is behind you, you’re about to embark on bigger, better, and more lucrative horizons in the corporate world. Er, sort of. The job market for corporate entry-level workers in the United States is feeling the squeeze. As company executives across sectors continue to do what they can to protect their bottom lines, the result has been fewer promotions. That means fewer people are advancing to make room for newbies coming into the fold. What’s more, to reduce the time it takes to onboard a new hire, employers are looking for experienced candidates—often asking for multiple years of work experience—even at the entry level. It’s not hard to see that the math here doesn’t square. How are new graduates, or Gen Z career switchers, supposed to snag entry-level work that requires middle-level qualifications? Before anyone gets too discouraged, there’s a bright side. Despite tightness in the labor market for professional services, things aren’t nearly as bad as they were for millennials after the Great Recession. Sure, it might be hard for new grads to land their first job out of school, but it’s not impossible. Employers may want experience, but they’re also increasingly looking to hire candidates based on skills. “One of the things that I’ve seen in the skills-based hiring world is that people are hiring for the most critical skill of a given role or the hardest-to-find skill of a given role,” explains McKinsey senior partner Brooke Weddle on an episode of the McKinsey Talks Talent podcast. “They’re not hiring for all of the skills in a given role.”The disconnect between what employers are hiring for and what candidates might include on their résumés could be contributing to Gen Zers’ woes. In Europe and the United States, there’s a gap in the supply of and demand for higher cognitive skills, such as critical thinking and designing for product and user experience, and the demand for “softer” skills, such as adaptability and creativity, is expected to grow, according to research from McKinsey senior partner Eric Hazan and coauthors. This brings things back to the question at the heart of the matter: How do you build skills without prior job experience? New grads may not be able to qualify for internships once they’ve graduated (never mind that corporations may be offering fewer internships this year, anyway). But Gen Zers can consider externships, or short-term job-shadowing experiences, as well as volunteering, contract work, and courses focused on developing a specific skill (plenty of free options are worth their weight in résumé gold, by the way). The real responsibility here, however, rests with employers. One way that businesses can improve their hiring is to rethink what an ideal candidate looks like. While interviews with potential employees often focus on the technical aspects of a role, hiring managers might undervalue how candidates execute their job responsibilities. The hows of a job (which include maintaining a good attitude, volunteering for nonrole tasks, and helping teammates) can determine an employee’s performance as much as whether the employee can, say, build a spreadsheet. Subsequently, employers can continue to invest in employee skill development—an important driver of Gen Z retention—even if budgets are tight. HR leaders, take note: instead of searching for a holy grail candidate, remember that the best companies evaluate candidates based on their capacity to learn, their intrinsic capabilities, and their transferable skills—at the entry level and beyond.

In a survey of more than 1,000 global C-suite executives, about 40 percent say there’s a shortage of workers with critical thinking and other higher cognitive skills.

newest leadership playbook

All gaslighting, no breaks? “Are we asking [young people] to fix everything, or are we making fun of them for not being equipped to do so?” asks one Hollywood heavyweight. [The Guardian]﻿

‘Literally dead.’ The skull emoji gets the linguistic treatment. [WaPo]﻿

—"
"36","Now versus next: How Gen Z is challenging consumer sector norms",2024-06-18,"/~/media/mckinsey/email/genz/2024/06/2024-06-18d.htm","The consumer landscape is shifting—big time—and Gen Z is playing its part in shaping the industry’s future.","Brought to you by Liz Hilton Segel, chief client officer and managing partner, global industry practices, & Homayoun Hatami, managing partner, global client capabilities

Welcome back! This week, we’re talking about how Gen Z is challenging consumer norms.

﻿The consumer landscape is shifting—big time—and Gen Z is playing its part in shaping the industry’s future. State of the Consumer 2024, a new report from McKinsey senior partner Sajal Kohli and coauthors, finds that Gen Z consumers around the world are shopping in ways that challenge the status quo. Among the nine trends that the authors identify as defining the global consumer market, Gen Z plays a central role in shaping the following:﻿

A taste for the finer things. By 2030, 75 percent of consumers in emerging markets will be between the ages of 15 and 34. These consumers are optimistic about their respective economies—and are willing to spend. Consumers in Asia and the Middle East are interested in premium products, and they are twice as likely as young consumers in advanced economies to trade up (that is, opt for higher-priced brands and retailers).

Like, comment, add to cart. China has led the world in the adoption of social commerce—that is, when consumers browse and buy directly through social media platforms. Young people in countries such as Brazil, India, Saudi Arabia, and the United Arab Emirates are accelerating the adoption of social commerce globally. And in the United States, our consumer analysis indicates the social-commerce market could grow to $145 billion by 2027, up from $67 billion today. According to our survey, Gen Zers make purchases on social media four times more often than older consumers do.

What should retailers and consumer goods companies make of these data points? For one thing, just because Gen Zers in Europe and the United States shop a certain way doesn’t mean that their behavior is mirrored in other parts of the world. For another, across the globe, wellness will continue to be a high-growth category, especially among Gen Zers and millennials. And finally, given that Gen Zers like premium products (don’t we all?), improving the impact of companies’ loyalty programs and instituting smarter pricing strategies are two ways to help bring these shoppers into the fold of a brand (even if they can’t afford top-tier products today) and keep them there as they age.Where are the receipts? Gen Z consumers (and, FWIW, older consumers, too) have been defying expectations—like splurging when previous data indicated they would save—for several years. Retailers and consumer goods makers can no longer rely on Gen Z consumers to divert to historical shopping behavior. As a result, these companies should continually evolve in all corners of the business—from the products they make to their marketing and sales channels—to most effectively engage with consumers.

A sense of belonging at work and feeling valued by one’s manager are two factors that are more important to employees than employers typically realize.

“

”﻿

Regulators, mount up! What do young people expect of AI policy makers? [Semafor]﻿

Dressing in -cores no more. Use this handy guide to avoid 2024’s most “overrated things,” such as “dressing in -cores” or “aughts nostalgia.” Your Gen Z colleagues will thank you. [GQ]﻿

—"
"37","Why Gen Z is more likely to identify as LGBTQ+—except at work",2024-06-11,"/~/media/mckinsey/email/genz/2024/06/2024-06-11d.html","The share of Americans identifying as LGBTQ+ has grown to reach 7.6 percent, up from 5.6 percent four years ago, according to Gallup. A closer look at the split between generations reveals an interesting trend: just over 22 percent of Gen Zers in the United States identify as LGBTQ+, higher than millennials (9.8 percent), Gen Xers (4.5 percent), and boomers (2.3 percent) combined.","Brought to you by Liz Hilton Segel, chief client officer and managing partner, global industry practices, & Homayoun Hatami, managing partner, global client capabilities

Welcome back! This week, we’re talking about LGBTQ+ inclusion, Gen Z health in one chart, and how Zoomers travel.

﻿The share of Americans identifying as LGBTQ+ has grown to reach 7.6 percent, up from 5.6 percent four years ago, according to Gallup. A closer look at the split between generations reveals an interesting trend: just over 22 percent of Gen Zers in the United States identify as LGBTQ+, higher than millennials (9.8 percent), Gen Xers (4.5 percent), and boomers (2.3 percent) combined. Gallup points out that “each younger generation is about twice as likely as the generation that preceded it to identify as LGBTQ+.” These figures likely stem from greater social acceptance among young people and cultural acceptance on a broader level. (Remember, the US Supreme Court ruled in favor of same-sex marriage in 2015, when millennials had already entered adulthood.) In a recent Wall Street Journal article on the cultural effects of legalized same-sex marriage, a septuagenarian notes, “Today, many younger people might not even know their elders once had to fight for same-sex marriage. . . . For kids 20 or younger, they’ve never known anything else.” Even with growing LGBTQ+ visibility and higher identification rates among Gen Zers, McKinsey research shows that junior employees are less likely to be out at work compared with their senior colleagues. (While we’ve cited data on the share of Gen Zers identifying as LGBTQ+ in the United States, it’s important to note that employees outside of North America and Europe have a harder time coming out to their colleagues, according to the research.) Young LGBTQ+ employees may feel vulnerable, underrepresented, or isolated in the workplace. A survey of more than 4,000 LGBTQ+ employees in the United States, helmed by McKinsey partner Raelyn Jacobson and coauthors, finds that several parts of the LGBTQ+ employee experience fall short of being truly inclusive:

Two-thirds of surveyed gay and lesbian employees report being an “only” in the workplace.

To quantify inclusion in the workplace, we surveyed employees on how frequently they experience behaviors that make up inclusion, such as self-expression, impartial treatment, and mentorship. LGBTQ+ employees report experiencing inclusion less frequently across almost all the behaviors we measured compared with straight colleagues.

﻿While improving the working experience for these employees is, at its core, a human issue, there is also a business case for more inclusivity at work. Companies with greater gender diversity are more likely to financially outperform their peers, and the gap between corporate leaders and laggards has only grown in the past decade. Gender diversity is particularly important at the leadership level. In a report, McKinsey senior partners ﻿Celia Huber, ﻿María del Mar Martínez Márquez, and Sara Prince and coauthors investigate whether “leadership diversity could be linked to three components of holistic impact—community, workforce, and environment—which all have particularly close connections with employee and community well-being.” Across all three components, the team finds a positive correlation with gender diversity. Top-down inclusivity initiatives may spur the longest-lasting change in an organization, but managers of Gen Z LGBTQ+ employees also have the power to make people’s everyday lives that much better. “Microaggressions are small but add up to negative impact,” says McKinsey partner Diana Ellsworth in a McKinsey Talks Talent podcast. “Conversely, every time we use inclusive language, we give a positive signal: this is a safe environment where LGBTQ+ employees are respected and valued.”

Gen Z’s health challenges appear across physical, mental, social, and spiritual dimensions.

Part-time influencer, full-time politician. Gen Zers who are running for office in upcoming European elections are using social media to reach a new segment of eligible voters. [Politico]

Secrets revealed. How are Gen Zers using generative AI—and what do they really think about this new technology? [Common Sense]

—"
"38","All jokes aside: Why Gen Z needs more fun at work",2024-06-04,"/~/media/mckinsey/email/genz/2024/06/2024-06-04d.html","For Gen Z, the workplace is a critical environment for social interaction. This group may be used to living and working in the same space, and having video meetings instead of coffee chats; that’s all many of them know.","Brought to you by Liz Hilton Segel, chief client officer and managing partner, global industry practices, & Homayoun Hatami, managing partner, global client capabilities

Welcome back! This week, we’re talking about fun at work, young workers in emerging economies, and how identifying one’s purpose can lead to extraordinary results.

For Gen Z, the workplace is a critical environment for social interaction. This group may be used to living and working in the same space and having video meetings instead of coffee chats; that’s all many of them know. But Gen Zers have also reported lower levels of emotional and social well-being compared with other age groups, according to research from McKinsey partners Erica Coe and Jenny Cordina and coauthors. And, as loyal Mind the Gap readers will know, lower well-being is correlated with worse performance at work.Can having more fun with your teammates help make things just a bit better? We have questions.What does it even mean to have fun?“‘True fun’ is the confluence of three psychological states: playfulness, connection, and flow,” the author and science journalist Catherine Price told McKinsey. Price, who wrote the book on fun, defines playfulness as doing something for the sake of it, connection as being connected to another person or to yourself, and flow as getting so absorbed by your present experience that you lose track of time. Price also defines “junk flow” as the passive state of consuming stuff (binge-watching TV or scrolling endlessly on your phone, for example), noting that spending time this way is not as enriching as true fun.Having fun with your coworkers can improve workplace productivity and aid in employee retention, which means that, all jokes aside, fun at work can be serious business.Now I’m supposed to have fun at work? Team-building activities give me the ick.Just like when wellness becomes a work stream, nothing is less fun than forced fun. There are two approaches that can help make having fun at work pleasant, according to Price. The first is about creating “playgrounds” (activities where fun can happen) or offering props (such as a bowl of conversation starters) for coworkers to have fun with one another. The second approach is to adopt a “fun mindset,” as Price calls it. This entails bringing an element of fun or delight to parts of the workday in unstructured ways.For example, when employees experience something that brings them joy individually (maybe it’s a movie they watched over the weekend), they can share it with their team, perhaps on their workplace’s instant messenger. (Designated chat rooms can be a lifeline for isolated workers: one company’s most popular community chat group, which is offered by its contracted mental health provider, is called “Loneliness.”)Employers can also benefit from thinking outside the chat box, literally: getting outside together is another way teams can have fun. Doing so can also help boost team creativity and performance while reducing the risk of burnout.Who’s responsible for making the workplace a fun place?If you don’t automatically equate your boss with fun, you’re probably not alone. Nevertheless, fun at work can be a top-down initiative for a few different reasons. First, bosses and supervisors play a big role in employee job satisfaction, which is an important determinant of workers’ overall well-being. Second, employees look to bosses for their cues on what kind of behavior is acceptable and encouraged, so if the workplace culture isn’t one in which fun already exists, it won’t become more fun unless leadership endorses the shift.Managers might also tap their team’s “thriving stars”—defined by McKinsey senior partner Aaron De Smet and coauthors as those employees who are top performers, who have found meaning and purpose at work, and who have created psychological safety and trust in a team setting.Bottom line, Gen Zers: if yapping makes you feel like the office is fun, yap away.

Emerging economies, which have a growing population of young workers, are experiencing rapid urbanization. The shift could lead to a boost in savings and consumption.

Rite of passage. Gen Z is reversing a decades-long decline in teen employment. [Axios]

Classrooms, careerism, and control. Students at elite colleges are once again stepping onto the “prestige escalator.” [NYT]

—"
"39","Will Gen Z watch the Olympics?",2024-05-28,"/~/media/mckinsey/email/genz/2024/05/2024-05-28d.htm","This summer, a new class of Gen Z Olympians will head to Paris to compete for gold. But will their peers watch them vie for a place on the podium?","Brought to you by Liz Hilton Segel, chief client officer and managing partner, global industry practices, & Homayoun Hatami, managing partner, global client capabilities

Welcome back! This week, we’re talking about how Gen Z consumes sports, the cost of unproductive labor, and moving past the AI honeymoon stage.

This summer, a new class of Gen Z Olympians will head to Paris to compete for gold. But will their peers watch them vie for a place on the podium?As with millennials before them, there’s a persistent myth that Gen Z doesn’t care about sports. While that may not be true, how they like to consume sports media certainly differs from older generations.One in five Gen Z sports fans don’t watch live sports, according to McKinsey research. What they do spend time and money on—video games and e-sports, fantasy leagues, and digital collectibles, but notably not live-sports subscriptions—is correlated with their household income. That means that as they earn more over their lifetimes, they may spend more on sports-related purchases.As the Olympic Games inch closer, McKinsey partner Ben Vonwiller, who helped spearhead the research, talks to Mind the Gap about Gen Z’s interest in sports and its consumption habits. (This interview has been edited for length and clarity.)Mind the Gap: So let’s get this straight. Gen Zers care about sports, but they don’t care about watching live sports?Vonwiller: In our research, when it comes to digital behaviors—consuming media online instead of through traditional channels like cable TV—millennials were the inflection point between generations. Gen Z and millennials behave similarly in their digital-media-consumption behaviors, which makes sense since they both grew up with smartphones. Social media, for instance, is a big channel for Gen Z, since they can catch clips and discussions of games.MTG: Are there ways Gen Zers differ from millennials? Vonwiller: Beyond their digital behaviors, we see Gen Z has different attitudes toward sports. For example, they care about having their identity reflected through sports. They want to see diverse athletes, they care more about women’s sports, and they don’t identify with teams the way older demographics do. Instead, they follow the athletes. That’s a very different way to think about fandom.MTG: Do all the sports documentaries on streaming services have anything to do with that? Or should we be thanking Taylor Swift and Travis Kelce?Vonwiller: Those narrative shows are now a legitimate way to get fans—or potential fans—excited about a sport. They work as a source of fandom because viewers engage with a human-interest storyline. When people are subliminally engaged in the sport, it becomes less confusing and more accessible. In some cases, you get to see the athletes’ backstories, understand the interpersonal dynamics of teams, or get a glimpse of the glamour.MTG: Does the same thing happen when fictionalized sports movies are released? When the Hunger Games movie came out, more people—and a disproportionate number of women—took up archery.Vonwiller: The documentaries have the real human-interest component, whereas the fictional ones don’t as much. But it’s true that when culture and sports come together, sports or even teams can seem like lifestyle brands in their own right.MTG: We know that Gen Zers consume sports through gaming, digital media, and adjacent entertainment, such as documentaries. They’re also interested in sports tourism, meaning they’ll travel to see a sporting event. Does this mean that reaching Gen Z is a slam dunk for sports broadcasters, leagues, and media companies?Vonwiller: Companies shouldn’t underestimate how different Gen Z’s consumption habits are—and how powerful their spending power will be over time. It’s easy to think that a media company might not have to worry about Gen Z’s preferences now, since they also still have to reach older audiences. But there’s a real risk in not evolving to keep up with Gen Z.

One hour of “unproductive labor” per week per employee costs companies $15,000 a year.

﻿‘Secondhand nostalgia.’ How many cassette tapes of Taylor Swift’s latest album sold? Not zero! [Bloomberg]

Acronym soup. DINKs, HENRYs, HIFIs, oh my … [Business Insider]

—"
"40","A career hack for the Gen Z ‘ideal-matist’",2024-05-21,"/~/media/mckinsey/email/genz/2024/05/2024-05-21d.html","Idealists sometimes get a bad rap for prioritizing their vision of a utopian world over the practicality of the one we live in. But not Gen Zers, who are known for both their idealism and their pragmatism.﻿","Brought to you by Liz Hilton Segel, chief client officer and managing partner, global industry practices, & Homayoun Hatami, managing partner, global client capabilities

Welcome back! This week, we’re talking about AI for social good, bad bosses, and the explosion of CareerTok.

Idealists sometimes get a bad rap for prioritizing their vision of a utopian world over the practicality of the one we live in. But not Gen Zers, who are known for both their idealism and their pragmatism.﻿ They’re interested in making a stable income, although compensation isn’t their only motivation. Career development and meaningful work are just as important to them. In fact, we might call Gen Zers “ideal-matists.” (Voilà, a new portmanteau is born.)So where does that leave Gen Z professionally? A new report from QuantumBlack, AI by McKinsey, could help illuminate a career path for Z babies. In 2015, the United Nations adopted 17 sustainable development goals (SDGs) to end poverty, protect the planet, and spread peace and prosperity around the world. AI is already being used to further some of these aims, such as establishing sustainable cities and providing quality education for all. And generative AI (gen AI) opens up even more possibilities, according to the findings of the report, helmed by McKinsey Global Institute partner Michael Chui and coauthors. Gen AI can enhance productivity, including through personalization and language translation, and can democratize access to knowledge. These are just a few of its 600 use cases that could address social and environmental challenges related to the UN SDGs, Chui and coauthors write. In theory, sure. What about in practice? Let’s take the UN SDG of peace, justice, and strong institutions as an example. Machine learning could be used “to detect and curb the spread of misinformation, provide access to information that enables advocacy for policy change, and improve measurement of specific policy interventions,” the report finds.AI is only one part of the puzzle, though. The report tells us that finding and keeping AI talent is the second-biggest challenge in deploying AI to achieve SDG targets, according to experts surveyed (representing 48 organizations across 17 countries). It falls just behind data availability, accessibility, and quality and is ahead of organization receptiveness and change management. Even though there’s more AI talent globally today than there was just a few years ago, that talent is unevenly distributed in countries such as Germany, India, and the United States. This is where Gen Z comes in. Zoomers—many of whom have already expressed an interest in gen AI and a ﻿disinterest in traditional tech work (at least for the time being)—could bring their emerging AI skill set to SDG work. One way to do that is to pursue AI alongside “other areas, such as sustainable development, specific organizational contexts, or local culture,” a combination that “can be especially hard to come by,” Chui and coauthors say, since talent in not-for-profit companies may not yet be well versed in AI.Businesses that don’t focus on SDGs can also help by offering their Gen Z talent opportunities to pursue this kind of work alongside their day jobs. That may mean allowing data science teams to work on SDG projects for partner organizations—such as DataKind, a global not-for-profit organization that pairs global data science talent with SDG projects, and similar groups—or providing time to develop these projects in-house. (Some of the biggest tech companies are already doing this.) The result? A win–win–win situation. Gen Zers may find that their work has greater purpose, employers may more easily retain their younger employees, and the world may become a better place. Three cheers for Gen Z.

Agriculture accounts for nearly a quarter of global greenhouse gas emissions, but sustainable farming practices need to show an ROI if farmers are to adopt them.

Scroll for a role. CareerTok, or the corner of the internet where Gen Zers post and read about career experiences, could upend traditional job search behavior. [Economist]

The new status symbol. Zoomers are flocking to technical expertise, not logos, in fashion. [Vogue Business]

—"
"41","Why spiritual health matters for Gen Z",2024-05-14,"/~/media/mckinsey/email/genz/2024/05/2024-05-14d.html","Gen Zers are known for being purpose-driven at work. But finding that purpose in their own lives is more difficult. That feeling may contribute to the cohort’s relatively poor spiritual health, which in turn is correlated with all other kinds of health—mental, physical, and social.","Brought to you by Liz Hilton Segel, chief client officer and managing partner, global industry practices, & Homayoun Hatami, managing partner, global client capabilities

Welcome back! This week, we’re talking about Gen Z and spiritual health, the cost of silence at work, and the valuable employees likely to leave their jobs.

Gen Zers are known for being purpose-driven at work. But finding that purpose in their own lives is more difficult.That feeling may contribute to the cohort’s relatively poor spiritual health, which in turn is associated with all other kinds of health—mental, physical, and social. A new McKinsey Health Institute (MHI) survey, led by McKinsey partners Erica Coe ﻿and Kana Enomoto, finds that most people of all ages across 26 countries said that spiritual health is “somewhat to extremely important to them.” Unfortunately, Gen Zers report the lowest levels of spiritual health among all respondents. What is spiritual health? Its definition is broader than religion, encompassing the meaning in one’s life, a broad sense of connection to something larger than oneself, and a strong sense of purpose, Coe and team write. This dimension of health can be strengthened through community or a calling. (Spiritual health is viewed differently across the world. For example, in higher-income economies, people were half as likely as those in lower- or middle-income economies to say spiritual health was extremely important.)Wait, why is McKinsey writing about spiritual health? MHI, the non-profit-generating entity within McKinsey that conducted the research, takes a holistic approach to defining health, which encompasses physical, mental, social, and, yes, spiritual health. This POV allows both private and public stakeholders, such as employers and government agencies, as well as individuals, to consider these elements when designing solutions to improve performance and well-being. What does this have to do with Gen Z employees specifically? In the MHI survey of employees, Gen Zers who report poor spiritual health are about four times less likely to say they have good or very good mental health than those reporting neutral or good spiritual health. In addition, those with poor spiritual health are about two times less likely to report good social or physical health.

“This may indicate that some employees, regardless of country, are struggling to integrate meaning into their lives and work, which could, in turn, affect their physical, mental, and social health,” write Coe and coauthors. To be sure, while Gen Zers tend to report worse mental health than older generations, there are several age- and circumstance-specific factors that may affect their responses, in addition to cohort-specific feelings. Plus, Gen Zers are still young—the eldest in the group are only about 27—and many may still be trying to figure out what matters to them in life.

Gen Zers interested in improving their spiritual health—and, therefore, all other related health factors—can begin by identifying their individual purpose. That’s a daunting task, but one made simpler by starting with basic questions, like, “What brings me joy? What am I good at? What do I care about?” (Mentors, take note.) Employers interested in fostering a sense of purpose among their employees can consider the following actions:

More than two-thirds of Gen Zers in the MHI survey said that a purposeful mission statement and opportunities for pro bono work are “very important” or “important” when it comes to selecting an employer. Employers can make volunteering easier to do, either by offering paid volunteer hours or considering volunteer time as a factor in performance reviews (rewarding those employees who volunteer but not penalizing those who do not).

Even if employees feel they can foster a sense of purpose at work, that goodwill does not override negative elements such as toxic behavior and burnout. It’s also worth noting that plenty of employees do not seek purpose through their work but outside it—for example, by pursuing volunteer activities not connected to their employer, helping family members, seeking community, or all of the above.

Air travel demand soared after pandemic restrictions were lifted. But aircraft makers are having a tough time repairing old planes and meeting new aircraft orders. A new approach to supply chain management could help.

Can I see your homework? Don’t be this person. [CNBC]

OK, doomer. “Money dysmorphia” is coloring how Gen Zers view their financial well-being. [WSJ]

—"
"42","Can Gen Z shake the stigma associated with these jobs?",2024-05-07,"/~/media/mckinsey/email/genz/2024/05/2024-05-07d.html","New research from McKinsey partner Brooke Weddle and coauthors finds that the market for skilled laborers in the United States is about to get squeezed: by 2032, there will be roughly 22 times more new hires in critical skilled-trades roles than there are new jobs in those categories (such as carpenters, construction laborers, and electricians).","Brought to you by Liz Hilton Segel, chief client officer and managing partner, global industry practices, & Homayoun Hatami, managing partner, global client capabilities

Welcome back! This week, we’re talking about getting Gen Zers into skilled labor, who’s really using generative AI (gen AI), and the myth of the urban “doom loop.”

In the United States, the manufacturing sector is critical to the economy once again. But les bons temps may not roll for long.New research from McKinsey partner Brooke Weddle and coauthors finds that the market for skilled laborers in the United States is about to get squeezed: by 2032, there will be roughly 22 times more new hires in critical skilled-trades roles than there are new jobs in those categories (such as carpenters, construction laborers, and electricians). Translation: turnover in these jobs will be high and could cost US companies more than $5.3 billion every year in talent acquisition and training costs alone.What does this have to do with Gen Z? The combination of the aging US population and too few young people entering the trades means the manufacturing and skilled-labor pool is shrinking—fast. (BTW, it’s not just the US manufacturing sector that’s confronting labor market and productivity challenges: a key part of Africa’s growth lies in ensuring millions of young people can step into manufacturing jobs, while India could become a manufacturing powerhouse if it can also improve worker productivity.)Let’s first examine why Gen Z may not be interested in skilled labor roles, which can offer great job security, benefits, and high pay without shelling out for a four-year college degree.Despite recent headlines that call Gen Z the “toolbelt generation,” for some, there’s still a stigma associated with pursuing a trades job. One survey Weddle’s team cited found that among 1,000 US-based 18-to-20-year-olds, 74 percent perceive a stigma associated with choosing vocational school over a traditional four-year university. Meanwhile, 79 percent of respondents said their parents wanted them to pursue a college education after high school; only 5 percent said the same about vocational school.That stigma has resulted in a decline in the share of Gen Zers in the manufacturing workforce﻿, according to McKinsey senior partner Fernando Perez and coauthors, even though more than 20 million Gen Zers have reached adulthood since 2019. (Conversely, older workers’ share of that same workforce has risen by about three percentage points, to 26.5 from 23.6 percent.) For those Gen Zers who are open to jobs in the trades, engagement is low, and they’re more likely to leave than older workers.Manufacturers, like other businesses, can’t buy their way out of this hole. Traditionally, manufacturing companies offered dissatisfied workers more money to keep them around. But even if that option were affordable, it wouldn’t do much to keep Gen Z employees over the long term.In a McKinsey survey of Gen Z workers in manufacturing, Perez and coauthors found this instead:

Attracting and retaining Gen Z talent in manufacturing—a critical lifeline to the US industry’s growth—means rethinking how business has been done for half a century. Making manufacturing and trades jobs more flexible could help. Rather than demanding employees work a rigid set of 12-hour shifts, businesses could offer people more part-time opportunities, allow employees to opt into shifts based on their availability, and encourage employees to cross-train for different roles to improve their own flexibility.Beyond making manufacturing jobs more flexible, businesses can focus on four ways to attract and retain Gen Z:﻿

And a reminder to Gen Zers: taking a chance on the skilled trades might bring new opportunities your way.﻿

It’s not just coders: people working in nontechnical roles (such as middle managers, healthcare workers, educators, and administrators) are using gen AI to complete their tasks.

Cord cutting continued. Gen Zers are likely to cancel TV and streaming memberships that require a premium for more content. [Axios]

All haste and endless waste. With no end in sight, the era of buying cheap junk marches on. [Atlantic]

—"
"43","HR’s upgrade is Gen Z’s gain",2024-04-30,"/~/media/mckinsey/email/genz/2024/04/2024-04-30d.html","This week, we’re exploring how HR can better engage Gen Z, the luxury-travel boom, and how to organize your time like a CFO.","Brought to you by Liz Hilton Segel, chief client officer and managing partner, global industry practices, & Homayoun Hatami, managing partner, global client capabilities

Welcome back! This week, we’re exploring how HR can better engage Gen Z, the luxury-travel boom, and how to organize your time like a CFO.

Human resources teams get a bad rap. One look at Gen Z favorite The Office brings the HR stereotype to life: the local HR rep for the TV show’s fictional paper company is one Toby Flenderson (aka “Jerky Jerk Face,” “Evil Snail,” and “everything that is wrong with the paper industry”). He’s the company’s token fun-squasher—and, as a result, its go-to punching bag.While it’s true that HR’s work is in the interest of employers, organizations that put employees at the center of their business strategy perform better than their competitors, McKinsey research shows. Still, HR is aware of how employees may perceive it, and across the organizational-performance (consultant-speak for “HR”) industry, people leaders say they are working to be more responsive to their employees’ needs.This trend is coinciding with a historically tight labor market (translation: more job openings than there are qualified people to fill them). These conditions may have helped to shape Gen Zers’ POV on their careers; Gen Zers are more emboldened to speak up or step out in search of a new job if their current employer falls short of their expectations.According to McKinsey senior partner Vincent Bérubé and coauthors, retaining Gen Zers—and empowering them with new skills—can happen, but HR and corporate leaders need to take the following actions (no cherry-picking!):

Create a hiring engine to compete for talent: Attracting top talent is tough. HR and other leaders across the organization can expand the talent pool by considering candidates who have been skilled through alternative routes, which is one way to attract Gen Zers who may not have traditional four-year degrees. Another way to attract more qualified Gen Z candidates? Revise job descriptions to highlight not only the functions of a job but also the benefits that are most appealing to Zoomers. Gen Z ranks career development and advancement potential, total compensation, and meaningful work as the top three considerations for taking a new job.

Make people and performance your mantra: Create clear lines of accountability and improve the employee experience by peeling away layers of bureaucracy. Offering Gen Zers regular, collaborative, and empathetic feedback about their performance can help not only to retain them but also to enforce a system of rewards and consequences that can lead to better employee morale.

Finally, HR departments can also become more agile and responsive to employees, which might mean revamping how they work—for example, by implementing more efficient processes and more advanced tech. Someone, please forward this message to Toby Flenderson.

After the COVID-19 lockdowns ended, spending on recreational experiences such as stays at luxury hotels reached their highest level since 1960.

An Indian youthquake. India’s first-time voters—18 million of them—cite job security, education, and religious harmony among their top issues in this year’s elections. [Reuters]

Full house. Managing six generations in the workforce at once—how hard could it be? [HBR]

—"
"44","Are Gen Zers sick of the digital world?",2024-04-23,"/~/media/mckinsey/email/genz/2024/04/2024-04-23d.html","Do Gen Zers long for a world where analog devices reign supreme? Some evidence suggests this might be the case: fatigue with modern-day dating apps is growing, while Gen Zers are taking a greater interest in dumbphones and disposable cameras.","Brought to you by Liz Hilton Segel, chief client officer and managing partner, global industry practices, & Homayoun Hatami, managing partner, global client capabilities

Welcome back! This week, we’re ringing Gen Z . . . please hold while we direct your call.

Do Gen Zers long for a world where analog devices reign supreme? Some evidence suggests this might be the case: fatigue with modern-day dating apps is growing, while Gen Zers are taking a greater interest in dumbphones and disposable cameras.It turns out, the good old-fashioned phone call is just as important as ever, according to new McKinsey research. But it doesn’t totally replace the convenience of digital tools (more on this later).Our customer care survey, helmed by McKinsey partners Eric Buesing and Julian Raabe and coauthors, found that 71 percent of Gen Z consumers listed live phone conversations as among the most preferred customer service support channels (compared with 81 percent of millennials, 86 percent of Gen Xers, and 94 percent of boomers). One company we surveyed reported that its Gen Z customers are 30 to 40 percent more likely to call ’em up than millennials, using the phone as frequently as baby boomers. And a quarter of Gen Zers say they expect live phone support tools when dealing with premium brands or services.“Companies that want to cater to Gen Z can think about shifting their emphasis from resolution to engagement . . . and being able to handle increasingly complex problem solving over the telephone, particularly for high-end products and services,” said McKinsey partner Brian Blackader.Z babies may be inclined to pick up the phone to deal with a customer service issue, but of course, they also use digital tools—such as live messaging and chatbots—to find solutions to their problems. (Gut check: while Gen Zers may use social media platforms to discover new products or keep in touch with their peers, they use social media less frequently for customer service needs, our survey found.)Brands and services across sectors—including consumer packaged goods, travel, banking, insurance, and more—should augment their personalized, human customer service interactions with technology, particularly AI tools, to keep up with Gen Z customer expectations. Without both easy-to-use digital customer service tools and well-trained customer service agents, businesses risk losing Gen Z customers altogether.One cautionary tale comes from the telecommunications sector: without AI-enabled customer service tools, a European telecommunications company’s customers who spent long periods on hold (been there), were transferred from agent to agent (heard that), or had to make multiple calls to resolve a single service issue (﻿I’m in this photo and I don’t like it) were likely to remember how negative that experience was, even if their issue was resolved. Those customers who had to make two or more phone calls to fix connectivity issues were almost twice as likely to walk away at the end of their service contract.Ultimately, the goal for any consumer-facing business is to build digital tools that can help solve customer service issues before their Gen Z customers even realize they need to speak to someone.“Data and analytics can enable contact center agents to predictively identify opportunities to delight, preemptively solve issues based on personalized needs . . . and determine the right times to reach out when a live interaction is preferred,” noted McKinsey senior partners Jorge Amar and Maurice Obeid and coauthors. “These insights can help create a better-trained, more empathetic workforce to support proactive outreach.”In the meantime, keep the phone lines open.

Boosting employee health across six dimensions—social interaction, mindsets and beliefs, productive activity, stress, economic security, and sleep—could create economic value that is equivalent to raising global GDP by up to 12 percent.

Playing the part. Why is Gen Z obsessed with the “old money aesthetic”? [GQ]

Hierarchy of needs. This is the most influential driver of Gen Z happiness. [Walton Family Foundation]

—"
"45","Buy five, get one Z: Gen Zers and loyalty programs",2024-04-16,"/~/media/mckinsey/email/genz/2024/04/2024-04-16d.html","In a sea of endless options, why settle for good enough? No, we’re not talking about Gen Z’s dating woes. Rather, consumer brand loyalty—or should we say disloyalty—is the topic du jour. Zoomers, for their part, are relatively disloyal, willing to try new brands they hea","Brought to you by Liz Hilton Segel, chief client officer and managing partner, global industry practices, & Homayoun Hatami, managing partner, global client capabilities

Welcome back! This week, we’re exploring Gen Z’s loyalty status with a McKinsey expert.

In a sea of endless options, why settle for good enough?No, we’re not talking about Gen Z’s dating woes. Rather, consumer brand loyalty—or should we say disloyalty—is the topic du jour. Zoomers, for their part, are relatively disloyal, willing to try new brands they heard about on social media without so much as a goodbye to their former (brand) love. But really, who can blame Gen Zers for their willingness to explore the brand universe? Expectations for customer service and product quality are high, and when left unmet, it’s easier than ever to find an alternative. ﻿One way to lock consumers in has been loyalty programs, which, as it turns out, have been around for hundreds of years. Major airlines, credit card companies—even your local coffee shop—offer loyalty incentives, but in today’s economic environment, the occasional perk isn’t enough to capture consumers over the long term. In a recent article, McKinsey senior partner Emily Reasor and coauthors discuss how to overcome the challenges in making loyalty programs relevant for today’s consumer. They found that tiered reward systems can help bring more customers into the fold than a one-size-fits-all loyalty program. McKinsey partner Oren Eizenman, one of the article’s authors, spoke with Mind the Gap about how Gen Z’s expectations for loyalty programs differ from those of older generations. Below is an edited version of the conversation.How does Gen Z interact with loyalty programs compared with older generations? Gen Z tends to be more value conscious when it comes to loyalty programs. They like rewards that they can attribute a value to, and they are more likely to do the math on a program’s economics.What are some of the standard fixtures of loyalty programs that are not relevant for Gen Zers? Gen Z actually appreciates most of the same things that older consumers appreciate in loyalty. Beyond value, they seem drawn to the recognition, experiences, and sense of community these programs curate. Within each industry, though, we see different preferences for Gen Zers. For instance, in travel we see that Gen Zers appreciate benefits that give them convenient or expedited access to travel amenities much more than older generations.What’s at stake for consumer businesses in making loyalty programs more appealing to Gen Z? If they don’t, they will lose their customers—it’s that simple! Most consumer companies are trying to straddle the line between keeping their older customers happy while trying to get Gen Z customers excited about their offering. One way to do this is by adding flexibility into their loyalty programs so that all generations find what they are looking for.Gen Z is notoriously disloyal when it comes to shopping consumer brands, so do loyalty programs even matter? Or do they matter even more because of this? Loyalty programs matter more than they ever have. Not just because all shoppers are less loyal than they used to be or because they have more options than they ever have before; rather, it’s because almost every consumer company has introduced some version of a loyalty program, which has raised the bar and customer expectations for them. When loyalty programs are designed correctly, they have a huge impact on customer behavior (this is true about Gen Zers and older consumers). They increase how frequently and how much consumers spend, reduce how many customers they lose to competitors, and make consumers less sensitive to changes in price.

Investments in mobility may have declined last year, but companies that specialize in batteries and autonomous vehicles gained new momentum.

Elbows off the table. Do manners matter to Gen Z? Has the presence of cell phones at the dinner table become “insidious”? The polls are now open. [Vogue]

Support function. Employees are disclosing their neurodiverse conditions during performance reviews. [FT]

—"
"46","Are Gen Zers more entrepreneurial than millennials?",2024-04-09,"/~/media/mckinsey/email/genz/2024/04/2024-04-09d.html","Some headlines might make you think Gen Zers are a cohort of CEOs and sole proprietors. Some survey data indicate that half of Gen Zers want to be founders.","Brought to you by Liz Hilton Segel, chief client officer and managing partner, global industry practices, & Homayoun Hatami, managing partner, global client capabilities

Welcome back! This week, we’re understanding the forces behind Gen Z entrepreneurship.

Some headlines might make you think Gen Zers are a cohort of CEOs and sole proprietors. Some survey data indicate that half of Gen Zers want to be founders.That wouldn’t be that surprising, if true: Zoomers came of age when becoming a start-up founder seemed relatively easy. Venture capital fundraising soared during the pandemic, often supplying direct-to-consumer start-ups with cash to support then-booming businesses. At the same time, Gen Zers became warier about the value of the traditional four-year college degree, which could have encouraged plenty of them to venture out on their own. And the barrier to entry for starting a new business is arguably lower now, depending on what venture pond you’re diving into (hello, gen AI).There’s still a good chance that in this economy—in which Gen Z faces higher-than-average inflation, student debt, credit card debt, and high housing costs—Gen Zers are actually looking for nothing more than relatively stable paychecks. Our own survey data show that even though Gen Z respondents who are working are more likely to have independent jobs or multiple jobs than older workers, less than a third do so because they enjoy the work or the autonomy it offers; instead, McKinsey Global Institute director and senior partner Kweilin Ellingrud and coauthors have found that the majority (56 percent) of working Gen Zers would prefer to work as a permanent or noncontract employee.(Gut check: this may all be cyclical. The stereotype of the millennial founder—where hoodie-clad tech bros descended upon Silicon Valley to build the next Google—was more myth than reality. Elder millennials graduated college during the Great Recession, had student debt of their own, and struggled “to find a spot in the workforce,” as one Atlantic article put it. “Younger workers have had trouble gaining the skills and experience that can be helpful in starting a business. Some doubt their ability.” Sounds like a familiar refrain. . . .)FWIW, most entrepreneurs hit their stride in their 40s, meaning Gen Zers have another decade-plus to go from red to black in their business ventures. Likewise, the side hustles Gen Z is known for could turn into full-time entrepreneurial work over time, and the vocational programs Gen Zers are flocking to have “entrepreneurial potential,” too. Ultimately, being an entrepreneur doesn’t mean you have to be a start-up founder. Gen Zers can even be entrepreneurial in a corporate environment. This kind of business building can start with figuring out where there are opportunities for your team or company to work better. That may mean identifying a group of colleagues who volunteer to test gen AI tools relevant to your work. Finding “greener” ways to operate could be another path to owning a new venture in your existing job. “The surprising, positive thing is that [new-business building] has become a greater priority, with more than 50 percent of global CEOs naming new-business building as one of their top three priorities,” said McKinsey senior partner Paul Jenkins, who leads McKinsey’s Leap by McKinsey venture group. “That wasn’t the case in the past two years.”

Workers of color could be disproportionately displaced by automation, but skills such as socioemotional understanding could improve job security.

No harm in charmin’. Pardon me, but bad manners could be holding you back at work. [Business Insider]

Smells like ‘Z’ spirit. Gen Z is obsessed with this icon, who died long before any of them were “in utero.” [Guardian]

—"
"47","White Lotus or ‘tattourism’: Inside Gen Z’s travel plans",2024-04-02,"/~/media/mckinsey/email/genz/2024/04/2024-04-02d.html","This week, we’re sizing up Gen Z’s summer travel plans. It’s April, which means we’re just a few months away from the summer travel bonanza. Last year, Gen Zers made headlines for their unapologetic globe-trotting, no matter the hit to their (digital) wallets.","Brought to you by Liz Hilton Segel, chief client officer and managing partner, global industry practices, & Homayoun Hatami, managing partner, global client capabilities

Welcome back! This week, we’re sizing up Gen Z’s summer travel plans.

It’s April, which means we’re just a few months away from the summer travel bonanza. Last year, Gen Zers made headlines for their unapologetic globe-trotting, no matter the hit to their (digital) wallets.This year, Zoomers are once again planning their summer itineraries, keeping experiences, authenticity, and values top of mind (not surprising for these “inclusive consumers,” as McKinsey senior partner Kelsey Robinson and colleagues refer to Gen Zers). As a result, new hot spots are emerging. Some Gen Zers have their sights set on Southeast Asian countries, such as Thailand and Vietnam, where the cost of the flight to get there from the other side of the world may be high but the cost of food, lodging, and experiences is relatively low. Thailand may also draw a subset of ink-seeking Gen Z “tattourists,” as well as those who want to feel like they’re living their on-screen fantasies IRL and those looking for eco- and cultural-tourism destinations.Thailand also happens to be a popular travel locale among tourists from India, where the median age is about 27 years old. McKinsey research finds that there will be a wave of outbound tourism from India in the next 15 years, growing from 13 million trips in 2022 to over 80 million by 2040. These travelers will opt for destinations, such as those in other parts of South Asia and the Middle East, where they can touch down in less than four hours. Of course, not all Zoomers will find themselves on a flight to Koh Phi Phi this summer. Airfares (whether they get more expensive or level off) and other travel costs for international destinations are pushing some Gen Z travelers, at least those in the United States, to choose domestic destinations instead. In fact, high prices are challenging travel-hungry Gen Zers to stretch their budgets even further this year.For much of the past year, Gen Zers ranked travel as the category in which they intended to splurge the most. That shifted earlier this year, when Z babies in our latest US consumer spending research said that they would rather splurge on groceries than on travel. (We are not going to Italy for pasta. We have pasta al limone at home!!)That’s not to say travel is no longer important to Gen Zers—they still crave experiences, both near and far from home. But winning Gen Z’s business means the travel industry (including airlines, hotels, and booking services) will have to tailor their offerings to meet Gen Zers where they are. Here are five strategies to consider:

Game time. Sixty-seven percent of Gen Z and millennial travelers said they are interested in traveling to see a sporting event this year (compared with 58 percent of all respondents), making sports tourism another popular experience-based travel category. Offering travel promotions or content around these events—such as Formula One races or the Olympics—may help attract Gen Zers.

Among the top ten tech trends in mobility, businesses are focused most on applied AI or the process of bringing AI into the real world.

The teen screen effect. A social psychologist is calling for a ban on social media for kids and teens. [Politico]

‘Yassification’ of the cubicle. We’ve reached the point in the cycle when young professionals are romanticizing office life. [Fortune]

—"
"48","The ‘Einstein of management’ has advice for Gen Z",2024-03-26,"/~/media/mckinsey/email/genz/2024/03/2024-03-26d.html","Welcome back! This week, we look at whether a nearly 60-year-old article predicted Gen Z’s role in the workplace.","Brought to you by Liz Hilton Segel, chief client officer and managing partner, global industry practices, & Homayoun Hatami, managing partner, global client capabilities

Welcome back! This week, we look at whether a nearly 60-year-old article predicted Gen Z’s role in the workplace.

“Any business that wants to stay ahead will have to put very young people into very big jobs—and fast,” Peter Drucker, the management expert and author who has been called the “Einstein of management,” wrote in a McKinsey Quarterly article called “The manager and the moron,” back in 1967. “The age structure of our population is such that in the next 20 years, like it or not, we are going to have to promote people we wouldn’t have thought old enough, a few years ago, to find their way to the water cooler,” he noted.Despite being wisdom from nearly 60 years ago, that excerpt sounds like something that could be published today. The data backs it up: Gen Zers were appointed to management positions more quickly in 2023 than they were in 2019 and at nearly the same rate as baby boomers.Gen Zers may make up only a small share of the managerial labor market today, but their presence in leadership roles will affect how an organization functions well into the future. A recent Wall Street Journal article reported that Gen Z managers are less hierarchical, more informal, and more focused on catering to employee mental health than older managers might be.How successful that approach is may depend on the unique culture of a given workplace, but there are standard skills that any manager should embody. These include being able to design and execute plans, solve complex problems, communicate effectively, and coach reports in an emotionally intelligent way, according to research from McKinsey partners Emily Field and Bryan Hancock and coauthors. When it comes to catering to employee mental health, empathy is a workplace superpower as it allows direct reports to feel more connected (and therefore to work more efficiently). A word of caution for new Gen Z managers: compassion fatigue—in which managers sacrifice their own mental well-being or too much of their time to cater to others’ feelings—can be detrimental to effective management. Back to that 1967 Drucker article, which was more prescient than anyone might have expected. Drucker wrote that managers need time to understand their teams and the environment around them, but they don’t have that time, because they are too busy working on things that the computers could do. (Seriously, was this guy a psychic?) One could substitute the mention of “computers” with generative AI (gen AI) in Drucker’s article and it would be talking about today. Gen AI is a whole lot smarter than the clerical computational power of the 20th century. But the lesson remains: managers should use the tools available to them to free up time to think.But before that can happen, managers will need to learn how to use gen AI tools themselves. From there, they can effectively manage their people and the use of gen AI to enhance performance. “In other words,” McKinsey senior partner Aaron De Smet and coauthors write, “gen AI will become another member of the team to be managed.” “Most middle managers are doing essentially the same things they did on their entrance jobs: controlling operations and fighting fires,” Drucker said back then. “It isn’t difficult for us to get people into middle management today. But it is going to be, because we shall need thinking people in the middle, not just at the top.”

Around 400,000 employees in the United States will retire from the oil and gas sector in the coming years, putting a squeeze on the industry’s aging workforce.

Ballot blues. About 41 million Gen Z Americans will be eligible to vote this year, but widespread pessimism has them feeling hopeless, whatever the outcome. [WSJ]

The new ‘workism.’ Minor routines matter. [Atlantic]

—"
"49","Friend request: Gen Z to literally anyone",2024-03-19,"/~/media/mckinsey/email/genz/2024/03/2024-03-19d.html","Raise your hand if you’ve ever gone a whole workday without speaking to another person in person. Two days? What about an entire week?","Brought to you by Liz Hilton Segel, chief client officer and managing partner, global industry practices, & Homayoun Hatami, managing partner, global client capabilities

Welcome back! This week, we’re examining how social interactions can improve work performance.

Raise your hand if you’ve ever gone a whole workday without speaking to another person in person. Two days? What about an entire week? For plenty of Gen Zers—who may live alone and work from home—this perpetual party of one is a fact of life. New research from the McKinsey Health Institute just dropped that shows this can be bad for overall health and workplace performance. In the article, “Working nine to thrive,” McKinsey senior partner Patrick Simon and coauthors identify six “modifiable drivers of health” in the workplace: social interaction, mindset and beliefs, productive activity, stress, economic security, and sleep. (For more on modifiable drivers of health—defined as things that can be improved or weakened based on individual choices and how systems and structures operate—read this McKinsey article.) Social interactions at work can affect how well people do their jobs. Feeling like part of a team isn’t just about having a good time; it also boosts innovation, engagement, and the quality of work produced, Simon and team found. This is especially true for people who might not have a big social circle outside of work. Even though the loneliness epidemic Gen Zers (and especially Gen Z men) face has been a headline-making topic for years, we don’t seem any closer to finding solutions. Like it or not, working from home may not be helping matters. A survey of 4,300 US adults has found that people older than 51 are twice as likely to have made friends at work compared with those under 30. While Gen Zers often still turn to college or grade school friends as they move through adulthood, it’s also important—and more difficult—to make new friends in adulthood. Employers have an opportunity to create workplaces that foster better social interactions. Employee assistance programs or workplace benefits usually focus on traditional employee benefits related to finances, for example, but these programs could also aim to encourage richer workplace relationships. Workplace rituals can help too.Gen Zers can also speak up about wanting more social interactions at work. Becoming a de facto team social chair may not be part of one’s job description, but it can still be something worth pointing to during performance review season. (You may even want to tell your manager that organizing workplace social events demonstrates team-building skills in the absence of having direct reports or greater responsibility as an early-career employee.) In any case, putting yourself out there can’t hurt. Your new work bestie is waiting!

High school students in many sub-Saharan African countries may be ten or more years behind their peers in East Asia, Europe, and North America.

Not-so-horrible bosses. Are Gen Z managers a liability or an asset in the workplace? [WSJ]﻿

Immersion therapy. First-time managers often face these four fears. [HBR]﻿

—"
"50","Leveling up the ladder: Gen Z women at work",2024-03-12,"/~/media/mckinsey/email/genz/2024/03/2024-03-12d.html","Among the findings from the latest Women in the Workplace report we published in partnership with LeanIn.Org: young women are incredibly ambitious (lazy girl, who?)—but they still need guidance from their more experienced colleagues.","Brought to you by Liz Hilton Segel, chief client officer and managing partner, global industry practices, & Homayoun Hatami, managing partner, global client capabilities

Welcome back! This week, we’re honoring Women’s History Month with advice on advancement.

Happy Women’s History Month!Among the findings from the latest Women in the Workplace report we published in partnership with LeanIn.Org: young women are incredibly ambitious (lazy girl, who?)—but they still need guidance from their more experienced colleagues. We’ve outlined a few of the challenges facing Gen Z working women in this newsletter before. This time, we’re offering strategies and advice to help Gen Z women progress in their careers.The advice comes from Grace Puma, former PepsiCo exec, and McKinsey senior partner emerita Christiana Shi, coauthors of the new book Career Forward: Strategies from Women Who’ve Made It.The baseline is blunt: “It’s not good enough to be good at your job. That’s the cost of admission,” Puma says in a McKinsey Author Talks interview. “It’s about consistently choosing to set a course to reach your aspirations in your career. That includes making career decisions and building capabilities.” Translation: developing in-demand skills is priority number one.Easy enough, no? If only one knew exactly which skills were in demand and how to develop them. Puma has developed a framework for answering these questions, which she calls the SOAR method:

Self-assessment: Think about the strengths you’ve already got under your belt and those that you need to develop further.

Opportunities: Keep an eye out for paths to broaden your skill set.

Action: What do you need to do to create growth opportunities for yourself?

Red flags: Think through the obstacles that might pop up in your career and derail your growth, having a plan B at the ready.

Now that you’re SOARing … keep these other nuggets of wisdom in mind:

Your own biggest stan: “Advocate for yourself,” says Puma. Start using a productivity and task tracker. (One TikToker’s viral advice on using a productivity tracker to log your contributions at work is *chef kiss.*) This can support Gen Z women—who apparently could use help negotiating their salaries—when performance review season comes along.

Sports such as pickleball, golf, and skateboarding are gaining popularity, while others, such as cheerleading, are seeing participation rates decline.

Self-promo masterclass. Every so often, an inventive résumé goes viral (remember this one?). The latest comes from a marketing manager in Spain. [Bloomberg]

Training wreck. Managers, don’t let this be about you. [CNBC]

—"
"51","Let me take a shelfie: Gen Z’s incoming splurge on beauty products",2024-03-05,"/~/media/mckinsey/email/genz/2024/03/2024-03-05d.html","Ah, spring. A season of renewal—and a time to refresh Gen Z’s beauty shelf, apparently. McKinsey’s latest ConsumerWise research finds that Gen Z consumers in the United States say beauty products are among the categories they intend to splurge on most in the next three months (behind only groceries and tied with apparel).","Brought to you by Liz Hilton Segel, chief client officer and managing partner, global industry practices, & Homayoun Hatami, managing partner, global client capabilities

Welcome back! This week, we’re exploring how Gen Z shops for beauty products.

Ah, spring. A season of renewal—and a time to refresh Gen Z’s beauty shelf, apparently. McKinsey’s latest ConsumerWise research finds that Gen Z consumers in the United States say beauty products are among the categories they intend to splurge on most in the next three months (behind only groceries and tied with apparel). We expect the beauty market to grow by 6 percent a year, reaching about $580 billion by 2027.Gen Z has played a major part in that growth (Gen Alpha tweens are also getting in on the action, shopping for tinted lip glosses and even antiaging wrinkle creams *sigh*).Just because Gen Z intends to splurge on beauty products doesn’t mean sales are a guarantee for any one brand. The market is crowded, which means a beauty brand must know exactly how Gen Z consumers shop and what they expect from a brand if the company’s product is going to stand out on a store shelf. McKinsey’s special report The State of Fashion: Beauty, helmed by McKinsey senior partners Achim Berg, Kristi Weaver, and coauthors, identifies specific Gen Z beauty shopping behaviors. For example, zoomers are more willing than other generations to shop around for products offering the best value: nearly half of Gen Z consumers in our survey say they research beauty products extensively before purchasing them.While Gen Z is propelling growth in the mass and “masstige” (AKA prestige for the masses) beauty segments, they are willing to pay more for beauty products from a sustainable brand or for high-quality beauty products (although they are less willing than millennials to do so).For beauty brands selling premium products, finding success means being able to justify higher prices (for example, by communicating why certain ingredients are more expensive), not just relying on premium positioning alone to demonstrate value. In the adjacent wellness space, consumers are looking for science-backed, clinically proven ingredients more than “clean” ingredients. One could expect this to apply to beauty subcategories as well, including skin care, skin-care-based cosmetics, and hair care.Some other data points about Gen Z beauty buying behavior from our research stood out:

Nearly 40 percent of Gen Zers prefer gender-neutral beauty products, compared with around 30 percent of older consumers.

Gen Z men are also helping to boost beauty sales, particularly in Asia, where around one-third of men in our survey say they use makeup regularly (compared with 5 percent of men in the United States and 10 percent of men in Europe).

When using government services, consumers prefer digital or self-service options over speaking with an agent.

﻿Lazy fare. Are Gen Zers “safety capitalists?” [Fast Company]

-Core this, -core that. Subcultures are a thing of the past. Instead, we now have AeStHeTiCs. [NYT]

—"
"52","Why Gen Z is shopping more frequently than other consumers",2024-02-27,"/~/media/mckinsey/email/genz/2024/02/2024-02-27d.html","Consumer goods makers are seeing volume declines (translation: fewer goods sold) that are pretty unusual for the industry. The quick and dirty: consumers are somewhat optimistic about the economy—and spending more—but prices are weighing on them. As a result, they’re cutting back on the number of purchases they’re making across categories, including grocery, health and beauty, and household items.","Brought to you by Liz Hilton Segel, chief client officer and managing partner, global industry practices, & Homayoun Hatami, managing partner, global client capabilities

Welcome back! This week, we’re talking about Gen Z’s shopping habits.

Consumer goods makers are seeing volume declines (translation: fewer goods sold) that are pretty unusual for the industry. The quick and dirty: consumers are somewhat optimistic about the economy—and spending more—but prices are weighing on them. As a result, they’re cutting back on the number of purchases they’re making across categories, including grocery, health and beauty, and household items.But there’s one group giving consumer businesses hope. Gen Z went grocery shopping one to two additional times per month and shopped for health and beauty products one additional time every other month in 2023, according to new research from McKinsey senior partner Warren Teichner and coauthors. When it comes to online purchases, Gen Z unit sales increased at nearly two times the rate of other generations. Gen Z also helped cushion volume declines in mass- and dollar-store channels.Consumer businesses can more effectively reach Gen Z consumers if they can understand why Gen Zers’ shopping habits were distinct from other age groups. The average Gen Zer increased the number of trips they made to the grocery store in 2023. Why? A few different factors are at play here: Gen Zers “selectively splurged” on dining out in 2023, opting to cook at home as they grappled with inflation, student loan payments, and high housing costs. Grocery stores also became destinations for Gen Zers eager to get their hands on culinary status symbols. As for the increases in online shopping volume: these digital natives may be used to shopping online, but the way they do so is evolving and different from how older generations shop. In addition to shopping online more frequently than older generations, Gen Zers have some emerging nuances characterizing their behavior. For example, some are “quiet shopping”—browsing online shopping sites during the workday, a behavior related to the “quiet quitting” trend. Others are regretting their online impulse buys. Consumer businesses should also know that Gen Zers actually enjoy shopping in person, and have even been credited with revitalizing the mall experience.Reaching these consumers can help stave off declines in consumer goods unit sales—but only if done right. Consumer businesses can invest in the channels Gen Zers are shopping in (which means bringing convenience to online shopping and excitement to in-store experiences), as well as in brand loyalty. Meet you at the mall (or at the thrift shop to hang with the tweens).

Women spend more time in poor health than men—a gap that, if closed, could boost global GDP by $1 trillion a year by 2040.

Magnificent seven (rules). How do you keep Gen Z employees engaged at work? [Fast Company]

Cases without corners. PSA: your soft-edged phone case is cringe. [WSJ]

—"
"53","Gen Z student achievement is down, but these school systems are beating the odds",2024-02-20,"/~/media/mckinsey/email/genz/2024/02/2024-02-20d.html","While it’s true that the oldest Gen Zers have graduated from college and started their careers, the youngest in this group are just entering their teen years. Instead of thinking about their work satisfaction, these Zoomers are faced with a different challenge: many are falling behind when preparing for life after the classroom.","Brought to you by Liz Hilton Segel, chief client officer and managing partner, global industry practices, & Homayoun Hatami, managing partner, global client capabilities

Welcome back! This week, we’re issuing a progress report on school systems around the world.

While it’s true that the oldest Gen Zers have graduated from college and started their careers, the youngest in this group are just entering their teen years. Instead of thinking about their work satisfaction, these Zoomers are faced with a different challenge: many are falling behind when preparing for life after the classroom. Student achievement across the world has stagnated or, in some cases, even declined, according to a new report from McKinsey senior partner Jimmy Sarakatsannis and coauthors. The report examined data from 73 countries and found that over the past decade, only 23 managed to improve student outcomes consistently. Countries where education systems experienced sustained and outsize improvements include Singapore, Estonia, and Poland. In 17 countries, student performance declined, and the remaining 33 countries experienced no improvement. This occurred as education spending increased across countries of all income levels. What’s keeping school systems from making their marks? Education leaders reported having trouble meeting their stated goals for a variety of reasons, including conflicting priorities, insufficient coordination, and leadership discontinuity, among others. The stakes for improving grade school education are high, not just for Gen Z, Gen Alpha, and beyond, but for older generations. Students who receive a poor education could face challenges in the workplace (particularly as social–emotional skills and new technology become distinguishing factors in the labor market), making their managers’ work more taxing. Sarakatsannis and team researched 14 school systems that are beating the odds to figure out what factors are most strongly linked to improving education outcomes. Successful school systems focus first on teachers and the content they want to teach, build coalitions for change, and create structures to give teachers the skills they need to improve student learning. In Singapore, for example, teacher recruitment, development, and retention are top priorities. Teacher candidates are selected from the top 30 percent of their graduating class; once accepted into a teaching program, they must complete 100 hours of professional development each year. This is just one part of the puzzle, though. There are seven strategies for transforming education, the report notes, and school systems that use all of them are six times more likely to be successful than those that use four or fewer are. But it’s no easy feat. The full report offers other rich insights (for example, education technology and generative AI have mixed results in the classroom so far), so it’s well worth a read. There may be a pop quiz next week!

Fertility devices, sexual-health products, and period- or fertility-tracking apps are among the most purchased women’s health products.

No role, will scroll. Layoffs, once a taboo topic, are now prime fodder for Gen Zers’ social media posts. [WaPo]

A wrinkle cream in time. Think Gen Z and Gen Alpha beauty-product-buying behavior is something new? Think again. [Business of Fashion]

—"
"54","What happens when Gen Zers outnumber boomers at work?",2024-02-13,"/~/media/mckinsey/email/genz/2024/02/2024-02-13d.html","This year, Gen Zers, many of whom are newly entering the workforce, are expected to outnumber baby boomers in the US workplace.","Brought to you by Liz Hilton Segel, chief client officer and managing partner, global industry practices, & Homayoun Hatami, managing partner, global client capabilities

Welcome back! This week, we’re wondering, “Are Gen Zers really so different from boomers?”

This year, Gen Zers, many of whom are newly entering the workforce, are expected to outnumber baby boomers in the US workplace. While it’s been a little over a decade since boomers were the largest age group in the workforce (Gen Xers held that title briefly before passing the baton to millennials, who represent the largest share of workers today), the shift still marks a meaningful moment in the modern workforce.Boomers helped shape modern work culture as we know it. Now that younger generations are occupying a greater share of the workforce, will their preferences upend workplace norms? Turns out, Gen Zers have similar expectations and motivations for work as other generations. After surveying more than 30,000 workers around the world, McKinsey senior partner Aaron De Smet and coauthors discovered that among workers who plan to leave their jobs, inadequate compensation, lack of career development and advancement, and uncaring leadership are the top reasons for doing so among all age groups. Gen Zers rank meaningful work just as highly as workplace flexibility as a reason for taking a new job, akin to how other age groups rank these factors.When it comes to staying in a job, Gen Zers rank workplace flexibility, meaningful work, and career development as more important factors than compensation. Compare that with boomers, who rank compensation first, followed by meaningful work and workplace flexibility as the top three reasons to stay in a job. While there’s some overlap between what Gen Zers and boomers want from work, the motivations behind both groups’ rankings may differ or be influenced by their life stage. Gen Zers could be considered “idealists,” unbothered by the concerns that older workers might confront, such as mortgage payments or dependents. Meaningful work matters to Gen Z, but in a different way than it does for boomers, who could be called the “relaxers,” one of five employee personas our research has identified. For this cohort, career no longer comes first (they may even be retirees, or might have left the workforce for other reasons but would be willing to return).What does this all mean for employers? It means the strategies used to attract and retain Gen Z employees shouldn’t veer far from those used for all other groups of employees, but Gen Zers’ specific needs should be considered when setting workplace policies and benefits.Despite their similarities with other generations, Gen Z is changing workplace policies and norms in unique ways. Consider politics: boomers (as well as Gen Xers and millennials, for that matter) have traditionally been less inclined to announce their political beliefs in the workplace. In contrast, Gen Zers are more likely to share their politics at work, which can create a tricky situation for employers. Companies needn’t wade into every conflict, but they can create designated spaces where employees can come together to focus on their similarities rather than amplify their differences.By the way, just because Gen Zers are likely to outnumber boomers at work this year doesn’t mean boomers are exiting the workforce. In fact, many workers in their 60s are deciding to put off retirement or, if they have left the workforce, to return to work later in life, which may actually be good for their health and longevity. This is also a bonus for Gen Zers: more boomers at work means more opportunities for mentorship, which Gen Zers crave.

Fashion execs are using generative AI to write product descriptions and improve online shopping assistance.

A life of serving. Gen Zers aren’t just “flirting” with nonprofit work; they want real careers in the sector—but they want to do it their way. [The Chronicle of Philanthropy]

Oh de parfums! Luxury fragrance sales are up, as Gen Zers want to “smell rich.” Honestly, same. [Bloomberg]

—"
"55","Why Gen Z should embrace—not run from—gen AI",2024-02-06,"/~/media/mckinsey/email/genz/2024/02/2024-02-06d.html","All those fears that generative AI (gen AI) is going to put people out of work may be overblown—at least for the time being.","Brought to you by Liz Hilton Segel, chief client officer and managing partner, global industry practices, & Homayoun Hatami, managing partner, global client capabilities

Welcome back! This week, we’re talking about how Gen Zers can use generative AI to their advantage.

All those fears that generative AI (gen AI) is going to put people out of work may be overblown—at least for the time being. New research from the Massachusetts Institute of Technology says that so far, it’s still more cost-effective for companies to choose humans over gen-AI-powered technology. That’s great news for entry-level workers (hi, Z babies!), since it means their jobs likely won’t be at risk anytime soon, and it gives Gen Zers more time to learn gen AI skills (more on this later).Nevertheless, the gen AI revolution is under way. Since we last covered gen AI in this newsletter, in early 2023, it feels like a lifetime’s worth of progress in the technology has been made. A McKinsey analysis estimates that gen AI could add between $2.6 trillion and $4.4 trillion annually to the global economy. By comparison, the United Kingdom’s GDP is around $3 trillion. Big digits, innit?﻿Given the scale of the opportunity behind gen AI, academic institutions, governments, and companies across industries are exploring ways to integrate the tech into their work. In consumer marketing, gen AI is helping businesses conduct hyperlocal outreach to target customers; banks are using gen AI to help wealth managers answer questions using internal knowledge bases; and in healthcare, doctors are using gen-AI-backed tools to reduce their administrative work and provide better care to patients.﻿Although changes surrounding gen AI in the workplace will ultimately be decided by senior leadership, these decisions will almost certainly affect Gen Zers. These workers are the ones most likely to be in entry-level or middle-manager roles and thus performing some of the work (including more routine tasks such as data collection or basic data processing) that will be augmented in the near term with gen AI, if it hasn’t been already. That means Gen Zers should learn how to use gen AI platforms to make themselves more valuable to their organizations. (Looking for a change? Gen AI can also help with prepping for a new job).As with any new technology, there are warning signs along with the upsides. If organizations aren’t careful, gen AI could fracture workplace mentorship and apprenticeship, which are critical to Gen Z’s career development. Consider the following scenario, which McKinsey senior partner Dana Maor and coauthors outline in a recent article:“Imagine a marketing leader uses a gen AI application to write a creative brief that previously would have been developed by a more junior marketing associate. What will happen to the development and mentorship opportunities for both the leader and associate when the learning process is disintermediated by gen AI?”That said, gen AI tools can, when used thoughtfully, be a boon to mentorship. Gen-AI-powered training platforms could help bring new hires up to speed more efficiently if leaders engage in the training process (leaders could use gen-AI-powered apps to create training modules and to track their employees’ progress, for example). Gen AI applications could also help companies match Gen Z employees with mentors best suited for them.

Gen Z   Gen AI🤝  Getting the job done.

Retailers face pressure from regulators and consumers to use more sustainable packaging. But supply constraints may make that goal harder to reach.

Part-time resurgence. Teens are working part-time jobs at the highest rate since 2009. Lazy zoomers, who? [WaPo]

‘Algorithmic anxiety.’ Social media algorithms are designed to keep users engaged. But they have also diminished the ability to express personal taste. [Esquire]

—"
"56","Addressing Gen Z women’s health: the $165 billion opportunity",2024-01-30,"/~/media/mckinsey/email/genz/2024/01/2024-01-30d.html","Last week, we took a look at how Gen Z spends on health and wellness. This time, we’re focusing on women’s health, and the trillion-dollar opportunity that addressing the women’s health gap could offer.","Brought to you by Liz Hilton Segel, chief client officer and managing partner, global industry practices, & Homayoun Hatami, managing partner, global client capabilities

Welcome back! This week, we’re measuring the real impact of Gen Z women’s health issues.

Last week, we took a look at how Gen Z spends on health and wellness. This time, we’re focusing on women’s health and the trillion-dollar opportunity that addressing the women’s health gap could offer. Women’s health issues are underfunded, understudied, and therefore, undertreated, according to the findings of a new McKinsey Health Institute report by McKinsey senior partners Kweilin Ellingrud, Lucy Pérez, and coauthors.Gen Z women are either just beginning to confront some of these issues or have already been dealing with them, which can take a toll on their physical health, mental well-being, and even their careers. On the flip side, when women deal with fewer health issues, they are able to increase their economic participation and productivity. Addressing the health gap for women in their 20s alone could add $165 billion to the global economy, our report finds. And addressing specific conditions such as premenstrual syndrome (PMS)—which millions of Gen Z women deal with but is often disregarded as insignificant—has the potential to contribute $115 billion to the global economy. Not so insignificant now, huh?If you need more proof, consider endometriosis, in which tissue similar to the uterine lining grows outside of the uterus, causing severe pelvic pain. There’s no cure for the 190 million women who report suffering from endometriosis (the real figure could be double that since it can take ten years to get an endometriosis diagnosis). Women with the condition may be less productive at work and may have higher rates of absenteeism. The upshot: based on today’s share of patients seeking treatment, the market potential for endometriosis treatments is estimated to be worth $180 billion to $220 billion globally, the report finds. It’s not just women’s reproductive health issues or high morbidity rates that need attention. Issues that disproportionately affect women, such as autoimmune diseases or depression, may not be life-threatening but can disrupt daily life in a major way. Healthcare institutions, governments, and investment firms each have a role to play in advancing the science, expanding access to care, and dedicating real money to women’s health. Employers can also do their part to improve the lives of the women within their ranks by finding answers to questions such as, “If there are a disproportionate number of Gen Z or millennial women in our workplace, how do our policies and benefits support—or hurt—them based on their health needs?” and “Are women involved in the decision making around benefits?”Closing the women’s health gap might be worth $1 trillion to the global economy—but the real impact of achieving health equity? Priceless.

Generative AI could transform the banking sector, evolving how customer interactions happen and employees do their jobs.

Coworker cheat sheet. An employee “user manual,” which includes someone’s working and communication preferences, could be the key to better working relationships. [Bloomberg]

No cap(italism). Gen Zers support all the underpinnings of capitalism, such as competition, private property, and profits … but not capitalism itself. [Inc]

—"
"57","Why Gen Z is spending more on wellness than other generations",2024-01-22,"/~/media/mckinsey/email/genz/2024/01/2024-01-23d.html","Gen Zers and millennials are now purchasing more wellness products and services than older generations are according to McKinsey’s latest Future of Wellness research, which surveyed more than 5,000 consumers across China, the United Kingdom, and the United States.","Brought to you by Liz Hilton Segel, chief client officer and managing partner, global industry practices, & Homayoun Hatami, managing partner, global client capabilities

Welcome back! This week, we’re looking at Gen Z’s wellness habits.

At the top of Gen Z’s “in” list this year: all things wellness. Gen Zers and millennials are now purchasing more wellness products and services than older generations are according to McKinsey’s latest Future of Wellness research, which surveyed more than 5,000 consumers across China, the United Kingdom, and the United States. Our research, by McKinsey senior partner Warren Teichner and coauthors, shows that Gen Z is most interested in wellness spending that is focused on appearance and overall health. They also outspend older consumers on mindfulness-related wellness products such as meditation classes, mindfulness apps, and therapy sessions (no surprise here, given Gen Z’s mental health challenges).    Other findings from the report: 56 percent of Gen Z consumers in the United States say fitness is a “very high priority,” compared with 40 percent of US consumers overall. Plus, a focus on healthy aging isn’t exclusive to older generations interested in improving their longevity; younger consumers, too, are seeking preventive solutions to health issues typically associated with aging. There are a bunch of possible reasons why Gen Z is so interested in health and wellness at such a young age. For one thing, Gen Z has more exposure and access to information about health and wellness at an earlier age than other generations have had (FitTok alone, a corner of TikTok where people share workouts, food plans, and other fitness-related content, has amassed more than 64 billion views). It’s also possible that the COVID-19 pandemic—which catalyzed a global focus on health and wellness—coincided with Gen Z’s formative years. And to stave off loneliness, Gen Z is looking for friends in so-called third places, which often include gyms or fitness classes.Wellness brands are already adapting their offerings to better appeal to Gen Zers (one fitness brand, for example, is creating content directly for social media platforms). But Gen Z’s wellness preferences are affecting more than just companies devoting themselves exclusively to that space. Hotels, for example, are broadening their wellness center and gym offerings to appeal to their youngest clients (and the best ones will integrate generative AI to help their fitness offerings stand out). One travel advertising exec says Gen Z has been interested in excursions that include forest bathing (take a walk on the wild side!), fruit harvesting (a Fuji apple a day), and plant-based cooking courses (yes, chef). Companies can think about wellness not just as a product or service but as an employee benefit, too. Perks such as gym membership stipends or mental health resources, for example, could help businesses attract more Gen Z employees.

Climate adaptation plans, which help mitigate the risks of climate change, can also reduce greenhouse gas emissions—a win–win.

Put a ring on it. Meet “the ring guy,” a Gen Z archetypal figure who isn’t afraid to show off a little (or a lot of) hardware. [WSJ]

Pinky up. Some companies will offer “etiquette classes” to their employees in 2024 to help reacclimate newly returned in-office workers who became a little too comfy working from home. [Fortune]

—"
"58","The Gen Z EV equation",2024-01-16,"/~/media/mckinsey/email/genz/2024/01/2024-01-16d.html","Last year, we dedicated an edition of this newsletter to Gen Z’s interest in driving, sparked by news that Gen Zers had been getting their driver’s licenses at a much smaller rate than earlier generations.","Brought to you by Liz Hilton Segel, chief client officer and managing partner, global industry practices, & Homayoun Hatami, managing partner, global client capabilities

Welcome back! This week, we’re talking about Gen Z car ownership.

Last year, we dedicated an edition of this newsletter to Gen Z’s interest in driving, sparked by news that Gen Zers had been getting their driver’s licenses at a much lower rate than earlier generations. In the year since, one big idea (and common refrain) could help explain why Gen Zers aren’t getting behind the wheel of their own cars: Stuff. Is. EXPENSIVE!Recent headlines about Gen Z’s economic well-being have often centered on the idea that Gen Zers can’t afford homes. Cars are the second-largest household purchase, so it’s reasonable to think that a similar story could hold true here. It’s getting more expensive to own and operate a car, up 13 percent in 2023 from the year before, adding a thousand bucks to an individual’s monthly expenses on average.Budget limitations don’t mean that Gen Zers aren’t at least interested in car ownership—particularly electric vehicles (EVs). In Europe, half of Gen Z consumers said that their next vehicle purchase, whenever that happens, would be an EV. Still, a car’s purchase price is the top buying factor for half of Gen Z buyers, according to research from McKinsey senior partner Max Flötotto and coauthors. (And for all consumers, cost is the second-most-important decision factor when deciding between EV-charging options.)The good news for Gen Zers interested in EVs is that prices could start to fall for a couple of reasons. First, the supply shortage that kept prices rising in both the new- and used-EV markets is starting to ease. Meanwhile, some global automakers are finding ways to sell EVs more cheaply than ever by controlling more of their supply chains.Price isn’t the only thing holding Gen Zers back from buying cars, however. These consumers are generally less familiar with leasing options, according to the 2023 McKinsey Mobility Consumer Pulse Survey. More than half of Gen Z buyers said they would like to start an online car-shopping journey based on their budget considerations, the survey showed. The research also found that the opportunity to get a price quote and secure up-front vehicle financing online before choosing a specific car is among the top three disruptions to car purchasing today. EVs, meet EZ?

Indian tourism, fueled by a booming economy and the world’s largest population, is expected to soar in the coming years, from 13 million trips a year in 2022 to an estimated 80 million to 90 million trips in 2040.

Tip o’ the mornin’. CEOs in “risk averse” industries such as biopharma share four lessons on how they made it to the C-suite before age 40. [HBR]

Sales slump. TikTok made Gen Zers want to be real estate brokers—until the market turned. [Bloomberg]

—"
"59","The Gen Z guide to Davos 2024",2024-01-09,"/~/media/mckinsey/email/genz/2024/01/2024-01-09c.html","Welcome to January, a month commonly devoted to intention setting for the year ahead. For world leaders, this happens at Davos, the annual World Economic Forum (WEF) meeting where government leaders and industry titans gather to discuss the world’s most pressing issues. This year’s summit will be held January 15 to 19.","Brought to you by Liz Hilton Segel, chief client officer and managing partner, global industry practices, & Homayoun Hatami, managing partner, global client capabilities

Welcome back and Happy New Year! This week, we’re talking about Davos 2024.Welcome to January, a month commonly devoted to intention setting for the year ahead.

For world leaders, this happens at Davos, the annual World Economic Forum (WEF) meeting where government leaders and industry titans gather to discuss the world’s most pressing issues. This year’s summit will be held January 15 to 19. (For a deeper look at the history of the event and what happens there, read our McKinsey Explainer on the topic.)Where does Gen Z fit in at this headline-making event? If last year’s gathering is any indication, the answer is: everywhere. In 2023, 60 teenagers and other young people met at Davos to identify five themes that mattered to them: AI and inclusion, climate justice, civic empowerment, education and access, and authentic leadership. Meanwhile, global CEOs wondered aloud in several sessions how they might best work with Gen Z job applicants and employees (someone, forward them Mind the Gap!); other business leaders said their Gen Z employees helped push them to adopt more stringent climate change policies. Also at last year’s meeting, McKinsey senior partner and chief marketing officer Tracy Francis and senior partner and chief people officer Katy George noted that Gen Zers take a pragmatic approach to workplace change: they are open to collaboration and compromise, though they still expect the organizations they work for to reflect their own values. As for this year’s summit, attendees, including current members and alumni from WEF’s Young Global Leaders program, expect a few major topics—generative AI, for example—to dominate conversation. Tech entrepreneur and investor Fatoumata Bâ said that the subject of gen AI begs the question: “Power or peril? Davos 2024 conversations will reflect the inherent tensions regarding, on one hand, the tremendous opportunities offered by gen AI … and, on the other hand, the critical ethical and regulatory questions it inevitably raises.” (FYI: the 2024 class of Young Global Leaders at Davos will have been born between 1985 and 1995; the youngest among them will be zillennials and members of Gen Z.) Said one 2023 Gen Z attendee: “We are not inheriting the world from our predecessors. We are borrowing it from our successors.… What will we have done to make their lives better?”

Consumers are recommending airline, cruise, and lodging loyalty programs much less frequently than they were two years ago.

GDP in HD. Pop culture and film are critical elements of the global economy and can even influence geopolitics. Just look at James Bond and K-pop.

Slay less. Gen Alpha is on its way to dethroning Gen Z as monarchs of the digital age, according to a list of predictions about what the year ahead holds. [NYT]

Rest stop. What is rest, really? One author makes the case that exercise can be just as restorative as idleness—and perhaps more. [Atlantic]﻿

—"
"60","Gen Zers, a note about your next promotion...",2023-12-19,"/~/media/mckinsey/email/genz/2023/12/2023-12-19c.html","Nobody ever wants to be in the middle. See: airplane seats, birth order, an argument. For Gen Z, the same may be true for middle management in the workplace. The oldest Gen Zers are on the cusp of advancing out of entry-level jobs and into middle management roles—and they’re not happy about it.","Brought to you by Liz Hilton Segel, chief client officer and managing partner, global industry practices, & Homayoun Hatami, managing partner, global client capabilities

Welcome back! This week, we’re making the case that Gen Z should rethink middle management.

Nobody ever wants to be in the middle. See: airplane seats, birth order, an argument. For Gen Z, the same may be true for middle management in the workplace. The oldest Gen Zers are on the cusp of advancing out of entry-level jobs and into middle management roles—and they’re not happy about it. The aversion to becoming a manager has less to do with the clichéd (and wrong!) stereotype that Gen Z doesn’t want to work and more with how Gen Z feels about doing meaningful work. For decades, “middle manager” was something of a pejorative term. It was as if people who worked in the middle were doing so not because they wanted to but because they got stuck there. Middle managers often have a lot of responsibility but not a lot of power, and their jobs tend to get harder when a business is disrupted, as the Wall Street Journal puts it. Middle management jobs don’t just get harder during volatile periods—in some cases, they get eliminated altogether. In a bid to cut costs and make operations more efficient in an uncertain economic environment, some organizations have thinned their middleman ranks (forgive the gendering).That might seem like a smart strategy in the short run, but there are plenty of reasons to protect the middle—and, for Gen Z, a reason to aspire to it at some point. We even wrote the definitive book on it. In Power to the Middle: Why Managers Hold the Keys to the Future of Work, McKinsey partner Emily Field and her coauthors Bryan Hancock and Bill Schaninger found that without middle managers, organizations have a hard time retaining top talent, transitioning through organizational change, and connecting people and tasks to keep a business operating.It turns out that middle managers are often a wasted resource at work. There tends to be a mismatch between what middle managers value about their role (such as developing their teams) and what they think their companies value about their role (such as individual-contributor work). That can mean a disconnect in how a manager’s performance is measured. Reconciling the real value and purpose in a management role with how success is measured in it is the key to making middle management great again. That brings us back to Gen Z. Homing in on the most purposeful parts of a new job is a proven way to make nascent managers happier at work. “It’s a tough job,” Field said in an interview for McKinsey’s Author Talks. “But it also can be an incredibly rewarding job if the work that the manager is doing is connected to their purpose and passion. . . . Getting to drive results, getting to do more than they thought was possible. That’s a pretty exciting value proposition for a middle manager.”﻿

Whether they’re a boomer or a zoomer, employees have a lot more in common when it comes to work than they think.

Case closed. Behold, the “most compelling business case yet,” linking diversity to superior financial performance.

Monet money. Some Gen Z art collectors are looking for a greater connection to the works they are buying rather than for monetary value alone. That’s despite spending 30 percent of their net worth, in some cases, on the art itself. [Nylon]

Snoopymania. The beloved Peanuts character is the latest icon to become a Gen Z obsession. [WSJ]﻿

—"
"61","Do influencers still influence Gen Z?",2023-12-12,"/~/media/mckinsey/email/genz/2023/12/2023-12-12c.html","The bar to reach Gen Z consumers continues to rise. That’s one of the takeaways from the latest McKinsey and the Business of Fashion State of Fashion report, which examines ten themes that will define the fashion industry in 2024.","Brought to you by Liz Hilton Segel, chief client officer and managing partner, global industry practices, & Homayoun Hatami, managing partner, global client capabilities

Welcome back! This week, we’re exploring the latest findings from our State of Fashion report.

The bar to reach Gen Z consumers continues to rise.That’s one of the takeaways from the latest McKinsey and the Business of Fashion State of Fashion report, which examines ten themes that will define the fashion industry in 2024. As Gen Zers begin to occupy a greater share of the market, their preferences are affecting how fashion companies sell their wares.McKinsey senior partner Gemma D’Auria and coauthors found that 68 percent of respondents to this year’s State of Fashion consumer survey said they were unhappy about the high volume of sponsored content on social media, and 65 percent were turning to fashion influencers less than they were a few years ago. Gen Zers are even better at tuning out the noise: Gen Z loses active attention for advertising after about one second. *blinks* Moving on …While beautiful and aspirational content is still popular, Gen Z also values diversity and niche identities. This could help explain some of the popularity among any number of microtrends that have exploded over the past year, including cottagecore, coastal grandmother, horse girls, and e-boys. The desire to express themselves through niche and differentiated products also makes Gen Zers more open to purchasing from smaller brands compared with older shoppers, the State of Fashion report finds.To what—and to whom—does Gen Z pay attention, then? Influencers are still effective at driving awareness and sales, but the kind of influencers Gen Z cares about has changed. Influencers who are seen as “quirky, humorous, and vulnerable” have been most successful as of late. Take Gstaad Guy, an influencer whose real name is yet unknown and goes by the alias Constance. Constance is an absurdist aristocrat with a taste for the finer things in life. His persona pokes fun at how the world’s 1 percent live, yet it has become popular among everyday folks and wealthy followers alike, so much so that ultraluxury fashion brands now create influencer marketing campaigns with Gstaad Guy.Still, there’s a risk in forcing funny. Consumer businesses—particularly those that haven’t developed a lighthearted brand identity—that use humor in their marketing may seem try-hard to Gen Zers, which could alienate them instead of endearing them.“I roll my eyes,” one Gen Zer told the New York Times about brands that have memed themselves to death. “Sometimes they’re trying to fit in and reach out to my generation. It’s not very natural.”

More than half of US military veterans earn less than they did when they were on active duty. Hiring veterans based on their skill set could help close the gap.

Robosapien. Households in Asia are shrinking, making way for robot friends and other novelties in the “lonely economy.”

The envy office. That’s the name given to trendy workspaces that have been redesigned to lure remote workers and young talent, although some workers find themselves longing for the cubicle farm. [NYT]

PSA on pessimism. Older generations think Gen Zers are doomed—but Gen Zers don’t share the same outlook. This commentary attempts to clear up the discrepancy. [Fortune]

—"
"62","How Gen Z is influencing the conversation around climate change",2023-12-05,"/~/media/mckinsey/email/genz/2023/12/2023-12-05d.html","If you live on planet Earth, you probably know that COP28, the United Nation’s annual climate conference, is taking place this week in Dubai. Government officials, business executives, and other global leaders are gathering at the event to discuss how to continue to tackle climate change.","Brought to you by Liz Hilton Segel, chief client officer and managing partner, global industry practices, & Homayoun Hatami, managing partner, global client capabilities

Welcome back! This week, we’re reexamining Gen Z’s perspective on climate change.

If you live on planet Earth, you probably know that COP28, the United Nation’s annual climate conference, is taking place this week in Dubai. Government officials, business executives, and other global leaders are gathering at the event to discuss how to continue to tackle climate change. (If you need a refresher on what the COP conference is, read our McKinsey Explainer, and if you’re interested in learning which conversations McKinsey leaders are facilitating at COP28, check out our agenda here.)﻿ Also in attendance: plenty of Gen Zers. Mock COP—an organization created by youth advocates from more than 140 countries whose stated goal is to push world leaders to be more aggressive in their climate actions—is presenting at the UN conference. And finalists from an Arab student hackathon will compete against one another to create the best technology-backed solutions for water conservation, the circular economy, and agriculture during the conference as well.Gen Z’s presence at COP28 is a reminder that, despite any number of headlines that say young consumers prioritize things like price over sustainability when making purchases, Gen Zers still keep sustainability top of mind, both in the market and at work.Take travel, for example: sustainability could be crucial for travel businesses and global economies that rely on tourism revenue to attract Gen Zers. McKinsey partner Margaux Constantin and her coauthors cite data indicating that 38 percent of Gen Zers across the world would consider staying in green accommodations on their next holiday, compared with 33 percent for people over 25.Nations may not be on target to reduce carbon emissions as set by the 2015 Paris Agreement, but they are further along in finding solutions to reduce climate change than they were eight years ago. As Gen Zers gain more power—both as consumers and in the workplace—they may be able to chart a new course.As two Gen Z students attending the conference put it: “Our devotion to help mitigate the climate crisis through expansion of climate science and communication is fostering hope that is in short supply.”

Employees in India report the highest levels of burnout, while employees in Cameroon, Colombia, and Argentina report the lowest.

Miles away. Gen Zers are more likely to interact with multiple travel brands when booking a trip. A three-pronged approach—beyond just rewards points and perks—can help travel businesses earn young consumers’ loyalty.

From boomer to zoomer. Gen Z will surpass the number of baby boomers in the workplace next year. That shift could affect how colleagues talk about money, politics, and other issues at work. [Fortune]﻿

Exhibit Z. An increasing share of Gen Zers say that they expect to be offered legal services to help them navigate their personal affairs as part of their employee benefits. [Business Insider]﻿

—"
"63","Bore out vs burnout: Which one affects Gen Z?",2023-11-21,"/~/media/mckinsey/email/genz/2023/11/2023-11-21d.html","Global interest in the term “burnout” peaked in 2021. At the time, millennials and working-age Gen Zers in the US reported the highest levels of burnout among the different age groups.","Brought to you by Liz Hilton Segel, chief client officer and managing partner, global industry practices, & Homayoun Hatami, managing partner, global client capabilities

Welcome back! This week, we’re diving into the nuances of burnout.

Global interest in the term “burnout” peaked in 2021. At the time, millennials and working-age Gen Zers in the US reported the highest levels of burnout among the different age groups. Fast-forward to today, Gen Z’s reported burnout rates still exceed those of older workers, according to the latest research from the McKinsey Health Institute (MHI). And that’s not just in the US—the data includes 30,000 people across 30 countries.By now, most of us are familiar with the idea of burnout, defined as a chronic imbalance between your job demands and your job resources and characterized by extreme tiredness, difficulty concentrating, and difficulty with cognitive and emotional processes. But there’s more to the story: holistic health, which includes physical, mental, social, and spiritual well-being, is also a central ingredient for employee happiness. Experiencing positive holistic health in some areas doesn’t mean the absence of burnout symptoms, by the way. While the two are negatively correlated, they can coexist. McKinsey senior partner Drew Ungerman and MHI coleaders found that people who have positive work experiences report better holistic health and that good holistic health is most strongly predicted by “workplace enablers” (such as self-efficacy, or the idea that employees have confidence and control over their work). Burnout is strongly predicted by unrelenting demands, while enablers help offset those challenges. The good news is that there are many ways to address burnout at the job, team, and organizational level. For Gen Zers suffering from burnout, one solution is to get involved in “customizing their job.” This approach has become a strong way to motivate employees, build their skill set, and help them find meaning in the work they do.Crafting a job to be more personally fulfilling includes asking a few questions, such as “What elements of my job could I tweak to be more meaningful and impactful?” or “Can what I currently do be done differently?” It’s also possible that Gen Zers are conflating workplace boredom with burnout. The two present similar symptoms (such as feeling totally disconnected from your work). So-called Zoom fatigue, for instance, has less to do with being exhausted from endless, back-to-back virtual meetings than it does with being understimulated during those meetings, new research has found. Combatting “boreout,” just as with burnout, requires employees and employers to work together to make work more meaningful. As McKinsey partner Erica Coe puts it in an episode of The McKinsey Podcast: “Where we often get burnout wrong is assuming that it is purely an individual experience…. Starting to pay attention to the systemic issues and really getting into some of the root causes will be what’s needed to unlock real change here.”﻿

“Alternative seafood,”﻿ or substitutes for popular fish and shellfish such as tuna, salmon, and shrimp, offers one way to help sustainably scale seafood farming.

Sustainability natives. Can the Nordics become the “Silicon Valley of sustainability”?

Expat stats. One in four Gen Z Americans wants to move to a different country, citing better access to healthcare and social services as the reason for doing so. [Thrillist]

Tardy for the party. Gen Zers are missing deadlines despite working late. Good managers can help. [Bloomberg]

—

Thanks for reading Mind The Gap. We’ll be off next week and back in your inbox on December 5."
"64","Will Gen Z splurge or save on holiday gifts this year?",2023-11-14,"/~/media/mckinsey/email/genz/2023/11/2023-11-14d.html","McKinsey’s latest ConsumerWise survey on holiday shopping asked more than 1,000 US consumers across age groups how they intend to shop for the holidays this year and how much they plan to spend. The results show that winning over Gen Z—whose expectations are high while their brand loyalty is notoriously low—requires retailers to excite shoppers, offer enticing deals, and complete deliveries at the speed of light. Let’s have a closer look","Brought to you by Liz Hilton Segel, chief client officer and managing partner, global industry practices, & Homayoun Hatami, managing partner, global client capabilities

Welcome back! This week, we’re exploring Gen Z’s holiday shopping plans.

In the US, the holiday shopping season is expected to drive about $960 billion in retail sales this year—a roughly 4 percent increase from the previous year (but down from its pandemic peak). McKinsey’s latest ConsumerWise survey on holiday shopping asked more than 1,000 US consumers across age groups how they intend to shop for the holidays this year and how much they plan to spend. The results show that winning over Gen Z—whose expectations are high while their brand loyalty is notoriously low—requires retailers to excite shoppers, offer enticing deals, and complete deliveries at the speed of light. Let’s have a closer look.Baby, are you down, down, down, down, down? Even though younger consumers rank quality as the most important consideration when shopping this year (ahead of price and promotions), they also express a greater interest in “trading down,” by swapping for cheaper alternatives or forgoing purchases altogether. After all, Gen Z has lingering concerns about the economy, while also dealing with high prices and the return of student loan payments—all of which have reduced their savings cushion, a recent poll shows. Trading down may also mean that Gen Zers double down on dupe shopping—aka finding cheaper versions of high-priced items in categories such as fashion, beauty, and home decor.  Back in April, Gen Z and millennials were ready to treat themselves: they were just as set on splurging as they were on trading down. McKinsey partner Kari Alldredge and senior partner Warren Teichner explain how these two seemingly contradictory behaviors—trading down and splurging—coexist: splurging is selective, and consumers gravitate toward splurge purchases that are experiential.If I was a rich girl …But times, and the grip on one’s wallet, can change. In our most recent survey, fewer Gen Z consumers say they intend to splurge on holiday gifts compared with last year. For those Gen Zers who still plan on shelling out, apparel, beauty and personal care, and electronics are the most popular categories to do so. I still haven’t found what I’m looking forGen Zers plan to do their holiday shopping most frequently on retailers’ apps and websites, followed by browsing on social media and in stores. Email marketing is somewhat less relevant to Gen Z than it is to Gen X or boomers (which isn’t to say that it doesn’t matter at all, but that brands might have more luck meeting Gen Z where they are—on retailer apps and social media). Once Gen Z shoppers decide on what to buy, they want their purchases ASAP—and are willing to pay extra to get them faster. According to this year’s survey, about half of Gen Z consumers say they expect to choose same-day or next-day delivery when they buy something online, and more than 50 percent say they will pay for same-day delivery. They’re also willing to pick up their purchases either curbside or in-store.Gen Z: putting the instant in instant gratification since 1997!

K–12 schools in the US will need to spend or decide how to allocate around $5 billion per month in federal aid before the funds expire in September 2024.

Upgrade alert. Generative AI has the potential to make the travel experiences that Gen Zers crave easier to discover.

A cure for loneliness. Could a return to the office help combat the loneliness epidemic? Sound off. [Insider]

Come together. A new Beatles song gives fans of all ages something to celebrate. [NYT]

—"
"65","The secret to getting hired—regardless of whether you went to college",2023-11-07,"/~/media/mckinsey/email/genz/2023/11/2023-11-07d.html","When we talk about skills-based hiring—or the idea that you hire someone according to their skills instead of their educational background—it’s often to convince employers that adopting the practice is the best way to fill in-demand roles in a tight labor market. But when it comes to Gen Zers, skills-based hiring may have even greater significance—regardless of whether they went to college.","Brought to you by Liz Hilton Segel, chief client officer and managing partner, global industry practices, & Homayoun Hatami, managing partner, global client capabilities

Welcome back! This week, we’re talking about how to leverage skills to get ahead.

When we talk about skills-based hiring—or the idea that you hire someone according to their skills instead of their educational background—it’s often to convince employers that adopting the practice is the best way to fill in-demand roles in a tight labor market. But when it comes to Gen Zers, skills-based hiring may have even greater significance—regardless of whether they went to college. There’s some data that suggests Gen Zers’ foray into the working world was interrupted by the pandemic. (Obvious? Maybe!) Labor force participation rates for people aged 20 to 24 were lower in September than they were just before the onset of the pandemic. That could be for a variety of reasons, such as the fact that companies paused hiring altogether or deferred hiring for new and recent graduates. Any hiring gains that were made since the beginning of the pandemic have largely dissipated amid economic uncertainty. Gen Zers in China are also struggling as employers cite fears that these new graduates lack the skills necessary to work.  To supercharge their careers, young professionals around the world need every edge they can get. Highlighting their skills, rather than their education credentials alone, may be a key part of the answer. Consider this: McKinsey research finds that skills developed through work experience contribute greatly to an individual’s total wealth, particularly for people who start out in jobs with lower educational requirements.The labor market is starting to warm up to the idea of skills-based hiring, too. Recruiters on LinkedIn are five times more likely to search for job candidates by skills rather than degrees, according to data from the social media platform. The number of paid job posts on the platform that don’t require a bachelor’s degree has also increased, particularly for tech and financial-services roles. (Gut check: first, these are job postings and not actual hires; second, there’s still plenty of room for businesses to employ more people without degrees; and three, college degrees still matter!) How can Gen Zers make themselves attractive to employers while leveraging the skills-based approach? It’s not about having all the skills required to do any given job—just the right skills, as McKinsey partners Bryan Hancock and Brooke Weddle put it in a recent episode of the McKinsey Talks Talent podcast. “People are hiring for the most critical skill of a given role or the hardest-to-find skill of a given role,” says Weddle. Great! But … which skills matter, exactly? Hancock says generative AI (gen AI) can help someone understand how to fill in the gaps between their background and existing skill set and a new job. Prompting a gen AI platform can also help job seekers plan their own learning and development journey. And if someone is interested in making a job change within their company, they can ask a manager or mentor for suggestions about how to level up through learning courses, which may be provided by or reimbursed through work.  Reminder to employers: taking a risk on someone with potential is a good thing, even if there’s a gap between a Gen Zer’s current skill set and a job’s prerequisites. Developing individuals through learning and coaching can lower attrition rates, a win–win all around.﻿

Women with typically marginalized identities, such as women of color and women with disabilities, endure more frequent slights at work, according to the latest Women in the Workplace report from McKinsey and LeanIn.Org.

Room for improvement. Making the US government more productive begins with understanding its two roles in society.

QOTD. After a social media post about the nine-to-five grind went viral, the question remains: Are criticisms over Gen Z’s work ethic warranted? [FT]

Bye, everyone! Long live the Zoom wave! [Bloomberg]

—"
"66","Wait, Gen Z wants to retire how early?",2023-10-31,"/~/media/mckinsey/email/genz/2023/10/2023-10-31c.html","As many older people increasingly realize that they may have to put their retirement plans on hold, Gen Z appears to have something else in mind.","Brought to you by Liz Hilton Segel, chief client officer and managing partner, global industry practices, & Homayoun Hatami, managing partner, global client capabilities

Welcome back! This week, we’re talking about the myth of early retirement.

As many older people increasingly realize that they may have to put their retirement plans on hold, Gen Z appears to have something else in mind. American Gen Zers, on average, say they want to retire earlier than those before them. Some surveys show that to mean “before age 65.” Other studies peg the number earlier, at 61. And yet another survey finds that more than half of Gen Zers polled have pledged allegiance to the FIRE (financially independent, retire early) movement. Whatever the exact age ends up being, the data generally seem to reflect Gen Z’s desire to sunset their careers earlier than millennials, Gen Xers, and boomers all think they will. Why would retiring early (in some cases, as soon as your 30s and 40s) make sense for Gen Z? And could we all <gestures broadly> benefit from thinking about retirement a little differently? The reality is that most Americans believe that retirement, long conceived in many Western countries as the transition out of 50-ish years in the workforce, is financially out of reach. Setting aside the different reasons why retirement may not be achievable for millions of people, there’s another snag in Gen Z’s early retirement picture: people younger than millennials (Gen Z, Gen Alpha, and so on) expect to live longer than their parents. In fact, living to 100 and beyond in this century may no longer be a marvel. With a longer life comes new considerations around work and well-being. Spending the later chapters of one’s life—which, for some people, may stretch to 30 or 40 years after the traditional retirement age—without structure or a meaningful connection to society may actually be harmful to one’s health, McKinsey research shows.﻿That doesn’t necessarily mean Gen Zers will have to spend the rest of their lives working, but a retirement that includes some work—plus volunteering, learning, or participating in community activities—might actually be a good thing. Such a scenario could be beneficial not only for people’s health but also for global economies. By re-entering the workforce, older adults (who want to work) could give a nearly 15 percent lift to GDP, as is the case for South Korea, according to research from McKinsey senior partner Hemant Ahlawat and coauthors. (By the way: norms and expectations around retirement vary around the world.)In an interview with McKinsey, Lynda Gratton, author of The 100-Year Life: Living and Working in an Age of Longevity, advocates for “disconnecting age from stage.” That makes phrases like “college age”—which these days could refer to, say, a 61-year-old as much as a 19-year-old—meaningless. Taking breaks throughout one’s working years (think sabbaticals rather than definitive retirement) may make working for longer more sustainable. Plus, the self-imposed pressure that some Gen Zers feel to achieve huge professional accomplishments early on suddenly seems less important when rethinking the conventional retirement approach. “People aren’t going to have that three-stage career,” Gratton said, referring to the traditional education, working, and retirement stages of life. Instead, people may choose to redirect their path, either by learning a new skill or taking a break altogether.﻿

Restaurants, food, and travel are all splurge-worthy consumer spending categories.

Tech-tonic shift. Generative AI could add as much as $4.4 trillion to the global economy annually.

Aesthetics > authenticity? Dupe culture isn’t exclusive to fashion—it’s woven into the world of interior design, too. [Architectural Digest]

Clocking out. Gen Zers are leaving their accounting and finance jobs for these five reasons. [Fortune]

—"
"67","Does Gen Z need a five-year plan?",2023-10-24,"/~/media/mckinsey/email/genz/2023/10/2023-10-24b.html","Another day, another data point that shows generational stereotypes can be—and are often—wrong! Lazy Gen Z? Not according to our latest Women in the Workplace report, which found that nine in ten women under 30 want to be promoted and three in four aspire to become senior leaders.","Brought to you by Liz Hilton Segel, chief client officer and managing partner, global industry practices, & Homayoun Hatami, managing partner, global client capabilities

Welcome back! This week, we’re talking about turning Gen Z ambition into action.

Another day, another data point that shows generational stereotypes can be—and are often—wrong! Lazy Gen Z? Not according to our latest Women in the Workplace report, which found that nine in ten women under 30 want to be promoted and three in four aspire to become senior leaders. OK, that’s just Gen Z and zillennial women, right? Nope. Gen Zers are growing their network on LinkedIn 28 percent more than millennials, 54 percent more than Gen X, and more than twice as much as boomers.While Gen Zers are off to a great start along their career journeys, turning their ambitions for professional success into results requires a bit more than sending connection requests and hoping for the best. Here are four things ambitious young achievers should keep in mind:1. Look within. Networking inside your company is just as important as networking outside of it, even if your current job isn’t the be-all, end-all. Internal networking, which could also be thought of as building “social capital,” has been tied to improved individual performance, increased knowledge sharing between colleagues, greater innovation, and increased career mobility, as McKinsey senior partner John Parsons and coauthors explore.  2. Be nimble, be quick. As Gen Zers forge connections both at work and beyond it, they’ll also want to cultivate a spirit of adaptability along the way. Adaptability orients professionals to the opportunities ahead, not just the challenges. Put another way: think of adaptability as a meta-skill, learning how to learn and knowing when to put that learner’s mind into action.3. Take the long view. Setting a five-year plan can also help Gen Z level up—even if they hop from one job to the next during that period. Taking a long view helps insulate career growth from the kinds of things that could derail a short-term plan, such as changing jobs or daily responsibilities. This detailed outline charts which steps to take and who to involve along the way.  4. Remember well-being. Being ambitious doesn’t mean you have to work so hard that you’re sacrificing more fulfillment in life, as author and McKinsey alumnus Nicolai Tillisch puts it. When Tillisch interviewed subjects as part of the research for his book Return on Ambition: A Radical Approach to Your Achievement, Growth, and Well-Being, he saw that the most successful people nurtured those three factors on an ongoing basis.“The big disease of ambitious people is that they try to do too much,” Tillisch says. “They have too many goals or equivalents to goals. They spread themselves thin.”﻿

A lack of meaningful work is just as big a factor in employee unhappiness as inadequate comp.

Risk it for the biscuit. Business risk is about so much more than sociopolitical and economic shocks, as this McKinsey Explainer reveals.

Not-so-funny business. Consumer brand social media marketers have long tried to be in on the joke … too long. [NYT]

Dream job? Dream on. Some job seekers are feeling “ghosted” by employers who fail to follow up with them about their applications. [Bloomberg]

—"
"68","How Gen Z feels about drinking",2023-10-17,"/~/media/mckinsey/email/genz/2023/10/2023-10-17c.html","For ages, people have bemoaned the vices and preferences of the next generation, insisting their habits would usher in the end of civilized society or some other moral panic. When it comes to Gen Z’s drinking habits, the script has flipped. In fact, some Gen Xers and boomers are downright confused about why young adults are sober.","Brought to you by Liz Hilton Segel, chief client officer and managing partner, global industry practices, & Homayoun Hatami, managing partner, global client capabilities

Welcome back! This week, we’re talking about the impact of Gen Z’s alcohol preferences.

For ages, people have bemoaned the vices and preferences of the next generation, insisting their habits would usher in the end of civilized society or some other moral panic. When it comes to Gen Z’s drinking habits, the script has flipped. In fact, some Gen Xers and boomers are downright confused about why young adults are sober. (Fact check: it’s not just Gen Zers who are experimenting with reducing their alcohol consumption.)﻿Those who are trying to reduce the number of hard drinks they consume in any given week may see the health data on alcohol consumption as a chief motivator. Drinking has been linked to accelerated DNA aging, cognitive decline, and cardiovascular disease, according to data that contributed to recent research from McKinsey Health Institute coleader Lars Hartenstein and his coauthor. The World Health Organization, meanwhile, published a statement in January in which it noted that “when it comes to alcohol consumption, there is no safe amount that does not affect health.” Among Gen Z, health concerns are just one reason why interest in drinking alcohol has diminished in recent years. Experts point to changing tastes, a lack of effective marketing, and price as factors in the shift, too. Consider the wine industry: in the US, wine has grown in popularity only among the over-60 demographic. Gen Zers have shown less interest in the bevvy, compared with other age groups, especially when they are presented with so many other choices.Gen Z’s tastes have helped catalyze the booming nonalcoholic and low-alcohol beverage industry, which some CEOs are keen to get in on. Although the nonalcoholic-beverage segment makes up a fraction of the larger beverage market, sales of nonalcoholic beverages in the US surpassed $400 million by some measures, more than doubling since 2020. Two big “Fs” have become popular in this segment—functional drinks, which claim to offer health benefits, and fermented drinks, such as kombucha. There’s also a chance for employers to reconsider their approach to alcohol in the workplace. Gen Z employees may be leading the charge away from alcohol consumption at office happy hour, but employers and managers could make happy hours more inclusive for all employees. Here’s how McKinsey partner Bryan Hancock put it on a recent episode of the McKinsey Talks Talent podcast: “Recently, I went to a happy hour in Atlanta at a great tapas place, and I don’t think anybody even had anything to drink. . . . We still considered it a happy hour, even though we weren’t drinking. Messaging is critical. The ritual isn’t to drink; the ritual is to be together and say thanks. As a leader, you’ve got to be thoughtful about how a ritual advances togetherness.”

Reaching gender parity in private equity leadership could take decades.

The price is right. Gen Z consumers in central Europe are as price sensitive as older shoppers, but they don’t settle for cheaper products.

Word vom. Check out the latest corporate phrase to eliminate from your vocabulary. [FT]

Scar power. Prolonged inflation has “scarred” Gen Z, creating a challenge for economists, employers, and central bankers alike. [Bloomberg]

—"
"69","Why don’t Gen Zers want these jobs?",2023-10-10,"/~/media/mckinsey/email/genz/2023/10/2023-10-10b.html","Earlier this year, there were a bunch of headlines about how working-age Gen Zers now want to pursue a career in finance, a change from two years ago, when those same people said they wanted to pursue careers in education and healthcare.
Turns out, stability and a fat paycheck are sexy to young professionals who face a high cost of living and an uncertain economy.","Brought to you by Liz Hilton Segel, chief client officer and managing partner, global industry practices, & Homayoun Hatami, managing partner, global client capabilities

Welcome back! This week, we’re talking about attracting Gen Z talent.

Earlier this year, there were a bunch of headlines about how working-age Gen Zers now want to pursue a career in finance, a change from two years ago, when those same people said they wanted to pursue careers in education and healthcare. Turns out, stability and a fat paycheck are sexy to young professionals who face a high cost of living and an uncertain economy. While finance shops can offer high pay to attract the crème de la crème of young talent, other sectors—which may not be able to offer six-figure salaries for entry-level roles—are finding it harder to increase the share of Gen Z workers on their roster. The effects of this are compounding: fewer Gen Z employees now could threaten a sector’s growth, innovation, and even its longevity over time. Government jobs, which we covered in this newsletter in April, are one example. Similarly, US military services like the army are finding it tough to reach their Gen Z recruiting goals. And even if more Gen Zers were enlisting in the military, many of them wouldn’t be eligible without a waiver because of their weight, tattoos, substance use, or mental health struggles, according to a 2020 Pentagon study. But perhaps the tides are changing. Over the spring, the US Army rolled out a new logo and rebrand, after consulting young influencers, that is meant to appeal to a “digital audience.”Insurance companies are also finding it difficult to hire Gen Zers. As of 2021, about a quarter of American insurance carrier employees were 54 years old or older, and about a quarter of insurance employees in the UK were 50 or older. When you factor in average retirement age in the insurance industry, about 25 percent of the sector’s workforce is expected to exit in the next ten years, according to McKinsey senior partner Kia Javanmardian and coauthors. The insurance industry, and every other sector, has a real shot at attracting Gen Zers to their ranks, but the solution here isn’t about increasing pay…except sometimes, when it is about pay. (Reminder: although Gen Z is motivated by money, and perhaps more so lately given the state of the global economy, this isn’t their end-all, be-all.) Making their work meaningful, offering valuable career development opportunities, and allowing them to work with cutting-edge technologies all have the power to transform what we in the biz call the “employee value proposition.” Take farming as one example. Many Gen Z farmers will never touch dirt—a selling point for agricultural recruiting, as it turns out. Right now, Gen Z may make up only a fraction of farmers in the US (11 percent of farmers in America are under 35), but that figure is on the rise. One reason this might be: technological advances in agriculture are attracting a new crop (sorry) of talent. Innovations that are rooted (sorry again) in making the global food supply more sustainable, like regenerative farming, cultivated meat, and even alternative seafood, also appeal to eco-conscious Gen Z. When it comes to attracting Gen Z talent, it seems like it may be time to rethink the proverbial carrot.

To reach net-zero goals, the biggest cuts to emissions will need to come from the world’s wealthiest countries.

Paging Dr. Z. Partnerships between health systems and educational institutions could help close the healthcare industry’s talent gap and create new opportunities for entry-level workers.

Review szn. This guide on giving professional feedback to Gen Z could help managers connect with—and retain—their younger employees. [Fast Company]

Grext me. How many group texts, or grexts, is too many? [Atlantic]

—"
"70","How much does it cost to make friends?",2023-10-03,"/~/media/mckinsey/email/genz/2023/10/2023-10-03b.html","The key to happiness—and staying healthy—is having warm relationships, as Robert Waldinger, director of the Harvard Study of Adult Development, explained in a recent edition of McKinsey Author Talks. That’s a big problem for Gen Zers, who report feeling more lonesome than other generations.","Brought to you by Liz Hilton Segel, chief client officer and managing partner, global industry practices, & Homayoun Hatami, managing partner, global client capabilities

Welcome back! This week, we’re talking about making friends.

The key to happiness—and staying healthy—is having warm relationships, as Robert Waldinger, director of the Harvard Study of Adult Development, explained in a recent edition of McKinsey Author Talks﻿. That’s a big problem for Gen Zers, who report feeling more lonesome than other generations.  Whether social media, a housing crisis, or other factors are to blame, Gen Zers are staving off loneliness by doing their best to make connections IRL.  For some, that means spending boo koo bucks on pricey, exclusive social clubs, which offer access to restaurants, events, and other social hubs. Clubs like these have been a fixture in cities like London for years but are newly popping up in other urban centers, such as New York. Some Gen Zers are looking for an even more immersive social experience and are packing their bags for adult summer camp. Just like when millennials made CrossFit the new church, Gen Zers are in search of so-called “third places,” or physical spaces outside of home and work where they can meet people. For boomers and Gen X, shopping malls or places of worship or religious community centers often served as third places. But some of those spaces may be harder to find today or may not appeal to Z babies. The thing about third places is that they usually succeed in bringing people together if those who use them have some shared values or interests. Take a coffee shop: while it may seem like a place to meet new people, its primary function is to sell coffee (one iced lavender oat milk latte, pleaseeee). Said another way: it doesn’t have the “social infrastructure” to help create those organic interactions lots of people want. If the coffee shop hosts a community meetup or open mic nights, that’s a different story. The good news is that Gen Zers don’t have to shell out thousands of dollars a year on a swanky private club or live in a big city to make new friends in person. Young people are organizing running clubs, walking clubs, and even horological clubs by posting about them on social media and encouraging enthusiasts to show up and make connections. Volunteering is another great way to meet like-minded people without spending money. (Gen Z volunteers about 31 hours per year on average, a little behind millennials, who volunteer about 36 hours a year.)Even brands are investing in community building, as McKinsey senior partner Kabir Ahuja and coauthors explore. ﻿One example out in the wild could be a lifestyle brand that hosts free public workouts in parks to help boost athleisure brand awareness and create deeper brand loyalty. Real estate developers are thinking about this, too, whether it’s turning office buildings into hybrid spaces or including community-use spaces in the high-rise apartments of the future. Go forth and link!

Representation of Black, Latina, and Native American women in tech declined over the past four years—even though the number of computing degrees nearly doubled.

Sweating the small stuff. How do smaller stressors affect us? One professor explains the physical, psychological, and even professional effects so-called “micro stresses” have on us.

Girl interrupted. Click for a snapshot of what it’s like to be a 13-year-old American girl. [NYT]

Vote of no confidence. Gen Zers are optimistic about a bunch of things … government isn’t one of them. [NPR]﻿

—"
"71","Do you have FOBO?",2023-09-26,"/~/media/mckinsey/email/genz/2023/09/2023-09-26b.html","You’ve heard of FOMO, or the fear of missing out, and its counterpart, JOMO, the joy of missing out. There’s a new kid on the block occupying Gen Z’s mindshare: FOBO, or the fear of becoming obsolete.","Brought to you by Liz Hilton Segel, chief client officer and managing partner, global industry practices, & Homayoun Hatami, managing partner, global client capabilities

Welcome back! This week, we confront the rumors that AI will replace our jobs.

You’ve heard of FOMO, or the fear of missing out, and its counterpart, JOMO, the joy of missing out. There’s a new kid on the block occupying Gen Z’s mindshare: FOBO, or the fear of becoming obsolete. (Anyone else in the TOCA—tired of counting acronyms—camp?)A new Gallup survey shows that Gen Zers are most fearful that technology will make their jobs obsolete, compared with any other age group, and that they’ve become more afraid in the past two years than anyone else. Are those fears grounded in reality? Let’s clear some things up. It makes sense that Gen Zers might be afraid of new technology putting them out of work. Generative AI (gen AI) is the hot topic in all the business press this year, and companies have announced a mad dash to integrate the tech into their operations. Although there’s still a ways to go before its kinks are ironed out, it’s likely that gen AI will live up to its potential by the time Gen Zers are established in their careers. By that time, millennials will be in more senior positions and Gen Xers and boomers will likely be retired or nearing retirement. Those jobs in the middle, and theoretically belonging to Gen Z, may be vulnerable to automation alongside some entry-level work. But the impact of gen AI won’t be distributed equally across industries or across the population. Gen AI actually flips the script on the labor story: until now, automation has had the most impact on workers without college degrees. In the future, gen AI is most likely to have the greatest impact on the work that college-educated workers do, according to McKinsey senior partner Lareina Yee and coauthors. Teachers, office support workers, and business and legal professionals are among those whose work could be most affected by gen AI. It is also expected to affect higher-wage jobs in developed countries faster compared with earlier automation technologies.This isn’t a reason to sound the alarm, though. Technology has not only changed how people work for decades but also improved the way people work (or, at the very least, made them more productive). Just because gen AI is coming doesn’t mean it will replace all these jobs; it could actually create new jobs. It does, however, mean how people work will have to change. Learning gen AI skills now, something some young professionals seem eager to do, could give Gen Z a leg up later. Aside from the soft skills that will keep Gen Z employable, digital skills across industries ranging from manufacturing to healthcare will be a key part of staying competitive. (Systems and analytical thinking, AI and big data know-how, talent management, and service orientation and customer service are all skill sets that are growing in importance, too.) No need for FOBO by the robos!

Workers in major metropolitan areas around the world are going to work in an office three to four days a week—just the way they like it.

Value at steak. You’ve heard of plant-based meat, but what about “cultivated meat”? This McKinsey Explainer answers everything you need to know about the lab-harvested food source.

Does this outfit make me look electable? Gen Z politicians are rethinking what it means to dress like an elected representative. [NYT]

‘The pandemic skip.’ The perceived loss of time due to the pandemic has some struggling to wrap their minds around aging. [The Cut]

—"
"72","What will it take to solve the Gen Z mental health crisis?",2023-09-19,"/~/media/mckinsey/email/genz/2023/09/2023-09-19b.html","In December 2021, the US surgeon general warned that the youth mental health crisis had become “devastating.” Two years later, the data still points to trouble.","Brought to you by Liz Hilton Segel, chief client officer and managing partner, global industry practices, & Homayoun Hatami, managing partner, global client capabilities

Welcome back! This week, we’re wondering what it will take to make a dent in the Gen Z mental health crisis.

In December 2021, the US surgeon general warned that the youth mental health crisis had become “devastating.” Two years later, the data still points to trouble.  This isn’t for lack of awareness: Gen Z’s struggle with mental health is reported in the news, is talked about on social media, and is the subject of many research studies and surveys (like these reports McKinsey published about the impact of social media on mental health, Gen Z’s perceptions of mental health stigmas, and the effect Gen Zers’ mental health has on their work).  Why, then, has there been little progress toward making Gen Zers feel better? As McKinsey partner Erica Coe put it during a recent appearance on The McKinsey Podcast, “Sometimes it’s hard to figure out what is helpful and what isn’t.”In this case, Coe is talking about the explosion of “digital mental health solutions,” or platforms and apps that help supply mental health resources, education, and access to providers. About 22 percent of Gen Zers in a recent McKinsey survey reported using digital mental health tools; among them, 80 percent stopped using the tools after a while, suggesting that the platforms might fail to engage Gen Z audiences. (Hmmm ... sound familiar?)   It’s not just mental health start-ups that have an opportunity to make things better. Employers have a chance to step up in a way that can help improve people’s lives and help attract talent. Around three-quarters of Gen Zers globally said that the availability of mental health resources (therapy, well-being programs) is one of the top things they think about when choosing which companies to work for, according to McKinsey research. But it’s not enough to just offer mental health resources to employees: eighty-five percent of respondents in another recent survey said they don’t use mental health benefits, mainly because they don’t understand how to. While Gen Zers may still be learning how to navigate employers’ benefits, they don’t shy away from speaking up about their mental health challenges—and that’s a good thing. “Peer support has really changed. Young people aren’t as quiet about whether they go to therapy, take medicine, or if they’re having difficulty,” observed Harold Koplewicz, founding president and medical director of the Child Mind Institute, who spoke on The McKinsey Podcast with Coe. “They share that information. Knowing how their peers have overcome struggles can be very helpful.”

The pandemic exacerbated gaps in test scores for students of color.

Tourism’s tech makeover. Despite the global tourism boom, the industry faces labor shortages that threaten its growth. Chatbots could help.

Networking 101. Incorporate a bit of finesse into your networking . . . or end up with an empty contact list.﻿ [FT]﻿

﻿iProf. Harvard’s computer science department is rolling out generative AI bots to help students learn coding skills. [Inside Higher Ed]

—"
"73","Smells like school spirit: Inside Gen Z’s college experience",2023-09-12,"/~/media/mckinsey/email/genz/2023/09/2023-09-12b.html","It’s September, which means we’re transitioning from tomato girl summer to tailgate season, aka back to school! What’s top of mind for college students and faculty this year?","Brought to you by Liz Hilton Segel, chief client officer and managing partner, global industry practices, & Homayoun Hatami, managing partner, global client capabilities

Welcome back! This week, we’re looking at the Gen Z college experience.

It’s September, which means we’re transitioning from tomato girl summer to tailgate season, aka back to school. What’s top of mind for college students and faculty this year?For those of us off campus, social media offers a glimpse of life at American universities. RushTok is back. This time, more brands are finding ways to insert themselves into the sorority rush phenomenon, which has some parents paying $4,000 for consultants to help their kids land a bid at the most coveted Greek-letter houses. But it’s not just outside advisers who are cashing in—the students themselves are finding ways to subsidize their pursuits. Two years after the US Supreme Court ruled in favor of student athlete compensation (which means #sponcon is now on the table), student athletes are making up to $25,000 a post. Hellloooooo, Cavinder twins! Outside the sororities and the stadiums, meanwhile, students, professors, and administrators alike are confronting a handful of topics that could fundamentally alter the higher-ed experience. The buzz around generative AI? Still buzzin’. Educators are wondering whether to embrace the technology in the classroom or consider it the enemy. For what it’s worth, Gen Zers who learn gen AI skills now may have a leg up in the workforce later.Speaking of technology, schools are also trying to find the perfect mix between online and in-person learning. Surveying 7,000 students who moved to online classes during the pandemic across 17 countries, McKinsey senior partners Jonathan Law, Jimmy Sarakatsannis, and coauthors found that almost 65 percent of students said they want “aspects” of their learning experience to remain virtual. Many students prefer a hybrid educational experience, citing fears of becoming more distracted by studying only online. Getting bored and lacking the discipline to stick with online classes were among the other reasons students preferred to keep in-person schooling in the mix. But there’s an even more urgent issue for college professors and school administrators to think about: students struggling with the curriculum. In 2022, data from the National Assessment of Educational Progress in the US showed K–12 students falling behind in test scores after the pandemic. It seems that problem is also apparent at the university level. Increasingly, Gen Zers are enrolling in majors (computer science) and﻿ expressing an interest in fields (finance) that they think will land them high-paying jobs in their postgrad lives. Great! But one final, if not comforting, point: making college the most fruitful experience it can be doesn’t mean focusing on grades or résumé builders alone. According to one professor, who also authored a book about burnout, “College is a unique time in your life to discover just how much your mind can do.”

Generative AI has greater potential to assist in tasks performed by workers with bachelor’s degrees or PhDs.

*sighs in inequality* The representation of Black, Latina, and Native American women in tech jobs is declining despite their rising share of tech degrees.

SAHD. Stay-at-home daughters and sons, also known as “full-time children,” are a thing in China, where one in five Gen Zers is out of work.﻿ [Fortune]﻿

In this economy? Marriage is too expensive for millennials and Gen Zers, according to one survey. There’s always the courthouse. [CNBC]﻿

—"
"74","Climate Quitting",2023-09-05,"/~/media/mckinsey/email/genz/2023/09/2023-09-05b.html","You just got a job offer! Congrats. Time to size it up: Employer-sponsored healthcare? Check. Generous vacation allowance? Nice. No clear environmental goals? Wait a minute . . .","Brought to you by Liz Hilton Segel, chief client officer and managing partner, global industry practices, & Homayoun Hatami, managing partner, global client capabilities

Welcome back! This week, we’re talking “climate quitting.”You just got a job offer! Congrats. Time to size it up: Employer-sponsored healthcare? Check. Generous vacation allowance? Nice. No clear environmental goals? Wait a minute . . .

In the same way that eco-conscious Gen Z consumers make purchases based on a brand’s environmental, social, and governance (ESG) claims, some Gen Zers may also make employment decisions based on their personal sustainability beliefs.Adding to the labor lexicon, “climate quitters” are those employees who leave their jobs or turn down job offers because they feel that an employer fails to meet their ESG expectations.A 2022 survey of 2,000 office workers in the UK found that at least half of 18- to 24-year-old workers would consider leaving a job because of the company’s net-zero policies, compared with about a third across all age groups.That might not be great news for companies that take a lax approach to articulating ESG principles. But there’s also an opportunity for these businesses, since an organization’s climate policies can also positively affect employee retention. McKinsey research led by Lucy Pérez and coauthors found that one-third of workers said their organizations’ work with ESG topics had a strong positive effect on their own commitment to the organization and on overall employee retention.To keep eco-minded Gen Z employees engaged, employers could consider ESG policies that signal their commitment, both internally and externally. One example could be to tie ESG outcomes to executive pay. It can also mean regularly sharing reports on how successful a business is with meeting its ESG goals, offering employees resources that help them to be more eco-friendly, or making physical workspaces more sustainable. (Meatless Mondays, anyone?)Gen Zers have also indicated that “hearing about or experiencing climate change” has had a negative impact on their mental health. Given that Gen Zers are the age group most likely to say that mental health issues have affected their ability to perform their work effectively, employers could offer resources to help employees deal with mental health challenges and address the root causes of them.

More people expect that AI will lead to reskilling rather than to workforce reductions.

Metrics makeover. Turns out, software developers’ productivity doesn’t have to be a black box.

(Mumbles inaudibly) Need subtitles? You’re not alone.﻿ [Axios]﻿

Goth corp. Goths are bringing their full selves to their nine-to-five jobs. The corporate girlies are shaking! [Teen Vogue]﻿

—"
"75","Q&A Jacky Wright x Owusu Agyeman",2023-08-29,"/~/media/mckinsey/email/genz/2023/08/2023-08-29b.html","There’s a quote that is in perpetual circulation across the internet—probably misattributed a million times over—about how smart people learn from their mistakes, but wise people learn from other people’s mistakes. Enter the mentor.","Brought to you by Liz Hilton Segel, chief client officer and managing partner, global industry practices, & Homayoun Hatami, managing partner, global client capabilities

Welcome back! This week, McKinsey Global Publishing fellow Owusu Agyeman interviews McKinsey chief technology and platform officer Jacky Wright.

There’s a quote that is in perpetual circulation across the internet—probably misattributed a million times over—about how smart people learn from their mistakes, but wise people learn from other people’s mistakes. Enter the mentor.Back in May, this newsletter published a guide on the dos and don’ts of mentorship. This week, we go deeper as McKinsey Global Publishing fellow and Gen Zer Owusu Agyeman asks one of his mentors, McKinsey chief technology and platform officer Jacky Wright, questions about mentorship, Gen Z in the workplace, and more. Wright, who has spent more than 20 years in technology jobs across the US and the UK, most recently worked as Microsoft’s chief digital officer. Their conversation has been edited for clarity and length.Owusu Agyeman: Why is mentoring me—and others—so important to you?  Jacky Wright: In my first technology job, there was only one other woman in the entire organization—just one. When I got there, she immediately came to me and said, “Jacky, I’m going to help guide you through this maze of a corporation.” Early on, I recognized the power of having somebody shepherd you. Because of that, I make it a point to make sure I’m doing the same thing. I’m a Black woman in technology, so I have been a “unicorn” in the past, which meant that, for me, I immediately had to figure out how to navigate a situation.Owusu Agyeman: So you went from mentee to mentor. What is necessary for a healthy mentorship relationship?Jacky Wright: Yes, I have gone from mentee to mentor, but I am also being mentored as well. You say I’m your mentor, but you are mine as well. I mean, how else can I understand what a Gen Zer is thinking about? And how can I help you without you mentoring me and guiding me? So I think it’s a reciprocal relationship.For a productive mentor relationship, be crystal clear about what your mentor can do for your development. You can have many mentors, and each one brings something different to the table. Ask yourself, “What are some of the skills I need in my career?”—which is a different ask from trying to decide what you want to do in life. You need to know what you want out of a relationship and what you can give, so then there’s a commitment element. Commitment takes time. Relationships evolve, they mature. Mentorship can’t be a one-time thing.Owusu Agyeman: In your experience with Gen Z, what have you seen that you feel is an asset or strength [of our generation]?Jacky Wright: We have a whole society of young folks who are focused on things that are existential—such as climate change—who are not afraid to voice their opinions about things that are important to them, and who embrace technology to innovate and progress an agenda. Gen Z has this unique ability to influence and to bring a voice to things that matter in ways that we never did before. That’s one. The second is this relentless pursuit of achievement. No matter what it means, whether you’re an entrepreneur or whether you’re in a corporate world, this notion of relentless pursuit of something.Owusu Agyeman: How would you advise younger colleagues to handle situations where their team is resistant to change that they really believe in?Jacky Wright: Change is constant, but not everybody, really, can rise to the occasion and recognize that, because they personalize it. What does change mean for me? Will there be adverse effects and impacts as it relates to me? The key is mindset. You have to determine what is the best way for you to cope in a changing environment.Understanding what motivates people is very important in a changing environment. When you can understand an individual’s motivation, then you can help them understand what’s in it for them in a positive way.Owusu Agyeman: What advice would you give to Gen Zers on how to adopt technology in their personal or professional lives?Jacky Wright: I don’t have to tell a digital native how to adopt tech, because it’s innate for them, really. I would focus on the ability to identify ethical risks and risks associated with using new technology. I think we need to spend more time on helping our young folks learn to build a muscle around that because you are the future and, as much as you’ve adopted technology, if you can just get that added piece, you can help us dramatically mitigate risks that are going to naturally occur in this space. Owusu Agyeman: How can younger employees think about building credibility with more senior colleagues?Jacky Wright: You have to actively go out and help people understand what you can bring to the table, how you can help them, and what help you need from them. Come in as a collaborator with a point of view in a position. That is the secret sauce to being able to build your credibility. There’s also making sure that you have some depth and data, depending on the cultural environment, which can reinforce your position. If you’re in a meeting and you have an ally in the room, you could ask your ally, “How well did I do?” Remember, credibility comes with a series of successes over time.

Groceries are the most popular live-streaming purchase for consumers in China, while clothing purchases are most popular on live streams in Latin America, the US, and Europe.

A new era. About one-quarter of the people in Latin America are between the ages of 15 and 30, the second-highest share of young adults in the world, behind Africa. That could be hugely beneficial for the region’s growth, particularly since young Latin Americans are among the most entrepreneurial globally.

The condition of contrition. Who says apologizing isn’t easy?﻿ [Atlantic]﻿

Bummer summer. Gen Zers are listening to sad music more than other generations, according to data from a music-streaming platform. *sends hugs*  [Bloomberg]﻿

—"
"76","Introducing Mind the Gap—Gen Z Personal Finance",2023-08-22,"/~/media/mckinsey/email/genz/2023/08/2023-08-22a.html","Back in March, this newsletter looked at Gen Z’s spending habits. But that was only one small glimpse into Z-babies’ finances.","Brought to you by Liz Hilton Segel, chief client officer and managing partner, global industry practices, & Homayoun Hatami, managing partner, global client capabilities

Welcome back! This time, our McKinsey Global Publishing fellow Elissa Bandler explores the topic of Gen Z and personal finance.

Back in March, this newsletter looked at Gen Z’s spending habits. But that was only one small glimpse into Z-babies’ finances. The bird’s-eye view looks more like this (at least for Gen Zers in the US): ﻿• median annual salary (ages 20 to 24): $38,325• average credit card debt (ages 18 to 25): $2,282• average student loan debt (ages 20 to 25): $20,900 • average savings balance (under age 35): $11,250• average monthly income spent on housing (under age 25): 37.3%It doesn’t take a math PhD to calculate the effect those figures have on Gen Zers. According to McKinsey research, almost a quarter of Gen Z respondents don’t expect to retire, and point to a high cost of living and high debt as reasons why. Low salary plus high debt and high cost of living equals pain (or, at least, a bit of financial nihilism).Out of the mire, thousands of digital creators have taken to the internet to help Gen Zers learn how to manage their money. “FinTok” is an area of TikTok where people can post content about personal finance. The #fintok hashtag has amassed more than four billion views according to the platform’s own data. And “finfluencers,” the content creators who give tips on everything from investment ideas to budgeting methods, have millions of loyal followers. Some finfluencers have even managed to parlay their social media success into personal-finance book deals. Ka-ching. You’d think that all the content about saving, investing, and paying down debt would be great for Gen Zers. And a lot of it is: more than half of Gen Zers have some kind of investment; Gen Zers contributed more to their 401(k)s last quarter than other generations did; and Gen Z is the generation most motivated by the pandemic to improve their financial literacy.  But for as many finfluencers who make videos about tried-and-true budgeting rules (50-30-20, baby!) or underused tax advantages, there are just as many who peddle predatory multilevel marketing schemes or are paid to promote financial products that may not work for everyone. There could be an opportunity here for companies to create trusted personal-finance content, both on social media and elsewhere. Outside of FinTok, companies can reach Gen Zers on fintech platforms: Gen Z accounts for the biggest share of fintech users, and 29 percent of those Gen Zers using fintech have more than one account, according to McKinsey Global Institute director Olivia White and coauthors. The public sector could also play a role in helping young people to better understand personal finance. Recognizing the need to teach young people financial literacy, schools across America have started to institute personal-finance courses in high school. (This is great news for Gen Alpha—and beyond.) One school in San Francisco has helped students create bank accounts, giving students enough money to practice basic investing and budgeting.TL;DR? Then let’s leave it at this: finding your financial footing might start with a dive into FinTok, but it shouldn’t end there.

The three main forms of shared mobility—hailed mobility, shared micromobility, and car sharing—are on the rise.

The pandemic’s marks. We may be more than three years out from the beginning of the pandemic, but its impact on the K–12 education system remains.

The hustle don’t stop. Gen Zers feel most guilty about taking vacation and completely unplugging. [LinkedIn]

Flight risk. Is the stigma around job hopping a thing of the past? For some in Gen Z, yes. For recruiters … maybe not. [NYT]

—"
"77","The fight isn’t over: The challenges facing Gen Z working women",2023-08-15,"/~/media/mckinsey/email/genz/2023/08/2023-08-15a.html","What we may overlook in this hot-pink celebration of girl culture are the pernicious and persistent problems Gen Z women in the workplace face (for those of you who watched Barbie, the movie tips its ensemble of pink hats at the topic). These challenges include everything from the gender pay gap to conscious (and unconscious) bias, and they can be found globally—in Asia, Canada, Spain, even the metaverse—and across industries, such as sports, government, and healthcare. You get the picture.","Brought to you by Liz Hilton Segel, chief client officer and managing partner, global industry practices, & Homayoun Hatami, managing partner, global client capabilities

Welcome back! This week, we’re peeking behind the pink curtain to check in on how women at work are doing.

This summer was FOR THE GIRLS (reminder: “girlie” is gender neutral and age agnostic). There were girl dinners, and of course, Barbie was everywhere. Women’s World Cup viewership soared, and the more feral among us enjoyed a Rat Girl Summer. What we may overlook in this hot-pink celebration of girl culture are the pernicious and persistent problems Gen Z women in the workplace face (for those of you who watched Barbie, the movie tips its ensemble of pink hats at the topic). These challenges include everything from the gender pay gap to conscious (and unconscious) bias, and they can be found globally—in Asia, Canada, Spain, even the metaverse—and across industries, such as sports, government, and healthcare. You get the picture.Let’s start with the gender pay gap. Thought it was solved? Fanfare around new pay transparency laws, which can benefit entry-level workers, might have signaled a trend in the right direction. But as it turns out, those laws have varying efficacy and may not be enforced at all. The problem with pay starts even earlier than some might expect: women tend to take more unpaid internships than men, regardless of industry, which sets those women up to earn less over their lifetimes.  What to make of hybrid work? The same flexible work arrangements that benefit women as they care for family members and children can also make it harder for young women to forge the relationships that can help them advance. That’s a catch-22 if there ever was one.﻿Then there’s the age-old bias against women in the workplace. For Gen Zers, that may take the form of “youngism,” or “the conflation of age with maturity and the misperception that tenure is required for competency.” That can manifest as being mistaken for someone more junior, or being called pet names, or coworkers focusing on your looks. When coupled with gender bias, it seems there’s “no right age” for working women. (FWIW: McKinsey research found that women managers under 30 are more likely to say they see bias than older employees at the same level.)McKinsey research offers some encouraging findings: young women are more ambitious and prioritize working in an equitable and inclusive workplace. As McKinsey senior partner Alexis Krivkovich and coauthors put it, young women are “watching senior women leave for better opportunities, and they’re prepared to do the same.” Chipping away at these problems now to help those go-getters realize their leadership potential is the key. So despite the pink-hued cultural bonanza the girls have enjoyed this summer, the challenges women in the workplace face are still there. The fight for equity continues.

Consumers expect good customer service from the government, too. But groups who use government services more frequently report lower levels of satisfaction with them.

The apprentice, reloaded. By modernizing the art of the apprenticeship, businesses could help close the skills gap, create more meaning for their employees, and help develop the careers of younger employees.

Boomer BFF. Cross-generational friendships could be an answer to social isolation, for the young and the old. [NYT]

Meet the Queenagers. If you want a better understanding of the challenges working women face today, take a look at the road paved by “queenagers,” or those women who began their careers in the 1980s and were the first to decide that flexibility > status. [Bloomberg]

—"
"78","It’s giving literary: The ultimate Gen Z summer reading list",2023-08-08,"/~/media/mckinsey/email/genz/2023/07/2023-07-25b.html","Booktok, or the corner of TikTok where users recommend their favorite books, is the best thing to happen to long-form reading in years, delivering the latest literary must-haves directly to Gen Z. Views of the hashtag have grown to more than 90 billion, up from 60 billion last year, which have in turn driven higher sales for authors whose works become popular on the platform.","Brought to you by Liz Hilton Segel, chief client officer and managing partner, global industry practices, & Homayoun Hatami, managing partner, global client capabilities

Thanks for being a valued subscriber to Mind the Gap, our weekly roundup of must-reads for Gen Zers and the Z-curious. As we hit the dog days of summer in our part of the world, we’ll be taking a two-week break from our typical send schedule to rest and recharge.

We’ll be back in your inbox on August 8, and in the meantime, we hope you’ll enjoy revisiting these recent top issues:

If you have friends or colleagues who might enjoy Mind the Gap, consider forwarding this email to them or sharing it on LinkedIn, Twitter, or Facebook. They can sign up for this or any of our 40+ other free email subscriptions at mckinsey.com/subscriptions. (And you might also want to revisit that page to see our full newsletter lineup.)

—"
"79","Dive into recent favorites",2023-07-25,"/~/media/mckinsey/email/genz/2023/07/2023-07-25b.html","Thanks for being a valued subscriber to Mind the Gap, our weekly roundup of must-reads for Gen Zers and the Z-curious. As we hit the dog days of summer in our part of the world, we’ll be taking a two-week break from our typical send schedule to rest and recharge","Brought to you by Liz Hilton Segel, chief client officer and managing partner, global industry practices, & Homayoun Hatami, managing partner, global client capabilities

Thanks for being a valued subscriber to Mind the Gap, our weekly roundup of must-reads for Gen Zers and the Z-curious. As we hit the dog days of summer in our part of the world, we’ll be taking a two-week break from our typical send schedule to rest and recharge.

We’ll be back in your inbox on August 8, and in the meantime, we hope you’ll enjoy revisiting these recent top issues:

If you have friends or colleagues who might enjoy Mind the Gap, consider forwarding this email to them or sharing it on LinkedIn, Twitter, or Facebook. They can sign up for this or any of our 40+ other free email subscriptions at mckinsey.com/subscriptions. (And you might also want to revisit that page to see our full newsletter lineup.)

—"
"80","Why are Gen Zers so obsessed with time?",2023-07-18,"/~/media/mckinsey/email/genz/2023/07/2023-07-18b.html","Gen Z’s obsession with time is apparent all over the internet: there are countless “5-to-9” videos with millions of views, along with headlines that claim Gen Zers demand a workday free from the constraints of the eight-hour window that has largely defined office work for the last century, or to make life their full-time job and work their part-time job.","Brought to you by Liz Hilton Segel, chief client officer and managing partner, global industry practices, & Homayoun Hatami, managing partner, global client capabilities

Welcome back! This week, we’re talking time—how to use it, how to lose it.

Gen Z’s obsession with time is apparent all over the internet: there are countless “5 to 9” videos with millions of views, along with headlines that claim Gen Zers demand a workday free from the constraints of the eight-hour window that has largely defined office work for the last century, or to make life their full-time job and work their part-time job.These acts of defiance may be a way for Gen Zers to reclaim what feels like lost time—particularly when your work is not necessarily fulfilling (for more on this, read our recent newsletter on finding your purpose at work.)Here’s another hypothesis: people with less power—for our purposes, those in entry-level positions or those who are early in their careers—feel they have less time.Sure, none of us were born to sit at a “silly little” desk and send silly little emails. But chances are, people do need (and on some level, maybe actually want) to work, so taking more control over the time spent working will likely pay dividends. Consider the difference between “costly” and “costless” time, as explained by McKinsey partner Bryan Hancock in a recent episode of the McKinsey Talks Talent podcast: Bryan Hancock: For [McKinsey alumnus Bill Schaninger], doing something from 3:00 to 4:00 on a Friday afternoon is incredibly costly because it cuts into quality time with his son. But if Bill were just sitting outside waiting for his kid’s activity to end, that’s costless time. That’s when he can afford to make up the time he took off on Friday.Bill Schaninger: The slot may vary by age and by life context, but universally, people like being asked what that no-fly zone is, what the really costly time is. That ought to be a “101,” really. Basically: if there’s some time slot that’s really valuable because you use it to do something that fills your cup—take the time to do that thing. Or there’s this scenario: maybe you have a really busy job—long hours, back-to-back meetings, that kind of thing—where even after a full day, it can feel like you checked off nothing on your to-do list. It turns out, real-time, virtual interaction (aka, ceaseless video meetings) is a time suck. The good news is everyone wants fewer meetings, even executives, who say they “find themselves spending way too much time on pointless interactions that drain their energy and produce information overload.” Two ways to reclaim your time if this is you: First, suggest an email in place of an undefined meeting. Second, get clarity on when you get a say in something and when you don’t (which can also free you from meetings where you keep your camera off and mic muted as you watch TV in the background … or finally tackle your mountain of emails … or respond to your mom’s texts. No judgment). Worried you’ll be penalized for asking whether you’re needed in a meeting? Remember: no one gets a standing ovation for performing in the “productivity theater.”

Africa has the world’s youngest and fastest-growing population, which could reach 2.5 billion people by 2050. But its citizens still face higher levels of poverty than other developing regions.

Dot.edu. A survey of 7,000 people across 17 countries revealed what higher education students expect from online programs. Among the findings: students want hybrid learning options to stick around.

Later, boomer. Gen Xers are now in charge, which could encourage a new era of corporate norms. [NYT]

Kramercore. Cosmo Kramer is the summer’s sartorial North Star. The right man, the right time, the right wardrobe. [Atlantic]

—"
"81","Why a workation is the new summer Friday",2023-07-11,"/~/media/mckinsey/email/genz/2023/07/2023-07-11b.html","A new day, a new portmanteau—or two—for our working world is here. “Workation” is the concept of working from a vacation locale for an extended period. There’s also “bleisure,” or business plus leisure travel.","Brought to you by Liz Hilton Segel, chief client officer and managing partner, global industry practices, & Homayoun Hatami, managing partner, global client capabilities

Welcome back! This week, we’re solving for the equation business + pleasure = ‘bleisure.’

A new day, a new portmanteau—or two—for our working world is here. “Workation” is the concept of working from a vacation locale for an extended period. There’s also “bleisure,” or business plus leisure travel. Think of it like this: you’re working remotely anyway, so why not do it from an exotic location? Or a place you’ve always wished you had more time to explore than your PTO allows? As companies continue to figure out their hybrid and in-person work policies, “work from anywhere” is the new summer Friday.These ideas, which gained momentum at the height of the pandemic, have remained a part of life for some workers (those privileged office workers who have disposable income and flexibility in their own lives). But does a “workation” actually work for Gen Z? The truth is, bleisure travel might not be possible for younger employees, who, on their salaries, may not be able to budget for extended travel while still paying rent at their home base. (McKinsey research finds that in some professions, such as tech, some Gen Z workers prioritize higher pay over workplace flexibility, after all.) Let’s say the typical Gen Zer finds a way to afford a workation; if this is you, it may take some careful thinking to decide whether it’s worth the time away from your usual work setting. For example, depending on where you normally live, there may be tax implications (for you and your employer) to working elsewhere for an extended period. And to avoid any suspicion that your workation is just a thinly veiled über-long vacation—which won’t exactly look great on a performance review—you’ll have to have conversations with your manager about what you’ll need to get done while you’re gone; that way, you’re still accountable for your work even if time zones differ. A workation can be a lot like well-organized hybrid work, according to Stanford professor Nicholas Bloom, who spoke with McKinsey partner Michael Chui about getting hybrid work right. In the best hybrid scenarios, your entire team would be coming into the office on the same days and working remotely for the rest of the week; the remote work days are, ideally, those that allow time for deep thinking. And if you have to do creative work, it’s often best to bounce around ideas in person, which may affect when you decide a workation is right for you. Anyway, remember: when dealing with burnout or if you’re just in need of a break, sometimes a regular vacation, sans tether, is the way to go.

Finding suitable land to build wind turbines is vital in helping European countries reach net-zero energy goals.

The ‘frozen middle.’ Black, Bangladeshi, and Pakistani groups in the United Kingdom are the furthest behind on pay and labor force participation and often get stuck in the “frozen middle,” an effect that makes it difficult to progress in an organization.

Not the widget factory. Economics has never been more interesting, according to two University of Michigan professors who insist that the subject can be a joy to study.

Beef, beer, (cold) brew. Restaurants and CPG companies are scrambling to evolve their product offerings to satisfy Gen Z’s tastes, with a few hiccups along the way. [WSJ]

RIP great thrifting? As the quality of some mass-produced clothing has diminished over the years and fast fashion has proliferated, it’s getting harder to find holy grail products. [Blackbird Spyplane]

—"
"82","Reinvention may be the answer to Gen Z’s quarter-life crises",2023-06-27,"/~/media/mckinsey/email/genz/2023/06/2023-06-27b.html","For Gen Z, the quarter-life crisis—that existential dread that comes in your 20s as you try to figure out who you really are—can be a debilitating struggle. Later, this kind of early angst can seem trivial: How can a 20-something, with an expanse of possibilities and relatively few responsibilities, feel so much anguish so early in their life?","Brought to you by Liz Hilton Segel, chief client officer and managing partner, global industry practices, & Homayoun Hatami, managing partner, global client capabilities

Welcome back! This week, we’re talking about the process of reinvention—no matter your age.

For Gen Z, the quarter-life crisis—that existential dread that comes in your 20s as you try to figure out who you really are—can be a debilitating struggle. Later, this kind of early angst can seem trivial: How can a 20-something, with an expanse of possibilities and relatively few responsibilities, feel so much anguish so early in their life?  For plenty of high-achieving people, navigating the ambiguity of adulthood—and in doing so, confronting the question of, what am I really doing with my life?—can bring on that sullenness. If you’ve set out on a career path, there’s a real chance that it may not be fulfilling you in the ways you had hoped. How early is too early to reinvent yourself? The subject of reinvention may seem like something reserved for midcareer pop stars, but it can be one way to ease the distress that naturally comes with adulthood and the related difficulty in uncovering one’s purpose. Gen Zers might actually be incrementally reinventing themselves without realizing it: while employee churn rose overall during the so-called Great Resignation, Gen Zers are known to job hop, switching roles at more than double the rate in 2022 than they did in 2019, according to a LinkedIn Workforce Confidence survey. That compares with 24 percent more job hopping for millennials and 4 percent less for boomers in the same time span, the survey found.But pursuing intentional reinvention is about more than job hopping. What if you took a page from a company’s transformation playbook? It may sound odd, but applying the principles of corporate reinvention, as outlined by McKinsey senior partner Sandra Sancier-Sultan, to your own life actually translates pretty easily:  •  Separate the ‘what’ from the ‘how’: Define who you want to be and what you want to accomplish without fixating on the steps required to get there.•  Involve your teams in the ‘how’: You might not have a “team” yet, but you can ask for advice on how to get started from trusted mentors and coworkers.•  Tackle the skills gap: If you have an idea for what you’d like to accomplish, figure out which skills you’ll need to learn to make that idea a reality.Here’s another way to think about it. In Next!: The Power of Reinvention in Life and Work by Joanne Lipman, reinvention is characterized by “the four Ss: search, struggle, stop, solution.” Search is about exploring your interests, which may end up becoming the center of your reinvention later; you begin to struggle when you’ve started to disconnect from your previous identity but don’t yet know what your future looks like; the stop comes when something disrupts your previous life—in our example, it may mean leaving one job for another, which makes way for the solution, aka, your reinvention. A couple notes about this tidy framework: reinvention can feel messy, ambiguous, tedious, and, often, out of reach. That doesn’t mean you’re not well on your way there. In the search for reinvention, Lipman warns that people often give up on their newly charted course too soon. This metamorphosis can be daunting to think about. Whether you want to think of yourself as the chief transformation officer of your own life, the good news is that it’s never too late—or too soon—to get closer to who you want to be..

Europeans under age 30 are least likely to use a private vehicle to get around and most likely to use micromobility options, such as e-bikes and scooters.

Cheat sheet. Looking for our latest research on Gen Z in one handy place? Look no further.

Pride in practice. As Pride month comes to an end, deepen your allyship by reading this report on the transgender experience in the workplace.

Commander-in-chief’s counsel. Being adaptable will make you indispensable at work, so says former president Barack Obama, when asked what advice he’d give to young people today. [CNBC]

Double-click. This “utterly nauseating” piece of corporate jargon has become ubiquitous in offices and on earnings calls, to the dismay of many. [FT]

Editor’s Note: Mind the Gap will be off next week for the Fourth of July holiday in the US. We’ll see you back here on July 11.

—"
"83","Are Gen Z CEOs a thing already?",2023-06-20,"/~/media/mckinsey/email/genz/2023/06/2023-06-20b.html","We spend a lot of time in this newsletter talking about Gen Z’s experience entering the workforce, starting new jobs, and figuring out how to make the most of their early career years. Is it possible that some of the most ambitious within this generation have bypassed those growing pains and leapfrogged all the way to the C-suite?","Brought to you by Liz Hilton Segel, chief client officer and managing partner, global industry practices, & Homayoun Hatami, managing partner, global client capabilities

Welcome back! This week, we’re talking Gen Z’s C-suite ambitions.

We spend a lot of time in this newsletter talking about Gen Z’s experience entering the workforce, starting new jobs, and figuring out how to make the most of their early-career years. Is it possible that some of the most ambitious within this generation have bypassed those growing pains and leapfrogged all the way to the C-suite? Sort of. It turns out there are at least a few companies tapping CEOs who are in their 20s and who aren’t part of a family succession plan (#teamshiv). Almost a third of newly appointed S&P 500 CEOs in 2022 were younger than 50, more than double the 2018 levels for this same cohort. To be sure, the average CEO age is still about 54.What those young CEOs lack in career experience, they may make up for in moxie and a unique POV. Some also believe that the way the world has operated over the past, call it 50 years, is hardly an indication of how businesses will run in the next 50, when Gen Z’s digital prowess and comfort being perpetually online may be particularly advantageous. It’s also true that the pandemic brought with it a once-in-a-generation change in how CEOs operate.Even if Gen Zers aren’t all C-suite-level execs today, plenty of them have expressed an interest in getting there one day. Gen Z is more than twice as likely to want to be CEO compared with Gen X (38 percent versus 18 percent, respectively). Meanwhile, 21 percent of boomers and 31 percent of millennials said they’d want to be head honcho. Gen Z also expects to be able to do the CEO job in a hybrid capacity, prioritizing work–life balance along the way.For Gen Z, the playbook for becoming CEO will differ from that of previous generations. That’s both a good thing—traditional markers of experience and education may be less relevant in the future—and a challenge: navigating a corporation through today’s highly complex, interwoven business environment requires understanding topics that a previous generation of CEOs never had to master. (Hello, generative AI and the metaverse!)McKinsey senior partner Celia Huber and her coauthors recently mined the perspectives of 300 leaders, 88 of whom are CEOs themselves, to figure out what skills aspiring CEOs need to be top dog: being comfortable with volatility and public scrutiny and having a good grasp of ESG issues are all newly important qualifications for the CEO position. If this sounds like you, you’ve also got to deliver a clear and detailed vision for how you will transform the company you want to lead, with a goal in mind (like doubling the firm’s market cap, for example). By the way, if your motivation for wanting to be CEO is money, power, or esteem alone, you might want to rethink things. And what if you don’t want to be CEO but still have high aspirations? McKinsey senior partner Scott Keller, who literally wrote the book on the CEO role (with colleagues Carolyn Dewar and Vik Malhotra), notes that all the training and lessons to be learned from this high-power pursuit “probably apply in most of the other contexts,” too.

Physical-wellness and peer support programs are two examples of mental-health resources employers can make available to reduce quit rates.

other insights about the Black experience

Say chīzu. After ubiquitous mask wearing during the pandemic (and even before that), some Japanese students are taking lessons to learn how to smile once the masks come off. [Reuters]

FIRE fest. Is the so-called FIRE (financial independence retire early) movement for you? A nuanced look challenges the hold it may have on Gen Z. [Bloomberg]

—"
"84","A new era for Gen Z employees as the Great Resignation winds down",2023-06-13,"/~/media/mckinsey/email/genz/2023/06/2023-06-13b.html","There are new signs that the Great Resignation—the era in which millions of people quit their jobs during the pandemic—may be coming to an end.","Brought to you by Liz Hilton Segel, chief client officer and managing partner, global industry practices, & Homayoun Hatami, managing partner, global client capabilities

Welcome back! This week, we’re talking about how the end of the Great Resignation could change the calculus for Gen Z at work.

There are new signs that the Great Resignation—the era in which millions of people quit their jobs during the pandemic—may be coming to an end.Thanks to persistent, looming question marks hanging over the economy and a labor market in flux, the allure of leaving your job in search of better pay has lost some of its luster. (Some Gen Zers are even embracing the corporate girlie persona. Side note: if you need an explainer on “girlies,” read this.) For plenty of Gen Zers, their entire experience in the job market has been characterized by talk of actual quitting or quiet quitting—the idea of doing the bare minimum. A labor market vibe shift would be a marked change, one unfamiliar to young professionals who are, at most, just a few years into their careers.The good news, at least in the short term, is that Gen Zers who are staying in their jobs for more than a year are seeing higher pay increases than their older coworkers, even if that’s because they had the lowest wages to begin with. That fact coincides with the reality that as the job market changes, offers to go work elsewhere may not have all the extra sweeteners to entice would-be hires. Plus, the resiliency measures many employers are undertaking means it’s probably a good time to step up to the plate at work; quiet quitting or working your second job while on the clock for your first one feels just a little riskier when more companies are trying to weed out underperformers. Still, if you were tempted to quit (or quiet quit) but have backed off, the idea of staying in a job where you lack a clear path for development or advancement or meaningful work can feel depressing. But when your job offers you purpose—that enduring, overarching sense of what matters in a person’s life—staying in it for years won’t seem harrowing at all, McKinsey senior partner Bill Schaninger and his coauthors found. (While you can create purpose in other parts of your life, many people, according to McKinsey research, say their job provides them with that sense, so it’s worth exploring how to find it in a career.) In an entry-level job with menial tasks, finding purpose can be challenging. It might feel like you’re not working toward any bigger-picture thing. In this case, finding out whether your manager or company leadership believes in—and is actively working toward—the company’s purpose can help you discover your own. (If you feel comfortable having conversations about purpose at work with your manager, do it!) Another way to approach it is to figure out whether your own values align with your employers’. If they don’t, well, maybe this job really is just a paycheck for you. If your values do align but you still feel some sort of disconnect, have hope! With communication and some effort, you’ll likely be able to bridge it. It could also be that you believe in your company’s purpose but your current job leaves you bored or unfulfilled. Looking for a new job within your company could help ease some of that malaise. TL;DR: things will start to look up when you begin to look within.

Gen Zers tend to say social media affects them negatively at higher rates than other generations—with the highest negative impact reported for the fear of missing out.

The hybrid equation. Despite the persistence of hybrid work arrangements, only a fraction of companies implement best practices for flexible workplaces.

Age is just a number. What does it take to achieve healthy aging? A survey of more than 20,000 adults over the age of 55 across 21 countries reveals some surprising beliefs.

Pride rocks. June marks Pride Month, a time to reflect on LGBTQ issues and demonstrate allyship. Check out this previous issue of Mind the Gap, full of McKinsey insights on the LGBTQ experience and Gen Z.

The ‘leading edge of change.’ The experience of queer teenagers in America today is marked by “paradoxical findings,” like higher rates of acceptance but worse mental health. [NYT]

Drop me a pin. Gen Zers frequently share their location with friends, a trend that some say is likely to balloon in the coming years. [Vox]

—"
"85","The price is not right: Gen Z’s sustainable-fashion conundrum",2023-06-06,"/~/media/mckinsey/email/genz/2023/06/2023-06-06b.html","Ask most Gen Zers if they care about the planet and its people—and if they make shopping decisions based on those beliefs—and you’re likely to get a yes.","Brought to you by Liz Hilton Segel, chief client officer and managing partner, global industry practices, & Homayoun Hatami, managing partner, global client capabilities

Welcome back! This week, we’re talking about Gen Z’s POV on sustainable fashion.

Ask most Gen Zers if they care about the planet and its people—and if they make shopping decisions based on those beliefs—and you’re likely to get a yes. But it’s getting harder to see those same values in action.The current cost-of-living crisis (that big inflation beast just won’t quit) is eroding Gen Z’s willingness to purchase sustainable products, according to a recent survey of about 1,000 people across all ages out of the UK. Sustainably made products—everything from clothes to food to cosmetics—often carry a price premium. These days, McKinsey research, led by senior partner David Feber, shows that the bulk of consumers of all age groups are prioritizing price, quality, and convenience. Compare that with just three years ago, when consumers expressed a greater willingness to pay more for sustainable goods. (Still, about 40 percent of Gen Z and millennial consumers say that environmental impact is an extremely or very important factor when making their purchasing decisions, nearly double the rate of boomers.) While the sustainability conversation is still “dominating consumer priorities and the fashion agenda,” according to our latest State of Fashion report, Gen Z’s relationship with fashion is complicated. On one hand, Gen Zers express a desire for sustainably produced items and love thrifting. On the other hand, clothing “hauls” (or what previous generations called a shopping spree) make up some of the most watched and most produced content on social media. That’s especially true with so many Gen Zers cosplaying as would-be influencers. These two opposing ideas have coexisted for a while. What’s changing is Gen Zers’ tolerance for price increases, which could push them toward buying cheaper clothes, especially considering that the excessive-shopping habit shared by many consumers today is as strong as ever.It’s not as if Gen Zers—or most people, for that matter—want to hurt Mother Earth. So why continue to shop like the climate crisis isn’t real? Part of the problem is that consumers find it difficult knowing what makes something sustainable in the first place. For example, people tend to think that packaging is a key indicator for whether something is sustainable. Packaging is part of it, but what about materials, supply chain, or human capital that make up the other key elements of sustainability?(By the way, this education gap extends into other categories as well, such as food, where consumers in Europe, the UK, and the US have said they find it hard to understand which food choices are more sustainable.)It’s also tough for shoppers to translate their values into practice when sustainable-shopping practices themselves aren’t perfect. Some believe that circularity—the idea that garments get reused or recycled in perpetuity—is “a fashionable fantasy,” one whose benefits have so far been only conceptual. And the thrifting habit that Gen Z loves so much is fraught with its own ethical issues, such as driving up the price of used clothing, making it unaffordable for people who were buying it before it became cool to do so.Buying less seems to be the only truly sustainable option. But buying less is hard. The compulsion to spend, the pressure to flex—it’s difficult to let that go. Maybe a way to scratch the shopping itch—without actually buying more stuff that could end up in a landfill—is to shell out for a stylist who helps you find joy in the clothes you already own. And for fashion brands, there’s a chance to cash in on an opportunity worth billions by bringing refurbishment services in-house.  Spending a little more on sustainable products might seem costly in the short run. Saving the planet, though? Priceless.

Both Gen Zers and boomers alike cite lack of career development and advancement as a top reason for wanting to leave their job.

The eye of the shareholder. The beauty market generated about $430 billion in revenue in 2022 and is expected to keep growing. Our latest State of Fashion beauty report explores five themes that will define the industry in the year ahead.

Peering into the public sector. Women are better represented in the public sector than in the private sector. But they still face challenges such as high rates of burnout.

RNs—from AM to PM. How do nurses in America spend their time at work—and how would they prefer to spend their time? Those are the two questions explored in our latest survey on the nursing workforce.

ISO common ground. In an effort to connect, some employees are searching the internet for things to discuss with their coworkers. Guess no one wants to talk about the weather anymore. [Business Insider]

Notes on losing. A chronic tennis loser reflects on how the sport’s best athletes are able to “alchemize bad to good.” [New Yorker]

—"
"86","A look inside Gen Z’s ‘prejuvenation’ habit",2023-05-30,"/~/media/mckinsey/email/genz/2023/05/2023-05-30b.html","This week, we’re talking about Gen Z’s injectable use… hold still, please.","Brought to you by Liz Hilton Segel, chief client officer and managing partner, global industry practices, & Homayoun Hatami, managing partner, global client capabilities

Welcome back! This week, we’re talking about Gen Z’s injectable use… hold still, please.

When McKinsey published research about the growing injectables market in 2021, senior partner Olivier Leclerc and coauthors noted that the business was growing in part because men and millennials were getting in on the action. That same research projected revenue growth in the injectables market to be no less than 12 percent a year through 2025, with the biggest growth coming from consumers in the North American and Asia–Pacific regions. Nearly as many high-income earners in the 20 to 30 age range as those in the 41 to 50 age range reported getting “neuromodulator” treatments (injectables that freeze your muscles like Botox)—and that was two years ago. Those figures may have increased since then. Gen Z even has its own injectables lingo now: dermal fillers, biostimulators, and neuromodulators are known as “prejuvenation,” “baby,” or “preventative” Botox. Last year, 27 percent of US patients receiving Botox were 34 or younger, compared with 21 percent in 2015, according to survey data from the American Academy of Facial Plastic and Reconstructive Surgery. The idea is to stop wrinkles before they start. Why the boom? By now, everyone’s at least a little aware of how staring at themselves on video calls all day has affected their self-image. (Some of the most enlightened among us have leveled up and turned off their self-view.)In addition, McKinsey’s research points to increased social-media messaging about injectables (to drive awareness and acceptance of them), and it’s landing with the under-25s: potential new users and manufacturers of the products engage directly or through influencers. Aesthetic-service outlets, aka medispas and the like, are spreading as well. Another POV on why Gen Z might be rushing to the derm’s office: pretty privilege—the idea that you get further ahead at work, in social settings, in life because of your smashing good looks—is a real thing, as Elise Hu points out in her new book, Flawless: Lessons in Looks and Culture from the K-Beauty Capital.But all of us, from Gen Zers to boomers, should pause for a second to think about what beauty actually is—and how long our current definition of it will last. Just ask the millennials who spent years puffing up their faces in all the right places only to have the aesthetic pendulum swing back toward the gaunt, hollowed look. Even some celebrities, those who once avoided questions about the work they had done, are openly admitting they wish they “never touched anything to begin with.”  When debating a little plumping or preserving, Gen Zers might also consider their personal finances and how spending a couple grand on fillers fits into that picture. None of this is to shame or dissuade anyone who’s gotten or wants to get some cosmetic work done. You do you! But maybe give yourself a break from video calls from time to time, too.

By 2035, electric vehicles will likely account for more than 65 percent of all new light-vehicle sales across the global automotive market.

CPG meets ESG. Following a new study on how sustainability claims on products affect consumer spending, McKinsey leaders discuss which companies are getting it right on the latest McKinsey on Consumer and Retail podcast.

A work in progress. As Mental Health Awareness month comes to a close, read this report on Gen Zers and their mental health.

What’s next? That’s the question being asked as the COVID-19 pandemic public-health emergency declaration comes to an end.

Sale of the century? Hundreds of New Yorkers, mostly the young and fashionable, waited for hours in line one hot Saturday morning for a chance to buy a piece from a former “It girl’s” wardrobe. [Vogue]

Patron saint of striving youth. What to do if you’re a 20-something who feels like they’re just flailing and floating through life with no real direction? One clinical psychologist, whose literature on the subject became a cult classic, shares her ideas. [NYT]

—"
"87","Is Gen Z up for a little game of risk?",2023-05-23,"/~/media/mckinsey/email/genz/2023/05/2023-05-23b.html","Is Gen Z generally willing to take risks or is it risk averse? It’s hard to tell because there’s limited survey data on the topic. Some data found in the far corners of the interwebs suggest that Gen Z is more risk averse when it comes to investing. But it’s a little tough to square that in the age of meme stocks.","Brought to you by Liz Hilton Segel, chief client officer and managing partner, global industry practices, & Homayoun Hatami, managing partner, global client capabilities

Welcome back! This week, we’re exploring how being a risk-taker can help you level up.

Is Gen Z generally willing to take risks or is it risk averse? It’s hard to tell because there’s limited survey data on the topic. Some data found in the far corners of the interwebs suggest that Gen Z is more risk averse when it comes to investing. But it’s a little tough to square that in the age of meme stocks. McKinsey’s own research says that Gen Zers are more pragmatic than millennials, which could translate to being risk averse.Whatever Gen Zers’ appetite for risk is, it’s actually super important for them to take risks early on in their careers. It’s one of the keys to leveling up: stretch roles—jobs that require new skills that you didn’t have in your last job—help push people to be “upwardly mobile,” say McKinsey partner Anu Madgavkar and colleagues. The boldness of your early-career decisions can change the trajectory of your career later—not in small ways, either. Being a calculated risk-taker can mean moving up one, two, or even three income brackets higher over your lifetime. Plus, taking the plunge fits with the oft-prescribed ethos of bringing main-character energy to everything you do. And while it might seem like some people are just inherently better at playing this game, risk-taking is really more like a muscle you can exercise. When you take a risk and it pays off, you’re more likely (neurologically) to do it again. And even if it doesn’t pay off the way you’d hoped, you can learn from the risk you took to do better next time. ReSiLiEnCe, as they say.   Taking risks can also be encouraged at work. If your company creates an environment in which risk-taking gets the thumbs-up from the boss, employees are more likely to do all kinds of things that look really good on a performance review. That might mean applying for an open role or taking on a new kind of project or finding ways to learn new skills that you don’t really need as part of your current responsibilities—but you would need to know in the next level up. (Need a little inspo? This series features McKinsey leaders reflecting on some of their defining moments at the firm, many of which illustrate how taking risks paid off for them.) By the way, if you’re job searching, ask your interviewer: Does this company encourage risk-taking, and if so, how?As we explained last week, mentors can help you figure out how and when to make big, bold moves. And remember, taking risks doesn’t mean being impulsive or fearless; it means being mindful and positioning yourself in the best way to walk through the proverbial door of opportunity when it opens.In short: let’s get this bread. Obtain the grain. Risk it for the biscuit.

Despite being sidelined in much of the sports industry, women managers are often cited as doing more to support their teams than men in the same roles.

A dip into chips. “Semiconductor shortage” is probably on your pandemic bingo board. But what does that even mean? And how did it happen? This semiconductor Explainer answers those questions and more.

Staying the course. Good intentions are not enough to keep up the progress that corporate DEI initiatives set out to achieve.

The battle for our brains. Neurotech, or wearable devices that can track our thoughts, and its threat to individual liberty is the subject of a new book by a Duke University law and philosophy professor.

Big law losing its luster? Gen Z law students and early-career attorneys say they aren’t as interested in joining a large law firm, citing different values and a desire for flexible hours. [FT]

Pure camp. The Eurovision music competition, with its campy performances that signal a message of inclusivity, is a Gen Z favorite. Fifty-six percent of the TV audience for last year’s finale were aged between 15 and 24—four times higher than average for the age group. [BBC]

—"
"88","The Gen Z guide to finding a mentor",2023-05-16,"/~/media/mckinsey/email/genz/2023/05/2023-05-16b.html","As Gen Zers find their way back to the office (or begin to navigate it for the first time), mentorship is an oft-overlooked and underestimated tool that helps everyone—not just Gen Z—find their way at work.","Brought to you by Liz Hilton Segel, chief client officer and managing partner, global industry practices, & Homayoun Hatami, managing partner, global client capabilities

Welcome back! This week, we’re getting into the dos and don’ts of mentorship.

Here’s a little riddle: What do Oprah Winfrey, Sean Combs (aka Puff Daddy aka P Diddy aka Diddy), and Harry Potter have in common? They all have mentors. Barbara Walters, Ray Dalio, and Professor Dumbledore (respectively) were the yin to their yang, the peanut butter to their jelly, the wind beneath their proverbial wings in the coveted mentor–mentee relationship. As Gen Zers find their way back to the office (or begin to navigate it for the first time), mentorship is an oft-overlooked and underestimated tool that helps everyone—not just Gen Z—find their way at work.  First, it’s important to understand what mentors are: trusted advisers and sounding boards meant to offer advice. Mentors don’t have to be the most senior person at your company; in fact, they don’t have to work at your company at all. It’s also important to know the difference between a mentor and a sponsor: a sponsor is a senior leader in a company who creates opportunities for early-tenure employees and helps broaden their networks. Mentors and sponsors are especially beneficial for women and people of color. For example, sponsorship has been linked to greater risk taking (like trying out a new role) for some women at work, as McKinsey senior partner Alexis Krivkovich explains. Most people recognize the value of a powerful mentor relationship. But fewer know how to land one for themselves. According to a March 2022 survey of more than 8,000 working adults, 40 percent of people say they have a mentor at work, but only 23 percent of people say they have a sponsor at work. And White people were likelier to say they had a mentor or sponsor than other respondents. If you’re lucky, your workplace already offers formal mentorship or sponsorship pairings. Ask your manager or company HR if this exists (if you’re a non-Gen Zer reading this: Why not help lead the charge on sponsorship at your company if you can?) If your workplace doesn’t offer a formal program, you’re going to have to seek one out yourself. Here’s a list of dos and don’ts to help you get started: • DO: Be proactive and find a mentor or sponsor to help guide you. If you’re not sure who this could be, don’t be afraid to ask around! (Mentor relationships can feel transactional, which is not so great for longevity. The best way to keep this from happening is to find a mentor with whom you share interests.)• DON’T: While it’s important to seek out a sponsor with whom you have similarities, be careful not to select according to gender or race. Why? Women’s networks tend to skew toward women; the same goes for men. This can create a disadvantage over time, particularly in fields where men make up most senior positions. The higher up you progress, the fewer women there will be to act as sponsors at the top. Instead, join an employee resource group when looking for support and collegiality according to shared identity. • DO: Reach out to this potential mentor or sponsor with a specific question or a problem you’re trying to solve. That way, when you follow up with them, you can demonstrate that you’re able to work through a challenge and you appreciate their advice. People like to give advice, but they love it when people follow their advice.• DO: Offer to help a sponsor with something they’re working on. This will give you an opportunity to demonstrate your own skills while also making sure you don’t come off as a leech. • DON’T: Expect a sponsor to do the heavy lifting alone. Set actionable, measurable goals that this person can help you achieve, with a specific time frame in mind. And you can still seek out a mentor or sponsor if you work remotely, though it may require a bit more effort. If you’re remote, set aside time for the kinds of encounters that would normally happen in-person (lunch or coffee chats, for example).The bottom line: relationships matter. Nurturing them should be on your professional to-do list alongside your other weekly tasks. And, following Mother’s Day celebrations in many countries, remember that moms often make the best mentors of all.

People across Europe, UK, and the US are having a hard time understanding what makes food choices more sustainable.

The Great Perturbation. Younger workers are more worried about job security—74 percent of Gen Zers and 62 percent of millennials are fretting, compared with 52 percent of Gen Xers and 19 percent of boomers.

Read it and leap. The latest edition of the McKinsey Quarterly is out and available online. This issue explores everything from how to be a high-potential CEO candidate to the future of mobility.

How can (A)I help? Two-thirds of millennials expect real-time customer service. Companies are exploring how to use advanced AI to meet demand.

Met Gala but make it vintage. The 2023 Met Gala, a fundraising event to support the Metropolitan Museum of New York’s Costume Institute, celebrated the oeuvre of late-designer Karl Lagerfeld. It also showed how old clothes can dazzle just like new ones. [WaPo]

Yay, sports! The NFL is leaning into influencer marketing to convert Gen Z consumers into paying customers in its content universe. [Digiday]

—"
"89","Is Gen Z in a New York state of mind?",2023-05-09,"/~/media/mckinsey/email/genz/2023/05/2023-05-09b.html","If you watched TV or went to the movies during the 1990s and 2000s, you were regularly treated to an unapologetically romantic view of New York City. Films and series such as Living Single, Sex and the City, The Devil Wears Prada, How to Make It in America, and even The Apprentice helped sell people from all over the world on the dream that they, too, could conquer their big-city professional dreams, share an elevator with a CEO, or start their own business.","Brought to you by Liz Hilton Segel, chief client officer and managing partner, global industry practices, & Homayoun Hatami, managing partner, global client capabilities

This week, we’re sizing up big cities and burgeoning talent hubs.

If you watched TV or went to the movies during the 1990s and 2000s, you were regularly treated to an unapologetically romantic view of New York City. Films and series such as Living Single, Sex and the City, The Devil Wears Prada, How to Make It in America, and even The Apprentice helped sell people from all over the world on the dream that they, too, could conquer their big-city professional dreams, share an elevator with a CEO, or start their own business.But the discourse these days around big urban centers is not as upbeat as it once was, which could potentially deter eager young professionals, with their newly minted college degrees, zest for life (and probable student loan debt), from moving there. During the pandemic, for example, New York City residents of different backgrounds and ages confronted various challenges to their financial and material well-being, such as income loss and mental-health issues, which McKinsey senior partner André Dua and coauthors examined. Even with all the progress achieved during the city’s postpandemic recovery, it still contends with soaring housing costs, a rat infestation (leading to a newly appointed “rat czar”), and an increasing homeless population. None of these problems are unique to NYC, though. They’ve become hot-button topics in some of the biggest cities both in the US and around the world: in Los Angeles, the homelessness rate is higher than New York City’s. In Paris, garbage worker strikes have led to an infestation de rats of its own (not in the fun, Ratatouille kind of way). And in Toronto, Canada’s largest city, the average rent is up 13 percent from a year ago, surpassing $3,000 a month for the first time. While cities that were once go-to talent hubs are dealing with all sorts of problems, so-called second-tier cities have simultaneously grown more popular: Miami (aka New Yorkers’ pandemic getaway), Atlanta, and Austin, for example, have attracted tech talent, while across the Atlantic, once-overlooked Marseille has become a destination for creatives. Other US states—Minnesota and Tennessee among them—are becoming home to innovation hubs as well. In some cases, Gen Zers are moving to college towns—after graduation—to be among people close to their own age and to enjoy a bustling social scene that is also more affordable than the usual postgrad migration hubs.The top three US cities for Gen Z, according to a recent study, are Atlanta, Minneapolis, and Boston, respectively, based on affordability, Gen Z population share, unemployment rate, internet speed, recreational and dining establishments, green commuting options, number of parks, and school enrollment. If all these other places are popping up as talent hubs—at a fraction of the cost and with fewer rats—what’s the point of moving to a place like New York?Consider the following pros: • PRO: Some of the biggest global companies in finance, technology, fashion, the arts, and more are still headquartered in major cities, making in-person networking easier to do. And while those companies might have offices in smaller cities or allow for remote work, you might have to consider accepting a smaller, location-adjusted salary.  • PRO: There’s a growing mismatch between jobs and skill sets in major metro areas like New York, which offers an opportunity to people who have those in-demand skills to land a great job. • PRO: For the Gen Zer who isn’t interested in getting their driver’s license, there’s the added bonus of getting around easily in urban centers by using bikes, public transportation, ride sharing, or walking.  • KIND OF A PRO? If you thought it would be cheaper to live in a smaller city, as was the case before the pandemic, think again. (To be fair, it’s still probably cheaper on an absolute basis to live in Tampa than in NYC, LA, or San Fran.) • ERM … MAYBE NOT A PRO: A salary of $100,000 in New York City feels more like a salary of around $36,000, when accounting for the cost of living. If saving lots of money early in your career is your number-one goal, then living in an expensive city is going to be more challenging (unless you work in a high-paying field). But regardless of where you decide to move, it’s easier than ever to build an inclusive, supportive community anywhere—whether it’s virtually from your childhood bedroom or from your first “grown up” apartment. The question left for you to answer: Would you rather watch a TV series about life in a big city or experience your own version of it?

Launch costs for new satellite technologies have fallen 95 percent and are expected to become even cheaper, making them more cost efficient over time compared with other technologies like plasma TVs.

Tech list. Despite the headlines documenting layoffs in the tech industry, tech employers are still looking for talent equipped with in-demand digital skills. But attracting that talent means more than offering a big salary.

Ready for takeoff. The future of air mobility—think flying taxis—may be near. Here’s what needs to happen for those sky-high plans to become reality.

Como se diz ‘glass ceiling’? Women account for half the labor force in Portugal but hold fewer top positions proportionate to the country’s population than the European average.

Book of generation. Technological change is the leading cause of generational differences but has also made this the best time to live in human history, argues one author. [Vanity Fair]

Less honey for the bees. The creator economy could balloon to $480 billion by 2027, roughly the GDP of Vietnam. But those gains aren’t evenly distributed across the influencer landscape. [FT]

—"
"90","How much does social media impact Gen Z’s mental health, really?",2023-04-25,"/~/media/mckinsey/email/genz/2023/05/2023-05-02b.html","There is a familiar cycle of download and delete that Gen Z has come to understand all too well in its relationship with social media.","Brought to you by Liz Hilton Segel, chief client officer and managing partner, global industry practices, & Homayoun Hatami, managing partner, global client capabilities

Welcome back! This week, we’re talking about social media’s impact on Gen Z’s mental health.

There is a familiar cycle of download and delete that Gen Z has come to understand all too well in its relationship with social media. It goes like this: Maybe you get sick of the constant scrolling on your go-to social-media feed. Maybe your screen time soars to four hours or more a day. You vow you’re done with social media. You deactivate your accounts ... for a few days, or a few weeks if you’ve really hit your limit. Before long, you may have reactivated them, but you’ll only access the desktop versions. Then you give in and redownload the apps. But this time is different; you’re going to be mindful about your use, so you set a timer limiting how much time you spend on them. You ignore the timer. Rinse. Repeat. Why do Gen Zers do this? It’s likely because they feel social media is bad for them in some way, whether it makes them less productive, less focused, or more morose about their own lives. Even the apps that purport to make them more real—and, theoretically, make them feel less bad—are falling out of favor. But how much does social media impact Gen Z’s mental health, really?That was one of the questions researchers sought to answer as part of a new McKinsey Health Institute survey that asked questions about the mental, physical, social, and spiritual health of more than 42,000 people across generations in 26 countries. According to McKinsey Health Institute global director of brain health Kana Enomoto and coauthors, Gen Zers are most likely to cite negative feelings about social-media platforms and to have poor mental health, but the correlation between the two does not necessarily imply a causal relationship. The survey finds that time spent may be key: negative effects on mental health have a bigger impact on Gen Zers who spend more than two hours a day on social media. Female Gen Zers are almost twice as likely to report poor mental health as their male counterparts. Gen Z respondents from Europe and Oceania are most likely to report negative effects from social media, while respondents from Asia are least likely.The survey data also reveals details about how everyone from Gen Z to boomers interacts with social media: boomers in eight of the 26 countries surveyed say they spend as much time on social media as Gen Z. As much time! Talk about shattering a stereotype. Yet, boomers don’t report feeling worse about themselves nearly as much as Gen Zers do, suggesting that there are other factors besides social-media use alone that contribute to Gen Z’s struggles with mental health. As for millennials, they are most likely to post on social media. And across all age groups, more than 50 percent of respondents say social media helps them express themselves and connect socially. That last bit hardly squares with the simplistic equation that social media = bad. In Gen Z’s case, the truth is more nuanced. The good news: when social media is used to access digital wellness apps and digital mental-health programs, it can have positive mental-health benefits, Enomoto and her coauthors find. Fifty percent more Gen Z respondents report using digital mental-health programs than Gen Xers or boomers. (Note to employers: you might lean into this fact and offer more digital mental-health resources to attract young talent.) Urging Gen Z to log off forever may not be the solution, especially when some Gen Zers feel that digital connections can be as satisfying as in-person ones. It’s a lonely world when your friends are in the DMs, sharing memes and socializing without you. But as younger Gen Zers are showing, logging off more often can offer the best of both worlds. You won’t know until you try.

How people enter and exit homelessness is a complicated and varied journey, as demonstrated by how 20,000 individuals in San Francisco experienced homelessness in 2022.

Net zero, nature positive. Those are the two areas of focus in our new series, Voices on Nature, featuring interviews with CEOs like Patagonia’s Yvon Chouinard, who reflects on how companies are responsible for the planet and its people.

America’s boomtown. The population of Austin, Texas, has grown by 36 percent, and its GDP has nearly doubled since 2010. But the tech and innovation capital is experiencing growing pains along the way.

Use it or lose it. The US federal government released billions of dollars in relief money to state and local governments to improve their healthcare systems in response to the pandemic. But their window to take advantage of the funding is closing.

Certificates of disappointment. In search of higher salaries and social status, students seeking higher education in India are being scammed, paying thousands for what are ultimately “worthless” degrees that leave them ill-prepared for jobs. [Bloomberg]

Reaching retirement. Countries such as China, Indonesia, and Russia have some of the youngest retirement ages across the world. But living a life of leisure sooner leaves governments with a complicated economic conundrum. [Quartz]

—"
"91","Myth busters: Gen Z’s real feelings about work",2023-04-25,"/~/media/mckinsey/email/genz/2023/04/2023-04-25b.html","If you’re reading this newsletter, chances are you’re already familiar with many of the stereotypes about Gen Z at work: they want to work from home, they’re “quiet quitting,” they’re actually quitting, they won’t answer a phone call, they don’t want to work hard.","Brought to you by Liz Hilton Segel, chief client officer and managing partner, global industry practices, & Homayoun Hatami, managing partner, global client capabilities

Welcome back! This week, we’re getting to the truth of how Gen Z feels about work.

If you’re reading this newsletter, chances are you’re already familiar with many of the stereotypes about Gen Z at work: they want to work from home, they’re “quiet quitting,” they’re actually quitting, they won’t answer a phone call, they don’t want to work hard. The thing about stereotypes is that, at best, they’re a generalization, and at worst, they’re harmful. In Gen Z’s case, there’s a lot more nuance to how these employees view the working world. In fact, when it comes to feelings about work, they have more in common with other generations than you might realize.Think you can separate Gen Z myth from fact? True or false: Gen Z employees see their work as transactional and are motivated primarily by compensation.  That’s false, according to a new McKinsey survey of workers in more than a dozen countries and in 16 industries. Across all age groups, Gen Zers are the only respondents who did not cite poor pay as the top reason for leaving their current job (they ranked it third). What’s even more surprising are the similarities Gen Z has with their older coworkers. The main reasons cited among those who plan to leave their jobs across generations were inadequate pay, lack of career development and advancement, and uncaring leadership, according to McKinsey senior partner Aaron De Smet and coauthors.Gen Zers rank meaningful work just as highly as they rank workplace flexibility when they’re weighing whether to take a new job. And when it comes to compensation, the tight labor market has empowered employees of all ages to demand compensation they think is fair. Understanding these findings can help clear up some of the confusion about what Gen Z wants at work, but employers also need to take concrete steps to make sure each employee’s needs are met—no matter their age.  Let’s say you’re an employer that wants Gen Z employees to come into the office, but you know that they value workplace flexibility. Instead of simply mandating a return to the office, give that in-person time some purpose by making sure senior leaders are meeting with their more junior colleagues while they’re in the office to nurture their development. Show a Gen Z employee what their future at the company could look like. To put it frankly: make work worth it.Above all, treat each employee as an individual, not as a stereotype.

Some of the most important steps on the consumer healthcare journey are also the ones in which consumers find the greatest dissatisfaction, according to a McKinsey survey.

The cost of nonprofit work. Nonprofit employees in Australia are reporting high rates of burnout that are manifesting as both mental and physical distress. But there are organizational actions that can help.

Building social capital. Social capital, aka how well you connect with your coworkers, has been depleted over the past few years. Here’s how to build it back.

Don’t play me. The fear of being the “sucker” at work or in personal relationships—that is, continually thinking that someone is taking advantage of you—may be keeping you from making good decisions.

Into the voice. While they may shy away from an old-school phone call, some Gen Zers love a good voice note. [NPR]

Dupe-r bad. It used to be taboo to buy counterfeit luxury goods. But Gen Z loves its dupes. [Vogue Business]

—"
"92","What will it take to get activist-minded Gen Z to take government jobs?",2023-04-18,"/~/media/mckinsey/email/genz/2023/04/2023-04-18b.html","Gen Z is often thought to be a generation of activists. While that identity might result in picking up a protest poster, so far it hasn’t translated to an interest in civil-service jobs, at least according to current employment numbers.","Brought to you by Liz Hilton Segel, chief client officer and managing partner, global industry practices, & Homayoun Hatami, managing partner, global client capabilities

Welcome back! This week, we’re talking about the jobs that keep society running.

Gen Z is often thought to be a generation of activists. While that identity might result in picking up a protest poster, so far it hasn’t translated to an interest in civil-service jobs, at least according to current employment numbers. 
                      In the US, these roles include everything from federal-agency staffers and teachers to National Park Service employees and diplomats. We’re not talking about elected officials here, although some Gen Zers now occupy political office.Only 8 percent of federal-government employees are under the age of 30, compared with about a third who are 55 or older, according to the US Office of Personnel Management. The lack of interest in these jobs is adding to a widespread talent shortage that extends beyond the federal level, affecting government operations at the state level, according to McKinsey senior partner Tim Ward and his coauthors. What might keep Gen Z from getting on the federal government’s payroll? Maybe it has to do with a general mistrust of government officials, or maybe they want their work to have an impact on the world but think either a private-sector or not-for-profit job helps them do that better than a government job wrapped in bureaucratic red tape. Maybe they just lack awareness that government jobs exist: “the clock app” (aka, TikTok) is banned on most government devices, making it hard for any single government agency to use it to recruit Gen Zers in the same way some private companies have done. Or maybe it just comes down to the salary. Government budgets are limited, making it difficult to increase public-sector wages so that they are competitive with the private sector.  Why does it matter if Gen Z takes government jobs? If roles remain unfilled, keeping public services running smoothly and continuing to innovate for the future could get even more precarious. Staffing shortages could squeeze operations in departments that handle things like clean-energy infrastructure, aviation standards, labor protections, and more. It’ll take a real push to transform how Gen Zers perceive government. By the way, this isn’t a phenomenon limited to North America: 35 percent of Australian public-sector employees said they were at least somewhat likely to quit their jobs in the next three to six months, citing that they find a lack of meaning in their work, their roles lack potential for career development, and their leadership fails to inspire them. Ouch.Even though Gen Z cares about money, it isn’t the single most important factor in attracting them to or keeping them in a job. This is good news for government agencies that may have limited budgets and can’t simply raise wages to stay competitive with the private market. (There are ways that those groups can stretch their budget further, though. Here’s a McKinsey guide to that—if federal financial management is your thing.)  There are two other big levers government groups can pull to help beef up their recruiting arm and appeal to Gen Zers and other potential hires alike: focusing on what makes government work meaningful and offering workplace flexibility beyond hybrid work arrangements.For now, we’ll wait to see if the public sector can convince Gen Zers to swap a Hype House for the White House.

Are you a mobility traditionalist or a net-zero enthusiast? Growth in a handful of consumer personas in the mobility sector will determine how the industry evolves in the coming years.

Sphere of influence. Our guide on influencer marketing answers everything from what an influencer deal looks like to how much influencers make and more.

Health is wealth. Who is responsible for people’s health? The UK’s former chief medical officer says governments, corporations, and individuals each have a role to play.

Time out. Women in the sports industry are less likely than those in other industries to say their organization is fair, hinting at a problem with inclusion and job satisfaction.

‘Choppy waters of respectability.’ This poignant essay explores the limits and contradictions of “professionalism” for Black women at work. [The Cut]

The bank of mom and dad. Gen X and baby boomer parents are sacrificing their own financial wellness and retirement savings to help their struggling children. [Bloomberg]

—"
"93","Gen Z’s three must-have skills in the age of AI",2023-04-11,"/~/media/mckinsey/email/genz/2023/04/2023-04-11b.html","Even though the technology is sparking a ton of excitement in every industry, the latest evolution in AI has also brought with it a collective anxiety about job displacement and robot overlords. Joking. Kind of.","Brought to you by Liz Hilton Segel, chief client officer and managing partner, global industry practices, & Homayoun Hatami, managing partner, global client capabilities

Welcome back! This week, we’re exploring a few skills Gen Zers need to future-proof their careers.

Just about a year ago, we published a new grad guide to the world of work (we’ll be updating that soon, so stay tuned on that front). Most of the insights are still relevant and helpful. But there’s One Big Thing that is everywhere today that we didn’t cover then. You might have guessed that it’s generative AI. Even though the technology is sparking a ton of excitement in every industry, the latest evolution in AI has also brought with it a collective anxiety about job displacement and robot overlords. Joking. Kind of. Whether you’re a new grad or have a few after-college years under your belt, you might be worried that generative AI is going to disrupt the job market and throw a huge wrench in your career plans, particularly at the entry level. It’s true that generative AI is going to change the way plenty of us work, but there’s no sense in fighting against it. Embracing generative AI and learning the technical skills required to work with it, no matter what industry you’re going into, is probably a good idea.But there are also “soft skills”—qualities that make you a valuable teammate and leader—that, no matter how the job market changes, will keep you employable: critical thinking, intellectual curiosity, and flexibility. Critical thinkingThe thing that experts (such as the chairman of one of the world’s most valuable companies) say is going to be an indispensable skill in this brave new world is critical thinking. It’s “purposeful, reasonable, and reflective thinking when you are faced with complex issues and conflicting situations.” That includes probing and questioning assumptions, gathering info, and putting it all together into a well-reasoned argument. Sometimes, asking the right questions can be more important than the answers themselves. As businesses and technologists focus on making sure AI is getting smarter and better, “what should we be doing now that we have created technologies, machines, and computers that can do all these things?” says author, chief innovation officer, and professor Tomas Chamorro-Premuzic. “I don’t know the definitive answer to this question, but I can tell you it’s probably not staring at your screen or phone for most of your day, clicking on boxes, and reacting to algorithmic recommendations to train AI to get even better.”Intellectual curiosity In 2019 BC (before coronavirus), you could sit in a conference room or classroom and raise your hand anytime you didn’t understand something, didn’t know the answer, or just wanted more info. You could be a blank slate, and what that meant, to your manager or boss or teacher, was that there was potential for you to grow and learn from those around you, so long as you made the most of the opportunity. In the remote-work environment, it’s a little harder to replicate that idea in a literal sense, but certainly not impossible. And the point remains that being intellectually curious and seeking answers to questions you didn’t even know you could ask will get you far in life. Workers who stay focused on lifelong learning outperform their peers, after all. Your employer might offer learning resources or offer to cover the cost of courses that could improve your skills. And if not, you can teach yourself almost anything online these days. (In response to our newsletter about generative AI, a teacher said that he used ChatGPT to help him write personalized lesson plans. Why not do that for yourself?) Flexibility When asked what advice one might give to young people just starting college or entering the workforce, one CEO said developing a mindset of flexibility and resilience is key: “They’re not just going to graduate with a degree in one area and immediately be employed in that area for the rest of their lives. It doesn’t work that way anymore. We’re all going to be learning, exploring, adding new skills to our portfolios. Changing jobs, changing careers. Our education needs to be a preparation for that mindset.”Back to the robots: you might think AI already has all the answers, but there are an infinite number of questions left for you to ask.

National statistics don’t tell the whole story when it comes to racial inequity. Understanding what’s happening at a more local level can help create more targeted solutions.

Grading higher ed. The US higher education system faces multiple crises, like slowed enrollment growth, high student debt, and a reputation problem. Bold action would bring higher marks.

Fear factor. Fear of criticism or punishment can keep employees from being innovative at work. More than 85 percent of innovation practitioners report that fear often or always holds back innovation, and fewer than 11 percent do anything about it.

Data gaps. Women’s healthcare suffers from a gap in data that occurs across the healthcare system and is the result of biases in care. Just 1 percent of the biopharma pipeline addresses women’s health conditions.

Milk, the ‘OG sports drink.’ That’s one dairy industry exec’s take on animal milk, part of a broader marketing push to make the beverage appeal to Gen Z. [NYT]

Filing status? Reductive. Looking for a good laugh? Read this generation-specific tax filing “guide” for some tax season yuks. [New Yorker]

—"
"94","Loyal Z: Why Gen Z customers won’t be tied down to one brand",2023-04-04,"/~/media/mckinsey/email/genz/2023/04/2023-04-04b.html","Consumer brands spend a lot of money to attract and retain customers. In the past, that meant focusing on splashy advertising campaigns and, eventually, digital marketing to convert interested consumers into paying and, crucially, repeat customers.","Brought to you by Liz Hilton Segel, chief client officer and managing partner, global industry practices, & Homayoun Hatami, managing partner, global client capabilities

Welcome back! This week, we’re talking about Gen Z brand loyalty.

Consumer brands spend a lot of money to attract and retain customers. In the past, that meant focusing on splashy advertising campaigns and, eventually, digital marketing to convert interested consumers into paying and, crucially, repeat customers.  While this is a simplification of how brands build a loyal customer base, brands’ customer acquisition modus operandi is less effective on Gen Z than older generations, and also more difficult to execute in these modern, cookie-less times. Thirty percent of Gen Zers surveyed in the US and UK said they would “revert to their ‘go to’ brand for a new product or service” when making purchases, according to a recent survey. More than double that portion, 62 percent, said they would check out other options, even if they have a favorite brand. And among those with a favorite brand, more than 50 percent of Gen Zers would switch it up if another brand were cheaper or of higher quality. In other words: Gen Z can’t be tied down. In a booming market, brand loyalty is important. At the most basic level, it’s an arithmetic problem: without it, there’s little ROI on customer acquisition costs. But in a down market, where the average consumer pays closer attention to their purchases, it can make or break a business. Even if price or value isn’t the main factor driving Gen Z purchases, there are other forces pulling Gen Z from one brand these days. De-influencing, for example, is the trend where both influencers and regular shoppers alike post videos on social media urging others not to buy products that have disappointed them in some way. “Buy this, not that” Instagram and TikTok videos are also popular. Just as the name suggests, whoever posted the video shares alternate versions of similar products. Even someone who worships at the altar of [insert preferred brand here] might curiously eye its competitors. Strong brand, an ESG proposition, a rewarding loyalty program, and community are each important in building Gen Z brand loyalty. Don’t underestimate the importance of the flex: can you offer your Gen Z customers a product or service or experience they can’t get from your competitors—something that they can then show off to their friends? Maybe it’s a customizable order. Maybe it’s an exclusive, clout-generating collab. Gamification, or adding elements of games like rewards and points to things that didn’t start out as games, is something Gen Z loves. But it creates loyalty only if your definition of loyalty is limited to repeat customer visits to a website. That reliance on Pavlovian conditioning alone could be shortsighted—even if it’s how the most frequented social-media apps increased their user bases. (It also exposes brands to the possibility that so-called Luddite teens, who have grown sick of always-on tech, might one day abandon a brand if the constant stream of notifications and nudges gets to be too much.) To survive, brands need more than repeat visitors whose attention may shift with one wind gust. Brand executives must ask themselves, “What is it I actually want Gen Z to do? Do I want them to spend on more profitable products and services?” Asking these questions, understanding customer desire, and making a product so good and a brand’s mission so compelling that a customer is drawn to it—beyond neurological compulsion—is a solid start. More than likely, that broader focus on brand building will appeal to every consumer, not just to Gen Z.

Food price inflation has slowed, particularly for goods like sugar and dairy. But prices remain high in some regions.

Digital download. McKinsey’s print magazine, the McKinsey Quarterly, goes digital, bringing its award-winning insights online. Sign up for a free membership.

Eat, play, love. Korean Gen Zers’ food shopping behaviors mirror those of Gen Zers around the world. They expect conveniently packaged food, are more likely to experiment with new foods and recipes, and prioritize ethically sourced food.

Adopting an agile mindset. Ever heard of kanban? What about scrum? These two frameworks both help distinguish agile leaders and organizations.

Hotel Z. To attract Gen Z travelers, hotels are evolving the way they do business by revamping room designs and offering new wellness treatments, among other strategies. [Skift]

Lease terms. A millennial reflects on how a “lifetime of renting” shaped her perspective on ownership and settling down. [Vogue]

—"
"95","What designer ice tells us about Gen Z’s spending habits",2023-03-28,"/~/media/mckinsey/email/genz/2023/03/2023-03-28b.html","Luxury ice is a thing now. Not “ice” like jewelry. And not “ice” like Ice Spice (sad). Ice as in ice cubes. Logo-stamped and flower-suspending $14 ice cubes are just the tip of the ice … berg.","Brought to you by Liz Hilton Segel, chief client officer and managing partner, global industry practices, & Homayoun Hatami, managing partner, global client capabilities

Welcome back! This week, we’re talking about Gen Z’s approach to spending … and spending … and spending …

Luxury ice is a thing now. Not “ice” like jewelry. And not “ice” like Ice Spice (sad). Ice as in ice cubes.

Logo-stamped and flower-suspending $14 ice cubes are just the tip of the ice … berg. Across social media, influencers show off stocked freezers exclusively dedicated to cultivating their cute ice creations contained in varying geometric silicone ice molds. The videos rack up millions of views and draw in thousands of dollars from affiliate links and sponsored content income.

It’s just one of many head-scratching Gen Z spending habits that have bubbled up lately. Other reported trends include Gen Z moving back in with their parents to save money … so they can invest in an Hermès Birkin bag (those can cost more than $30,000); Gen Zers cohabiting with their SOs to save money on skyrocketing rents (presumably, not to buy a Birkin); Gen Z paying rent with credit cards; Gen Z YOLO-ing all over the world on vacations, even if they’re likely to get themselves into debt doing so.

Confused? Not surprising.

McKinsey research indicates that Gen Z is willing to spend on experiences that enrich their daily lives (though how they determine what enriches their lives, like spending on wellness and self-care, differs from previous generations). They’re at once willing to spend on luxury items (but again, how they define luxury differs from previous generations) and fast fashion, all while demanding brands adopt sustainable practices. And Gen Z continues to spend money, even as other generations rein in spending, given higher prices and market volatility.

So how is anyone—executives, economists, and parents, among other interested parties—supposed to make sense of these conflicting habits? For one, remember, Gen Z isn’t a monolith. In fact, when isolated from the rest of the population, a McKinsey segmentation analysis (a fancy way of describing how marketers split up a set of consumers into different groups) found that Gen Z breaks down into the same consumer segments as other generations: customers driven by value, those driven by quality, and those driven by image.

It turns out that consumers aren’t automatically segmented into one of these buckets according to where they are in their life. Instead, there are more people from every generation shifting away from the value segment (shoppers who make purchases based mostly on the price of something) into the image segment (shoppers who are more motivated by purchasing a good that signals something to everyone around them).

Here’s where it gets trickier: even though Gen Zers can be segmented into the same consumer groups as older generations, there are still stark differences in how they view their own future financial wellness. Gen Z is more pessimistic about reaching financial milestones like homeownership or retirement, for example. That pessimism could manifest as financial defeatism along the lines of, “I won’t be able to afford a home, so why bother saving” or “debt is just a bunch of 0s and 1s on a screen” and ... “could we not talk about this, please?”

We may not yet have answers to questions like, “Will Gen Z’s spending habits follow them into middle age?” or “What will Gen Z do when they find out Hermès doesn’t immediately sell a Birkin to everyone who has the cash for one?”

For brand leaders, it is daunting to figure out how to connect with and sell things to this enigmatic generation. There are some anchoring principles worth abiding by, regardless of how Gen Z’s money habits evolve: if a brand can address a larger “why”—its raison d’être rather than simply enabling Gen Zers to scratch their impulse shopping itch—it’ll probably be better off in the long run. (Take it from this 15-year-old tech wunderkind: the one thing you can’t duplicate is a brand.)

Every generation’s approach to money is shaped by the events they lived through during their most formative years. It’s possible we may be overestimating the long-term impact that the pandemic and the subsequent revenge spending cycle have had on how Gen Z spends, particularly as the state of the global economy is …¯\_(ツ)_/¯.

Or maybe Gen Zers will turn 40 and still be filling their freezers with trays and trays of wildflower-infused luxury ice.

Impact investors have gravitated toward areas like financial inclusion and health equity to increase opportunities for Black people while also generating returns.

Role call. Role theory, a concept that suggests most people categorize themselves and others according to a defined role, can block good decision making.

Finding your superpower. Companies that pull ahead of the pack are likely to do so by developing their superpowers, or institutional capabilities—the integrated set of people, processes, and technology that creates value. Discover how to build them.

Cutting climate checks. Investments related to climate technology grew in 2022, despite choppy capital markets. The momentum has extended into this year.

Let’s all just take a step back. The race to define Gen Alpha gets a reality check … from a Gen Alpha. [Fast Company]

An extreme-ambition assessment. Collectively obsessing over student achievement might actually “billow the embers of a teen-anxiety firestorm.” [Atlantic]

—"
"96","The genAI is out of the bottle. What wishes can it grant Gen Z?",2023-03-21,"/~/media/mckinsey/email/genz/2023/03/2023-03-21b.html","For Gen Z, the life hack to end all life hacks is here. It’s called generative AI, and to some, it is the technological embodiment of the adage “work smarter, not harder.”","Brought to you by Liz Hilton Segel, chief client officer and managing partner, global industry practices, & Homayoun Hatami, managing partner, global client capabilities

Welcome back! This week, we’re looking at how Gen Z can use generative AI for good.

For Gen Z, the life hack to end all life hacks is here. It’s called generative AI, and to some, it is the technological embodiment of the adage “work smarter, not harder.”

Generative AI is a technology that uses deep-learning models to create something new: an image, text, video—you name it. Humans use a generative-AI-powered tool by prompting it with words, and within seconds, it delivers an original work, as if a human made it. Executives in industries ranging from telecommunications to fashion have started asking lots of questions about generative AI’s potential impact on their businesses. McKinsey Global Institute partner Michael Chui and coauthors have begun to outline some answers.

Early experiments have suggested that the technology can potentially help make everything from marketing and sales to research and development across many industries more efficient. In beauty, for example, AI could theoretically suggest new makeup or skin care formulas based on some initial inputs, like ingredients. Companies will still need humans to refine generative AI’s outputs—ChatGPT sometimes “hallucinates,” meaning it gives you an answer it thinks is right, even if it’s blatantly wrong.

Businesses are still figuring out exactly how to integrate generative AI into their work, and technology companies are racing to release smarter versions of their AI tools (OpenAI released GPT-4, an upgrade from its GPT-3 chatbot, last week). Rather than waiting for the tech to be perfect, some Gen Zers are already putting generative AI to use. It has made its way to Gen Z–favored social-media platforms Snapchat and TikTok, as well as popular gaming platforms like Roblox. It’s not just for the kids, of course; parents are using generative-AI-powered tools like Bing and ChatGPT to help translate what their Gen Z kids’ slang means.

At school, some enterprising Gen Z students have offloaded their homework onto generative AI, asking it to write essays and solve equations. At least one teacher used it to help grade his students’ homework. (A word of caution to anyone using generative AI to complete homework, write cover letters, or do your day job: the technology often produces wrong answers, offensive responses, and, in the classroom setting, is largely considered plagiarism.)

Generative-AI-supported classroom cheating is happening so much that some schools are banning the technology altogether. But there are at least two strong reasons for integrating generative AI into the classroom: it can help create personalized lesson plans for students and prepare them for a world where businesses integrate the technology into their products and services.

In short: it may be better to bring Gen Zers aboard the generative-AI train early so that they can learn the skills required for the jobs of the future.

(Have you tried using a generative-AI tool at school or work? What happened? Tell us at newideas@mckinsey.com.)

First-time biotech “blockbuster launches,” or products whose sales are projected to exceed $1 billion annually, are on the rise.

Lessons in leadership. Former IBM chair and CEO Ginny Rometty explains why “growth and comfort never coexist.”

Decision fatigue. Nearly 40 percent of executives spend their time making decisions, according to McKinsey research, and they believe most of that time is used poorly. Here’s a framework for how to make better decisions, even if you’re not in the C-suite (yet).

A little love for the middle man(ager). Middle managers are often underdeveloped and unempowered at work, in part because of organizational bureaucracy. Giving them time to focus on talent management can help them feel and perform better.

I want it; I got it. Gen Z spending outpaces that of other generations, in part because of high-wage growth and pent-up savings. [Bloomberg]

Ignorance is bliss. Information overload, particularly of the political variety, could be the culprit behind some young Americans’ unhappiness. Feel free to log off every once in a while. [Atlantic]

—"
"97","If you’re reading this, it’s too late",2023-03-14,"/~/media/mckinsey/email/genz/2023/03/2023-03-14b.html","Anyone who describes themselves as “extremely online” can confirm that time is compressed on the internet. News, fads, and controversies that once dominated our collective consciousness for weeks have just a fraction of the shelf life on social media. The swiftness with which a video goes viral also characterizes the speed with which it fades to black.","Brought to you by Liz Hilton Segel, chief client officer and managing partner, global industry practices, & Homayoun Hatami, managing partner, global client capabilities

Welcome back! This week, we’re looking at the whack-a-mole trend cycle.Anyone who describes themselves as “extremely online” can confirm that time is compressed on the internet. News, fads, and controversies that once dominated our collective consciousness for weeks have just a fraction of the shelf life on social media. The swiftness with which a video goes viral also characterizes the speed with which it fades to black.

Trends not only move at a fast clip these days but also have come to act as stand-ins for personal expression. Take fashion: it’s no longer enough to proclaim, “ballet flats are in.” Instead, you might subscribe to “balletcore” and stock your closet with tulle and leg warmers. Adopt the “cottagecore” aesthetic and you’ll immediately project to the world that you’d rather be frolicking through a field or tending to your gnome-filled garden than toiling at your 9-to-5 desk job. There’s also gorpcore, goblincore, and nouveau normcore (not to be confused with millennial normcore).

Fashion is hardly the only area subject to the relentless trend cycle, though. Language (cheugy has entered the chat), technology (remember NFTs?), beauty standards (goodbye, buccal fat), and home design (meet recessioncore) are each at the mercy of the all-powerful social media algorithm.

If your head is spinning, you’re not alone. Luckily, there’s a word for this cultural chaos: “trendflation,” which is defined as “the exponential rise in mass manufactured ‘trends’ met with decreased cultural value and/or impact.”

This trend deluge points to a change in how culture has evolved. The 20-year trend cycle—the conventional wisdom that suggests trends refresh or rewind every two decades—is now obsolete. With how quickly trends traverse the zeitgeist today, questions remain: Are we really going anywhere? And even if you can keep up with each trend cycle, should you?

It’s useful to keep a finger on the pulse, particularly for marketers or brand executives trying to figure out how to connect with Gen Z or design products and services that are informed by consumption trends. Plenty of content that goes viral makes for a good laugh, too.

While the pandemic fundamentally altered how every consumer—from Gen Z to boomer—navigates the world, as McKinsey Global Institute partner Anu Madgavkar outlines, it might be harder to determine which of the more ephemeral trends, if any, reveal a shift in tastes or behaviors that has any staying power.

A universal truth applies equally to Gen Zers, their Gen X bosses, or Fortune 500 executives trying to figure out how to find their place in this chaotic new world: evolve with the times, have a little fun, but don’t betray who you are at your “core.” No pun intended.

The metaverse market could be worth up to $5 trillion by 2030, up from about $300 billion in 2022.

Talking shop. A retail veteran with four decades of experience explains why the industry’s future hinges on so much more than data.

Build or bust. Confused about what’s happening in the real estate market? Here are some ways to navigate the space.

Holistic health. Companies are investing in employee health, but there are still plenty of areas of health that are overlooked and underfunded.

Phone a friend. Rather than relying on dating apps, Gen Zers are looking to their own friend circles for romantic connections. [Business Insider]

Chief TikTok officer. Brands are hiring college students and Gen Zers adept at using the social media platform to help make their marketing content successful. [NYT]

—"
"98","The power of Gen Z pessimism",2023-03-07,"/~/media/mckinsey/email/genz/2023/03/2023-03-07b.html","There’s plenty of data indicating that Gen Zers are pessimistic about the world. It’s not hard to see why, considering that most of them experienced a once-in-a-lifetime pandemic during their formative years, sparking a loneliness epidemic and making everyday life newly challenging. All this coincided with global unrest and overheating economies, making job prospects in some industries iffy.","Brought to you by Liz Hilton Segel, chief client officer and managing partner, global industry practices, & Homayoun Hatami, managing partner, global client capabilities

Welcome back! This week, we’re looking at how to be optimistic about pessimism.There’s plenty of data indicating that Gen Zers are pessimistic about the world. It’s not hard to see why, considering that most of them experienced a once-in-a-lifetime pandemic during their formative years, sparking a loneliness epidemic and making everyday life newly challenging. All this coincided with global unrest and overheating economies, making job prospects in some industries iffy. These events (and associated “doomscrolling”) have translated into high rates of reported anxiety among Gen Zers, feelings of trepidation in the workplace, and fears that they’ll never achieve some of the key prizes in the game of life, like owning a home or retiring. Gen Z is also less likely to seek out behavioral-health guidance, which isn’t helping. In China, Gen Zers, dispirited by all the stark data before them, have taken to “educated pessimism” and report feeling gloomier about their economic prospects compared with older generations.What does it matter if Gen Z wants to brood over how bad life can seem right now? For one thing, there’s a health risk: being optimistic has long been considered a key indicator of one’s ability to endure hardships and has contributed to better health over one’s lifetime.The good news is there are reasons to be optimistic about Gen Z’s particular brand of pessimism. Consider this take on optimistic pessimism by a member of Harvard’s class of 2025:

“Perhaps counterintuitively, one of the healthiest things we can do is recognize that the world is absolutely falling apart right now. Our democracy is in decline, civil rights are being systematically rolled back, and the climate disaster is raging on—pick your favorite apocalypse. While thinking positively may be good for one’s health, it’s a matter of perspective: beaming as the world crumbles around you is borderline psychotic. . . .“This is not to say that I advocate for misery or detest hope. I firmly believe that we as a generation have the power to fix the problems we face, and to do so will require more than a little faith and belief in ourselves. It is also not to say one should not be resilient—one thing I’ve always admired about Americans is their ability to keep getting up with a smile, no matter how many times they’ve been knocked down. I just think it’s worth taking a look at the world before setting our expectations too high. Take the wins when they come, and don’t worry when it all goes wrong—because it will.”

He has a point. Smiling in the face of uncertainty (think: the “This is fine” meme) reveals a nuance of the balance between optimism and pessimism that one might bring to the workplace. Rather than thinking of work as a series of silly, little tasks to be done in the face of looming existential threats, try instead to focus on the outcomes you can control. Doing so can help provide a sense of agency and optimism on a micro level, even if you tend to think the big picture looks gloomy.And Gen Zers are not without agency. Gen Z arguably has more influence over how companies do business than previous generations, thanks to their social media prowess and low tolerance for greenwashing, for example. (That moxie has also inspired at least a few older people to be optimistic, as McKinsey partner Tamara Charm notes.)Gen Zers are actually optimistic about their financial outlook this year and are marginally more optimistic than the average boomer or Gen X American over the long term. Here’s to seeing the piggy bank half full.

Chronic diseases are expected to become a bigger burden globally, but digital devices may be able to help with disease management.

—Alan M. Taylor, economics and finance professor, University of California, Davis, on what makes him optimistic

Attitude check. Ann Harrison, dean of the Haas School of Business at the University of California, Berkeley, explains why “confidence without attitude” is a key trait of successful leaders. What is generative AI? This McKinsey Explainer outlines what makes generative AI so powerful, what it can do, and where it falls short.Space race. Things are getting crowded in outer space, as government agencies and private businesses increasingly stake a claim in the sky.

What’s my age again? The difference between how old you feel and how old you really are reveals what people think about their future and how societies view aging. [Atlantic]Strategic incompetence. While employees of all generations struggle with technology in their own ways from time to time, some leaders simply resist learning about new platforms, making their coworkers’ lives more difficult. [Bloomberg]

—"
"99","Gen Z in the driver’s seat? No, thanks.",2023-02-28,"/~/media/mckinsey/email/genz/2023/02/2023-02-28b.html","When musician Olivia Rodrigo released her debut single “Drivers License” in 2021, the song was an instant hit. At the time, it broke the most single-day streams for a non-holiday song on Spotify, spending multiple weeks at number one and becoming a bona fide Gen Z anthem. But when it comes to their own driver’s licenses, Gen Zers are somewhat less enthusiastic.","Brought to you by Liz Hilton Segel, chief client officer and managing partner, global industry practices, & Homayoun Hatami, managing partner, global client capabilities

Welcome back! This week, we’re looking at what’s keeping Gen Z from getting behind the wheel.When musician Olivia Rodrigo released her debut single “Drivers License” in 2021, the song was an instant hit. At the time, it broke the most single-day streams for a non-holiday song on Spotify, spending multiple weeks at number one and becoming a bona fide Gen Z anthem. But when it comes to their own driver’s licenses, Gen Zers are somewhat less enthusiastic. American Gen Zers are driving less than previous generations, at least for now: in 1997, 43 percent of 16-year-olds and 62 percent of 17-year-olds (aka older millennials) had driver’s licenses. By 2020, those numbers had dropped to 25 and 45 percent, respectively, according to data from the US Federal Highway Administration. There’s plenty of speculation for why that might be. It could be because today’s teens report being so much more anxious than any other age group. They might rely on their family or friends to get them around (though many of them may be content with staying at home, using social media and video games to connect with their peers instead). Or maybe they don’t want to drive because they’re looking for a sustainable option, such as public transportation, ride-sharing, or e-scooters. It’s also possible that a sputtering economy and inflation tinged their entry into adulthood, discouraging spending on big-ticket items such as cars.Yet, the open road has lured other reluctant drivers before. When millennials reached driving age, there were plenty of headlines calling them the “go nowhere” generation. That wasn’t exactly true; millennials did eventually start driving, albeit less than Gen Xers and boomers.  So, are we there yet? It’s too early to tell whether the no-driving trend will hold with Gen Z, especially given the changes happening in the mobility and automotive markets. The global hailed-mobility market is expected to reach revenues as high as $860 billion in 2030, up from $130 billion in 2019, particularly as consumers continue to look for sustainable and cost-effective transportation options, according to McKinsey partner Kersten Heineke and coauthors. The autonomous-vehicles market will evolve, too, although consumers still need to be convinced of self-driving cars’ safety. And for those Gen Zers who decide that driving just isn’t for them, they can keep themselves busy with TikTok in the passenger seat—or get behind the wheel in the metaverse.

Why is the US labor market so tight? An aging population, a jobs–skills mismatch, and workers reevaluating what they want from their careers are a few reasons.

The good life. The longest study of human life, which included more than 2,000 people in an 85-year research project conducted by Harvard, found that good relationships were the strongest predictor of happiness and health. I object. Healthy dissent, or disagreeing in a constructive way, can help teams get to better outcomes without undermining leadership or group morale—when done right.Corporate commitments. In the two years since Fortune 1000 companies began making widespread public monetary commitments to fighting racial injustice, there are still questions about how the money is being spent.

Commit to the bit. Ironic consumption, spending money on things that are inconsistent with someone’s usual identity or tastes, is alive again on social media. But it might spark joy in unexpected ways. [Atlantic]I just have a lot of feelings. Gen Z may be confusing problem solving with venting at work, according to one millennial manager. [Business Insider]

—"
"100","I can’t believe it’s not a butter board, Gen Z says",2023-02-21,"/~/media/mckinsey/email/genz/2023/02/2023-02-21b.html","Capturing the food preferences of an entire generation of consumers is a tough nut to crack. While avocado toast reflected the zeitgeist in which millennials came of age, Gen Zers’ tastes are a little all over the menu, so to speak. Still, there are some consistent behaviors that these younger consumers have come to exhibit.","Brought to you by Liz Hilton Segel, chief client officer and managing partner, global industry practices, & Homayoun Hatami, managing partner, global client capabilities

Welcome back! This week, we’re looking at how Gen Z eats. Nom nom.Let’s imagine for a moment that there’s a new Gen Z–themed grab-and-go restaurant filled with the generation’s favorite foods. You find out about it on YouTube or TikTok after your favorite influencer posts their menu must-haves. As you walk in, you place your order at a kiosk rather than with a human. The menu includes a hodgepodge of fare that has recently exploded on social media—like baked feta pasta, an extravagant butter board, the viral “tunacado” sandwich, and $24 smoothies whipped up by your favorite celebrity. There’s also a caviar section because Gen Zers have a literal taste for luxury to match their figurative one. Capturing the food preferences of an entire generation of consumers is a tough nut to crack. While avocado toast reflected the zeitgeist in which millennials came of age, Gen Zers’ tastes are a little all over the menu, so to speak. Still, there are some consistent behaviors that these younger consumers have come to exhibit. Gen Zers prefer the convenience of prepared meals over a grocery store haul, according to McKinsey senior partner Kabir Ahuja and coauthors. Per senior partner Jessica Moulton and coauthors, these consumers are among the biggest advocates of healthy and sustainable eating but also admit to not understanding exactly how to do so. Partner Ludovic Meilhac and coauthors report that Gen Zers are more likely than baby boomers and Gen Xers to say they prefer nondairy and fair-trade ice cream options. (For a closer look at Gen Z’s interest in sustainable eating, check out this edition of Mind the Gap.) “Eatertainment,” or activity-centric restaurants (think Chuck E. Cheese for adults), is enjoying a Gen Z–fueled resurgence. Gen Zers’ demand for personalized products has also leaked into food, as fast-food employees must contend with requests for special orders that originate on social media.Speaking of social media, the hashtag #foodtok, which hosts viral recipe and food hack content, has garnered around 45 billion views on TikTok alone, according to the platform’s data. Niche subgenres of food videos, including “ASMR (autonomous sensory meridian response) cooking”—that warm, spinal sensation you get from watching the kind of stimulating videos popularized by influencers like Emily Mariko, among others—and “mukbang,” have also come to define internet food culture.  The restaurants and food brands that lean into these quirky corners of online food culture are best poised to capture Gen Zers’ appetite and wallets. Just maybe hold the cheese?

Safety is a top concern for consumers interested in autonomous vehicles.

Raiders of the lost spark. NASA’s chief engineer for robotic operations explains how the robots sent to Mars use AI to gather information from millions of light years away. Conscious Chinese consumers. Slightly more than 40 percent of surveyed Chinese consumers say they are committed to eating little or no meat, similar to the proportions of UK and US respondents who say the same.Win–win. Skills learned on the job contribute 46 percent of the average person’s lifetime earnings. But investing in human capital also helps propel a company’s financial performance.

‘Say less.’ This phrase, equivalent to telling someone you understand them, is just one slang phrase among many that Gen Z has helped popularize, as captured in a skit on Saturday Night Live. [Fast Company]Thinkin’ ’bout you. The office romance, once verboten, doesn’t seem to bother Gen Z, whose members are likelier than their older coworkers to be open to having a workplace relationship. [WaPo]

—"
"101","How the Black tech talent gap affects Gen Z",2023-02-14,"/~/media/mckinsey/email/genz/2023/02/2023-02-14b.html","Given recent tech sector rumblings, Gen Zers aiming to work in the field may feel like the short-term hiring outlook is relatively bleak. But even before this year, one group was already underrepresented in tech: Black Americans. This group makes up 12 percent of the US workforce but only 8 percent of employees in tech jobs, thanks to structural barriers and holes in the talent pipeline.","Brought to you by Liz Hilton Segel, chief client officer and managing partner, global industry practices, & Homayoun Hatami, managing partner, global client capabilities

Welcome back! This week, we’re looking at the future of the Black tech workforce.Given recent tech sector rumblings, Gen Zers aiming to work in the field may feel like the short-term hiring outlook is relatively bleak. But even before this year, one group was already underrepresented in tech: Black Americans. This group makes up 12 percent of the US workforce but only 8 percent of employees in tech jobs, thanks to structural barriers and holes in the talent pipeline. Companies can address the tech employment gap and make sure Black Gen Zers don’t get left behind, according to new research from McKinsey partner Jan Shelly Brown and senior partner Mark McMillan.  Two key reasons to act: first, middle-school through college students, considered Gen Z, are currently deciding what to study to help set them up for a future career; second, the tech job that may have seemed like a sure bet now seems sus to older Gen Zers entering the job market. (That’s different from older workers, who say don’t worry, we’ve seen this movie before.)  For employers, making sure the technology workforce evolves to the point where it actually looks like the American workforce is the definition of #goals. How to start? They can support STEM education programs for students at the K–12 level; strengthen their partnerships with historically Black colleges and universities (HBCUs), as well as other colleges with a large Black student body; and replace mentorship programs with sponsorship programs, among other strategies. Employers, ignore these directives at your peril: doing so may mean missing out on a big chunk of the next generation of talent, many of whom will go on to be leaders and product innovators.  In the longer term, tech jobs are expected to grow 14 percent over the next decade. That figure includes jobs in every industry, not just straight-up tech companies. Considering a tech role? Make sure your skills match up with those of the fastest-growing jobs. Data scientists and cybersecurity specialists, for example, are each expected to see 26 percent growth in their roles by 2032 (compared with computer hardware engineers, who are expected to see only 3 percent growth). If you do land a tech job interview (congratulations, by the way), take a moment to make sure your potential employer understands the assignment: if this is for an internship, will there be an opportunity to start your career at the company after you graduate? Do they provide career development opportunities for new employees? Do they have employee resource groups to help you find your place? Good luck, go get that W.PS: Last week, we asked what you thought of workplace rituals and “forced fun.” Alana wrote: “My team has a die-hard ritual that has ignited kinship, togetherness, and connectivity in the whole global team. Every morning, the team assistant posts a GIF of the day that is universal/inclusive. It has become part of our DNA. On days of DE&I-related events, such as during Black History Month in the US, the GIFs are themed.”Another reader, Patrice, wrote: “I do believe in team building. But those activities can be done at work: a brainstorming session, playing Kahoot! or work-centered Jeopardy! I would have no interest in out-of-the-office socializing.”

The majority of European workers who report low levels of engagement or support at work plan to leave their jobs. But a surprising proportion—roughly one-fifth—of these workers plan to stay, representing an employed-yet-disengaged section of the region’s workforce (aka quiet quitters).

CPG + ESG = $$$. Products making claims related to environmental, social, and governance (ESG) issues averaged 28 percent more growth over the past five years compared with products that didn’t make such claims.   A formula for hybrid work. There’s a delicate dance between encouraging employees back to on-site work and alienating talent that wants to work remotely. Striking the right balance means thinking about the tiniest details.Learning losses. The pandemic wiped out progress made on grade school student math and reading scores, which could take decades to make up without the right interventions.

Manners matter. Commit to memory these 140 rules of polite society related to friends, work, social media, and everything in between. [The Cut]Wine not? Winemakers could do a better job of appealing to younger consumers, who have more beverage options than generations before. [NYT]

—"
"102","For Gen Z, is the return of the workplace ritual fun or forced?",2023-02-07,"/~/media/mckinsey/email/genz/2023/02/2023-02-07b.html","Welcome back! This week, we’re looking at what it means to have “fun” with your coworkers.","Brought to you by Liz Hilton Segel, chief client officer and managing partner, global industry practices, & Homayoun Hatami, managing partner, global client capabilities

Welcome back! This week, we’re looking at what it means to have “fun” with your coworkers.For Gen Zers who started new jobs remotely over the past couple of years, the concept of an in-person happy hour may be as foreign as answering the phone (naurrrrr). But as employers nudge people back into the office, there’s something to be said for the revival of the workplace ritual. Millennials, Gen Xers, and boomers have loads of experience with after-work activities. Before the pandemic, the boss or the office social butterfly would organize happy hours, trivia nights, or—if you were really unlucky—karaoke. The idea was to create relationships with colleagues outside the office that would translate to stronger professional ties. All of that changed when the pandemic hit and work for many people went online, causing the humble (if not totally spontaneous) midday coffee run with your coworker to devolve into a scheduled, 30-minute virtual catch-up. Even when people returned to the office, they found that some of their cherished coworkers had moved out of the cities where they had once worked; others who grew accustomed to the flexibility that working from home afforded them, have yet to return.  For as much as life has rebounded since the beginning of the pandemic, many Gen Zers (and likely a millennial or two) who work remotely report feeling lonely, making the workplace ritual a newly compelling idea.  The best of these rituals helps define workplace culture. As McKinsey senior partner Bill Schaninger observes in a recent episode of the McKinsey Talks Talent podcast, “Rituals are what make us us.” When they’re done well (that is, when they are inclusive and meaningful), they can help employees feel a sense of purpose or kinship with their colleagues, both of which can help reduce instances of depression and anxiety, as well as quiet quitting.  So how do you convince Gen Z—or anyone who now prefers to work remotely—to engage in these office rituals? For one thing, some of these rituals don’t have to happen in the workplace at all. Sending a weekly email or direct message that focuses on mindfulness or gratitude, for example, can help create the kind of goodwill fostered from in-person get-togethers, says McKinsey partner Bryan Hancock. And for those of us who do want to get back to in-person activities, rituals can be centered on milestones like welcoming a new team member, acknowledging a promotion, or holding a send-off for someone leaving the team. A final word of warning: let the “forced fun” apéros in France be a lesson to anyone reading this—think twice before making these rituals mandatory. Instead, take the pulse of what your team actually wants to do together. If you’re a Gen Zer, feel free to offer your own ideas and even take charge of planning something, making any rituals explicitly optional.(Tell us how you feel about workplace rituals by emailing newideas@mckinsey.com.)

The share of people over 65 globally is expected to double by 2050, which could create challenges as care demands increase, even in countries whose populations are younger on average.

Les femmes en STEM. Women occupy only 22 percent of all tech roles across European companies, a rate that is expected to decline—particularly in the fastest-growing tech jobs—if no action is taken.   Empire state of mind. New York City has rebounded before from historic setbacks, and it once again faces a steep challenge—this time to its labor force, a problem that has been compounded by a shortage of affordable housing. (“Duh,” said the entry-level employee whose rent skyrocketed last year.) To your health. A survey of more than 4,000 employees in four Middle Eastern countries found that while anxiety and burnout are prevalent in the region, three-quarters of respondents also reported being happy at work, especially if the employee felt a sense of purpose in or had relationships at work.

Candygate explained. When a world-famous candy brand experimented with its decades-old marketing in an appeal to Gen Z, it sparked a new era in the culture wars. [NYT]The de-influencer economy. Reacting to the firehose of content encouraging people to purchase every new influencer-endorsed product, a crop of digital users is posting social-media videos telling people to stop shopping instead. [Fortune]

—"
"103","How Gen Z really feels about hustle culture",2023-01-31,"/~/media/mckinsey/email/genz/2023/01/2023-01-31b.html","Welcome back! This week, we’re looking at the pros and cons of hustle culture and the gig economy.","Brought to you by Liz Hilton Segel, chief client officer and managing partner, global industry practices, & Homayoun Hatami, managing partner, global client capabilities

Welcome back! This week, we’re looking at the pros and cons of hustle culture and the gig economy.If you’ve never fallen down an algorithm-powered rabbit hole of online hustle culture, here’s a primer: self-help influencers tell viewers to break free from the shackles of the 9-to-5 job, insisting that the most liberating—and lucrative—path to financial freedom doesn’t even require you to get out of bed in the morning. So long as you have a laptop or smartphone, you can start drop-shipping or affiliate marketing, sell digital products or transcription services, or offer virtual assisting and influencing, all of which promise riches that flirt with six figures a month. (The multilevel marketers of yore walked so that digital courses could run.)It’s no coincidence, then, that side-hustle videos—hashtags for which have reached 12.8 billion views and counting on TikTok, according to the platform’s own data—perform so well; Google Trends searches for the term “side hustle” have steadily increased over the past five years, peaking at the beginning of January.Much of that interest comes from Gen Z. A little more than half of Gen Zers are likely to be gig or independent workers, compared with 36 percent of the American workforce overall. Gen Z accounts for a greater share of this cohort, because independent work offers a way into the labor force while also providing more flexibility, something its members value greatly. Gen Z, which entered the workforce just as the pandemic and an economic downturn began, has also had more difficulty landing traditional jobs.But the popularity of online hustle culture may be less about wanting to strike it rich and more of a reflection of the anxiety that Gen Zers feel about their own financial well-being. Sure, some independent work seems glamorous—like that of the travel influencers who denounce their desk jobs in favor of shooting #content from far-flung locales like an island villa in Southeast Asia that costs oodles less than their urban rentals. But will it really help you own a home or retire one day? Despite the lure of the travel influencer lifestyle, most Gen Z independent workers say that they would prefer to work as a permanent or noncontract employee, compared with 28 percent who say that they take on independent work because they enjoy it and 24 percent who say that they do so because they prefer the autonomy and flexibility of it, McKinsey senior partners André Dua and Kweilin Ellingrud find. For all the appeal that independent work may hold for some, Gen Zers entering the workforce are also weighing the costs of things like employer-sponsored healthcare, particularly as they report more mental- and even physical-health concerns compared with millennials. For Gen Zers (or anyone) considering a side hustle in addition to their day job, check your employment contract or company’s policies, which may prohibit outside work. Finally, while employers are offering more flexibility to help retain and attract Gen Z talent, they must also make peace with the fact that their Gen Z employees might be spending part of their time earning extra income—or, at the very least, watching TikToks about it.

Top-performing companies often implement practices that support a more diverse workplace.

Take notes. What might a customized college experience look like? Hybrid learning, clearer career coaching, and more technology in classrooms are a few features that could change higher education in the next decade.   Fashioning a more inclusive industry. Black American shoppers are likely to switch luxury brands if they don’t feel satisfied with a brand’s approach to diversity, equity, and inclusion.The doctor will video chat you now. The use of telehealth services is much higher now than it was prepandemic, but it’s not equally accessible to patients of differing ages, income levels, and locations. Two ways providers can improve access include addressing gaps in technology and building trust with consumers.

It was all yellow. Gen Z yellow replaced millennial pink as the preferred hue of marketers intent on appealing to young consumers, but it’s unlikely to be as ubiquitous, given Gen Z’s taste for individuality. [Business of Fashion]A caregiver crisis. More than three million Gen Zers in the US act as family caregivers. Although there is limited Gen Z–specific data on the subject, it’s true that caregivers often must cut back on work to tend to ill or disabled family members, which affects their lifetime earnings and more. [Esquire]

On our Careers Blog, Sandra,

—"
"104","Is there such a thing as anonymity for Gen Z?",2023-01-24,"/~/media/mckinsey/email/genz/2023/01/2023-01-24b.html","Welcome back—this week, we’re talking about Gen Z’s complicated relationship with privacy.","Brought to you by Liz Hilton Segel, chief client officer and managing partner, global industry practices, & Homayoun Hatami, managing partner, global client capabilities

Welcome back—this week, we’re talking about Gen Z’s complicated relationship with privacy.When Gen Z’s parents were kids, the most personal information someone could easily find out about them was a home telephone number. Now, your fingerprints, face, or voice are likely used for a log-in process that takes less than two seconds to verify your identity. In fact, these days, what you can’t find out about a person is almost more telling—you might be seen as an outlier for having no online presence.  McKinsey took a look at what the future will hold in 2030, when the youngest Gen Zers will be finishing up their primary education. Our lives will be plugged in in ways that still seem like science fiction: food and drink will come with personalized recipes, entertainment will be picked for you, and your fridge will have chats with your bed about whether you’re staying healthy.It’s a marvel, but it doesn’t come without a cost: an empire of your personal data (and Gen Z, in particular, highly values data transparency).Some of these futuristic strides are already happening, of course. Airlines can now scan your face instead of your boarding pass, and almost 40 percent of Gen Zers would knowingly swap personal info to use an online service for free, McKinsey’s Jim Boehm, Liz Grennan, Alex Singla﻿, and Kate Smaje found. This kind of technology will be central to our adult lives.Tech leaders know this, but Gen Z knows it too—and living in a world where the default is no privacy can have an impact.  ﻿

Some Gen Zers push back on a lack of privacy, creating online subcultures that fantasize about anonymity: the pastoral “cottagecore” aesthetic, inspired by tiny cabins and homegrown greens, was one of Gen Z’s first major trends.

McKinsey partner Bryan Hancock notes that, if you are in the office, young people in particular are on the hunt for privacy and the ability to work alone (something they might not find in crowded flatshares).

Still—there are times I feel like I’d agree to be personally watched by the Eye of Sauron (it’s a Tolkien thing) to avoid resetting that forgotten password one more time

Consumers aren’t too wary of AI-based services—most trust them as much as, if not more than, real people.

Tell me more . . . This commentary from three McKinsey partners examines how ChatGPT could change your business, permanently.   Connecting everyone. There are five steps that could help bring digital equity to every Black household in the United States—here’s how to do it.  Up, up, and away. As the world shrinks, why not make it bigger? The space economy is no longer just for governments and defense companies; it’s time to get involved.﻿

Kind of us. At Davos, McKinsey’s Tracy Francis and Katy George shared that Gen Zers are more open to collaboration than other generations but still hold strong values. [Business Insider]Grandma went viral. Meet the octogenarians experiencing successful—and lucrative—turns as TikTok stars, with the help of their grandkids. [WSJ]﻿Speak up? For Gen Zers, it’s not as simple as keeping your head down and paying your dues—many feel a moral obligation to speak up at work, even if they might struggle to know how. [BBC]﻿

—"
"105","Here’s what Gen Zers look for in their first jobs",2023-01-17,"/~/media/mckinsey/email/genz/2023/01/2023-01-17b.html","Even though some of the Northern Hemisphere is seeing chilly temperatures, one thing that keeps getting hotter is the talent market.","Brought to you by Liz Hilton Segel, chief client officer and managing partner, global industry practices, & Homayoun Hatami, managing partner, global client capabilities

Even though some of the Northern Hemisphere is seeing chilly temperatures, one thing that keeps getting hotter is the talent market. The number of current job openings far exceeds the number of new hires, and talent attrition doesn’t seem to be slowing down anytime soon. Organizations looking to engage Gen Z workers need to stand out—but how?This week, Marissa Cronin and Anna Zuefle, two recent college graduates who have been working at McKinsey Global Publishing, give their take on why understanding, attracting, and investing in your newest employees is so important.  We’re six months into our roles with the publishing team and will soon be rotating to assignments with different groups across McKinsey. The program we’re participating in is meant to help us find our best fit. This setup keeps us on our toes and continually learning, which is a huge plus for our professional development—especially when you consider that 74 percent of Gen Z and millennial employees are looking to leave their jobs because of a lack of career mobility and skill development.Talent attrition and attraction will continue to be problems for organizations that are misaligned on the real reasons why employees are leaving, write McKinsey senior partners Aaron De Smet and Bill Schaninger and associate partner Bonnie Dowling. And while we do appreciate a well-stocked snack cabinet, there are much more convincing selling points, such as what the workday looks like and opportunities for professional development.So what else wins over Gen Z, especially in a competitive talent market? In addition to career development, flexibility is a major pull factor—after all, many younger workers entered the workforce in a hybrid-working world brought on by the COVID-19 pandemic. While flexibility may mean many things and isn’t limited to hybrid work, it’s likely that coworkers no longer spend a full 40 hours a week in neighboring cubicles, naturally developing relationships in the break room and at happy hour. This shift away from constant proximity is one reason why cultivating an inclusive and supportive culture is increasingly important to this group of workers.And make no mistake: young employees, or prospective employees, can tell when you’re just paying lip service to that kind of inclusivity—they expect the real deal from their managers. What’s also key: while many young workers care more than older cohorts about purpose-driven values, they’re still workers who have been affected by the economy (and on an entry-level salary, no less). Compensation and career prospects are just as much a part of the conversation as ever. While applying for our first postgrad jobs, we were looking for a number of attributes in an employer. What was especially important was finding a place that was committed to not only attracting but also investing in new and diverse talent. For us, ongoing investments in diversity, equity, and inclusion research; strong global affinity groups; and recruitment efforts for those with underrepresented and nontraditional backgrounds are all part of a winning combination. Other key selling points: being supported by a dedicated personal-development manager and having access to a training program that’s designed to grow our skill tool kits.Like the generations before ours, Gen Z will soon be leaders in the workforce. This means that investments in new employees will not only help employers navigate current attrition challenges but also set up organizations for a stronger future.

Workforce discontent is a global phenomenon, and a major driver is an unsustainable or toxic workplace culture. To navigate this successfully, employers must consider if they’re solving the right problems.

Dive deeper. Digital transformations and talent go hand in hand. Find out why the success of a digital transformation requires a focus on talent and technology decisions.   Listen up. Want a competitive advantage in the hiring game? The latest episode of McKinsey Talks Talent talks through hiring for hard-to-fill roles and how to make sense of “quiet quitting.” ﻿New year, new me? Here are the tech resolutions that big companies should be paying heed to this year—and what can help them reach those goals.

Bridging over. Demographic shifts have made Gen Z smaller than the prior generation—and what both senior and junior members of the workforce want and need has changed too. [HBR]﻿Job filters? The latest hiring marketplace: social media, which has seen a boom in both job-related content and actual recruiting. [CNBC]﻿

—"
"106","Minding the résumé gap: Why blank spots on your CV don’t have to spell doom",2023-01-10,"/~/media/mckinsey/email/genz/2023/01/2023-01-10b.html","Welcome back! After our brief recess, Mind the Gap’s first issue in 2023 is (somewhat fittingly) on the scariest of CV specters.","Brought to you by Liz Hilton Segel & Homayoun HatamiGlobal leaders, Industry & Capabilities Practices

Welcome back! After our brief recess, Mind the Gap’s first issue in 2023 is (somewhat fittingly) on the scariest of CV specters. Ever fretted about how to explain a vague piece of your work history or stuck it out at a job you hated for fear of the dreaded résumé gap? For Gen Zers, those gaps might not be cause for worry. “There is less of a stigma attached to job hopping or gaps in a résumé, and joining companies in other geographies without relocating has become easier than ever, making it possible for people to jump from one employer to another,” write senior partners Aaron De Smet, Bryan Hancock, and Bill Schaninger and expert associate partner Bonnie Dowling. Young people are entering a work world where career breaks may become a more accepted norm; for example, up to 47 percent of under-25s in the UK have taken a career gap of six months or more, according to a recent survey. Many Gen Zers even see time off as a positive. Employers might feel the same way—postpandemic recruitment has often come from outside the hiring industry, prizing nontraditional experiences. Our research shows that if employers aren’t finding the talent they need, they should investigate a new hiring pool, including candidates who have taken time off for caregiving or other reasons. While an increased acceptance of career gaps may be a change—for years, a lengthy or unexplained break could be the kiss of death, leading to a 45 percent decrease in the likelihood of being invited for an interview—it fits with the trends young people are seeing. For one, Gen Zers are increasingly taking gap years before college. Up to 130,000 American students deferred an undergraduate degree for a year or more in 2021, with many hoping that hitting the pause button now may result in a less COVID-19-affected college experience a year down the road. And for high school seniors disappointed with college acceptance results, a gap year can mean a chance to try again with a newly plump experience section in their application or more money saved for school. Students are filling the gap with nontraditional jobs, travel, volunteer work, and more.The emphasis on experience can be seen by colleges, too; “test-optional” policies for admission are the new normal, and less than half of early-decision applicants to US colleges in fall 2022 included their test scores in their application. One analysis showed that only 3 percent of PhD programs at 50 top-ranked US universities required submission of the GRE, as compared with 84 percent just four years ago—a so-called GRExit that prizes a more holistic look. (It should be said that not all Gen Zers deferring college will still end up in class—a rising number see work or starting a business as their route to success, with declining faith in a four-year degree.) Recent McKinsey Global Institute (MGI) research from MGI’s Anu Madgavkar, Sven Smit, Jonathan Woetzel, Jeongmin Seong,﻿ and coauthors shows that amassing effective experience is the key to leveling up. Those who make bold moves—jumping into a new job that overlaps only a little with their prior gig—grow their salaries more than any other group. Many Gen Zers see résumé gaps the same way—after all, 62 percent of all workers have taken a gap at some point in their careers. Business Insider reports that young people are taking time off to plan, network, and figure out who they are and what they want before committing to a career, and Microsoft found that many Gen Zers see leaving a job—whether for another role or to travel the world—as a requirement for learning early in their career. And for those taking less-elective breaks—such as the many Gen Zers still struggling to find reliable employment in their field—the destigmatization of résumé gaps is a welcome shift. LinkedIn reports that 79 percent of managers will still hire the best candidate despite a career gap. This change in mindset has been especially important for women, who were far more likely to leave the workforce over the course of the pandemic, contributing to a major loss of talent. But if you know you can still be hired even with an interrupted résumé, you might be more willing to leave a situation that’s not right for you, or try to return to the workforce after time off.So, while you should still mind the gap—hilarious, right?—taking a break is not the cardinal sin it once was. What do you think about career gaps? Let us know at newideas@mckinsey.com.

﻿View from the other side. The role of human resources has evolved and grown rapidly, and the function is more critical than ever. Transitioning to the best operating model for your company is crucial for the future of HR.   Churn, baby, churn. European workers are fed up with their jobs and ready for something new: the job vacancy rate has almost doubled, and a third of employees are ready to quit. How should employers be rethinking talent?  Meta-vehicles? Full-virtual rides might be years away, but the meeting of the metaverse and your favorite car is closer than you might think.

Any takers? A top-heavy and expanding generational gap in Japan—the average business owner is 62—and a tradition of passing down shops to children that’s being challenged by a plummeting birth rate will lead to the shuttering of thousands of businesses in the coming years. One owner’s solution: give it all away. [NYT]Anger is the best medicine. The newest trend among Gen Z workers is “rage-applying,” or submitting their résumé for a bunch of new jobs when they get fed up at work—and it’s netting young people $30k raises or more. [Fortune]

Skills issue. Gen Z is on track to be the most educated generation, but interest in trades and technical jobs dropped by 49 percent between 2020 and 2022, creating urgency to fill open posts. [NPR]So, long farewell? In the wake of mass layoffs, workers are taking to social media to post lengthy goodbye messages and even tributes to former employers—which also serve as a public CV. [BBC]"
"107","Gen Z is seeking ‘main-character energy’ in 2023—literally and figuratively",2022-12-20,"/~/media/mckinsey/email/genz/2022/12/20/2022-12-20aa.html","Do you feel like the protagonist of your own life? If not, perhaps you need to move out of NPC (nonplayer character) status and harness the much-loved trend of “main-character energy” when planning your 2023.","Brought to you by Liz Hilton Segel & Homayoun HatamiGlobal leaders, Industry & Capabilities Practices

Do you feel like the protagonist of your own life? If not, perhaps you need to move out of NPC (nonplayer character) status and harness the much-loved trend of “main-character energy” when planning your 2023. (And guess what, we have tips for that—in our guide to managing yourself and others.) Simply put, main-character energy can refer to investing in and advocating for yourself and doing things that make you happy. It’s no surprise it’s a Gen Z favorite term, with more than 170 million tagged videos; research has shown that the circumstances we’ve grown up under have bred increased individualism and self-reliance.  Main-character energy isn’t a new term—it’s a throwback to 2021—but as more Gen Zers become independent adults in the coming year, they’re more likely to be acting on it. Here are just a few ways Gen Z will continue the game of create-your-own-reality: You do you. Individual expression is king, and The State of Fashion 2023 report, from senior partners Anita Balchandani and Achim Berg in collaboration with the Business of Fashion, found that 50 percent of Gen Zers have shopped across gender categories to value style over tradition—and 70 percent plan to do so next year. Never too early. Most Gen Zers believe that if they want financial security, they’ll have to make it for themselves—and the median age Gen Zers start to save for retirement is just 19 years old, far younger than previous generations.  ﻿Moneymaker. Gen Zers aren’t just looking to employers for financial security; they see themselves as a resource too. An Instagram trends report found that 64 percent of social media users planned to monetize a project this year.No more five-year plan . . . Senior partners André Dua and Kweilin Ellingrud and coauthors found that 45 percent of young people are concerned about the stability of their jobs or their current job’s ability to provide a good quality of life.. . . but planning for the future. The threat of climate change is very real for Gen Z, and they’re acting with their wallets. Younger people are willing to pay more for carbon-neutral flights; the Instagram report also found that two-thirds of young people plan to buy climate-proof skin care products to protect against extreme weather and sun.  Also, we might actually want to be the main character. Technology and media have enabled us to step right into the action with first-person video games and immersive virtual reality. And then there’s the metaverse, which has many Gen Z fans and which McKinsey research shows has the potential to generate up to $5 trillion in value by 2030. Some interesting stats to consider:

Forty-one percent of Gen Z find it easier to be themselves online than in person, research from senior partner Jennifer Schmidt found.

Employed Gen Z consumers spend an average of $107 a year on metaverse-related assets.

Young people expect to spend up to five hours a day in the metaverse.

Whether it’s gathering the courage to ask your boss for a raise or logging on to a video game raid, 2023 will bring even more opportunities to place yourself as Player One. Are you ready?

Mind the Gap

﻿The year in images. Tomatoes, shoes, and electric blues: here’s what 2022 looked like.  The year in innovation. Did you meet your digital doppelgänger this year, or learn about the world’s most dangerous spatula? The year in charts. Here’s 2022, visualized—and what we’ll have to get right next year.

In session. Would you attend a metaversity? These VR-only schools may be coming soon, with pilot programs already teaching students. [InsideHigherEd]Have a slayful new year. Gen Z slang is increasingly bewildering their colleagues and bosses—but some conventions (like an ellipsis) may have the same effect on us. [WaPo]"
"108","I’m Mr. Lonely: Gen Zers are running the numbers on remote work",2022-12-13,"/~/media/mckinsey/email/genz/2022/12/13/2022-12-13b.html","Consider this: you start a brand-new job. Your only introduction to coworkers is an email with your professional bio and that one cringeworthy headshot. The “tour” is a training packet that tells you where the online files live. And the watercooler is your own kitchen sink (dishes included).","Brought to you by Liz Hilton Segel & Homayoun HatamiGlobal leaders, Industry & Capabilities Practices

Consider this: you start a brand-new job. Your only introduction to coworkers is an email with your professional bio and that one cringeworthy headshot. The “tour” is a training packet that tells you where the online files live. And the watercooler is your own kitchen sink (dishes included).Maybe you’d be a little lonely, right? It’s an intergenerational problem, but some Gen Zers may never have known any other way to work. Even if you schlep to the office a couple of times a week, our research shows you might still feel isolated; in the Asia–Pacific region, more than half of hybrid workers report feeling lonelier lately, and 68 percent say they have fewer work friendships since the pandemic. Senior partners John Parsons and Bill Schaninger and coauthors deem rebuilding pandemic-lost social capital an “imperative,” but younger workers are looking forward, too: one survey found that 81 percent of employees under age 35 feared loneliness from long-term remote work situations.And it’s not just today’s workers—in the US and UK, 60 percent of high schoolers were already fretting about feeling lonely, anxious, or stressed about the prospect of working primarily from home. A majority thought remote work might make it harder to feel like part of the team, and one in four worried it’d be more difficult to find a mentor. (For many of these students, their first taste of remote work was learning math online—no wonder they’re worried.) Choosing a career has always included a lifestyle calculation; these days, there are even more factors to crunch. Fully digital roles in industries like tech, media, and customer service have seen employers ditch the office floor plan permanently, and it’s feasible that a new graduate hired today will never work in person. While that flexibility can help reduce stress and burnout, less than 29 percent of Gen Z would pick a remote-only gig.  Those jobs can make it harder to build your support network—research from McKinsey Health Institute coleaders Erica Coe and Kana Enomoto and senior partner Martin Dewhurst shows that less than a third of Gen Z would share mental-health struggles with coworkers—and just having work friends has a big effect on happiness. In extreme cases, isolation can be as bad for your health as smoking 15 cigarettes a day. That may sound dire, but it shows the importance of work relationships. One study at a seafood processing plant in Vietnam found that workers (single, entry-level ones in particular) would sacrifice a nearly 5 percent share of their income to work alongside their friends, and McKinsey research shows that strong bonds can make or break a team.  You can still form those bonds virtually—a quick check-in can work wonders—but distance can wear over time.So should lonely workers just pick a different career? Senior expert Phil Kirschner reminds us that we weren’t in the office 100 percent of the time anyway, and that wanting flexible work predated the pandemic. Plus, young people are finding strengths in hybrid work: Gen Zers in London found it easier to volunteer for tasks and ask questions remotely—such as sending a message rather than raising a hand—even if older colleagues viewed the same circumstances as a barrier.Every Gen Zer will face these calculations at some point as they try to find their own perfect balance. If you’d rather stay home, there’s a remote job out there with your name on it—and, who knows, maybe we’ll all be working in a metaverse office soon anyway.

QUOTE US ON IT

–Author Susan McPherson, in an Author Talks interview on building meaningful relationships

Oh, stunning. The newest feature from the McKinsey Global Institute zooms in on human development in more than 40,000 microregions, creating a gorgeous, data-driven look at the pixels of progress that make up the world.  Buckle up. Mozilla’s Mark Surman explains why we should be striving for AI that’s as trustworthy as seatbelts. Mix it up. In the US, quitting is still going strong—there are more jobs open than the population of the state of Oregon, and employers are getting creative (such as offering 12-hour weeks) to fill roles.

Is the college essay dead? The explosive debut of ChatGPT, a chatbot running a game-changing AI that can write complicated text, has major implications for students—both those in college and those hoping to be admitted. [Atlantic]Catching on. Young people love texting; other generations say nothing beats a call. Is the voice memo a place to meet in the middle? [WSJ]"
"109","Eighty-eight percent of Gen Z doesn’t trust eco-friendly claims",2022-12-06,"/~/media/mckinsey/email/genz/2022/12/06/2022-12-06b.html","This week we’re talking greenwashing—and not the kind that involves sweeping endless pine needles out of your living room.","Brought to you by Liz Hilton Segel & Homayoun HatamiGlobal leaders, Industry & Capabilities Practices

This week we’re talking greenwashing—and not the kind that involves sweeping endless pine needles out of your living room.  Our State of Fashion 2023 report, from McKinsey senior partners Anita Balchandani and Achim Berg and coauthors in partnership with the Business of Fashion, notes that addressing greenwashing is a major priority in the upcoming fashion landscape. What exactly is greenwashing? It’s reaping the benefits of hooking sustainably minded consumers without doing the real work—for example, by producing “sustainable” clothing that might not actually be built to last or replacing a traditionally frowned-upon fashion industry practice for one that’s no better for the planet.Greenwashing relies heavily on companies trying to convince consumers that their products are sustainable. Gen Z cares the most about the planet of any generation but is also most on guard for inconsistency in messaging—in a 2021 survey, 88 percent of American Gen Zers said they don’t trust brands’ environment, social, and governance (ESG) claims. (Need a briefer on ESG factors? This article, from Robin Nuttall, Lucy Pérez, Hamid Samandari, and coauthors asks why ESG really matters.) While Gen Zers can be quick to cancel a brand they see as performative, or take their business elsewhere, the billion-dollar question for the retail industry now is how and when these sustainability claims can be regulated. Questions of just what sustainable fashion is and who can claim to sell it are still being wrung out; 42 percent of American Gen Zers in a 2021 survey said they didn’t even know what makes clothes sustainable. In the meantime, fast-fashion brands that use green language are facing more scrutiny, with half of Chinese Gen Z consumers saying they’re cutting back on their fast-fashion purchases for environmental reasons. Other brands are veering away from the sustainable label altogether to avoid kickback as they work out their eco-friendly futures. If you’re a brand (or reading the label of one), here are some suggestions:

Make sure sustainability claims are backed up by data and evidence and shared transparently.

Be upfront and communicate your goals across your platforms.

Avoid terms like “green” or “eco-friendly”—brands that put their money where their mouths are have the information to be specific, not vague.

But if you find you can’t distinguish between a sustainable and a greenwashed product on the shelf, it might not be your fault—senior partners Michael Birshan, Stefan Helmcke, Tomas Nauclér, and coauthors write that consumers often struggle to tell the difference.Many brands are still working on the best way to present their sustainability bona fides, and some have toyed with digital passports or ways for consumers to track a product’s impact across its life cycle.These environmental considerations are even more salient during the high-spend holiday season. What’s not so evergreen: Americans throw away 25 percent more trash during the Thanksgiving to New Year’s period than in any other season, and festive sweaters are among fast fashion’s worst offenders when it comes to dumped goods.Next time you’re at the rack, especially if what you’re staring at is covered in tinsel, maybe take a breath and choose the planet instead (your wallet will thank you too). For more—including Gen Z’s love of gender-fluid fashion, how to take a multichannel approach to fashion, and the future of formalwear—download the full State of Fashion 2023 report here.

Consumers are more likely to shop sustainably if it requires little change to their daily lives.

Newest sustainability champion. Nordic countries are uniquely positioned to leap ahead on climate goals, offering the chance to grow €130 billion in GDP and create nearly one million new jobs.   Avocado, thanks? The same uncertainty over green clothes can take place at the grocery store, leaving customers who want to eat consciously hungry and confused. Going viral. Here’s what the future looks like as fashion leaps into the metaverse, part of our Metaverse Talks video series.

﻿Flipping out. Is Gen Z killing vintage fashion? Join a shopping spree for an inside look at the cutthroat world of online resell. [Elle]Vroom, vroom. About a third of car buyers—including a third of Gen Zers—would pay more for more sustainable options. [Automotive News]﻿

—"
"110","Not so fast: Three realities busting the Gen Z attention-span myth",2022-11-29,"/~/media/mckinsey/email/genz/2022/11/29/2022-11-29b.html","Gen Z is infamous for having a short attention span. Young people do love an endless stream of content, and short-form video is king—many spend more than six hours a day watching—but it’s not true that Gen Z can only pay attention for eight seconds.","Gen Z is infamous for having a short attention span. Young people do love an endless stream of content, and short-form video is king—many spend more than six hours a day watching content on their mobile phones—but it’s not true that Gen Z can only pay attention for eight seconds. For a generation adrift in an overwhelming sea of content, it’s less about paying attention and more about what breaks through the noise.(Feeling that way at work? Explore an article by McKinsey’s Aaron De Smet, J. R. Maxwell, and Patrick Simon on why, even though we’re all so busy, nothing is getting done.) Here are three Gen Z trends that are breaking the eight-second stereotype.  Books, books, books Gen Z has helped to catalyze a literature revival—book sales set records in the US and the UK last year, with young-adult fiction sales increasing 30.7 percent in the US as teens tore through titles.The uptick is partly due to a wave of social-media interest; data shows that online communities such as #BookTok directly helped authors sell an additional 20 million copies in 2021. Readers, especially teens and young adults, post videos reviewing titles; one popular trend (that some marketers are beginning to use) is to tell a story as if it happened to you, only to reveal that it’s the setup of a particular novel. As of last month, the #BookTok hashtag has amassed more than 80 billion views. And bucking the long-term trends, some brick-and-mortar stores are looking to expand; more than 300 new independent bookstores opened in the US over the past few years. That growth has been helped by Gen Zers, who’ve surprised forecasters with their taste for in-person shopping, including for clothes. One bookstore owner told NPR she “100 percent” attributed the rise in young interest to social media.(Stressing about finding a holiday gift for your boss? A book from our gift-giving guide might be perfect.)Deep diveA Google report on viewing trends found that Gen Zers’ interest in long-form video content, including deep dives on topics they love, is actually stronger than ever. That might be watching their favorite video game streamer—the esports industry is worth hundreds of billions of dollars—or a homemade documentary series on local cryptids. Young people also favor commentary on topics they’re already a fan of, and will watch long videos dissecting﻿ a sports game, a movie they’ve just seen, or internet gossip. Fifty-nine percent of Gen Zers use short-form video to discover content that they’ll then watch longer videos about, and podcast listens increased 62 percent last year.  Many Gen Zers will engage with long-form ad content as well; live-streamed shopping events are wildly popular among youth in China and gaining ground globally.  Movies and TVGen Zers are looking forward to visiting the movies this holiday season (perhaps not unrelated to all that time spent with family …).

Although the pandemic altered theater releases forever, more than three-quarters of young people in one survey reported seeing more films in 2022 than pre-COVID-19.

Gen Zers rank moviegoing as a top-three recreation activity—above outdoor hobbies but still below streaming.

Inflation is still present; in the US, ticket prices have risen 20 percent since 2019, and that’s a leading factor for Gen Zers when mulling a trip to the theater. However, Gen Zers expect to up their holiday spending in general, McKinsey’s Colleen Baum, Tamara Charm, and Kelsey Robinson found.

(Interestingly, content tastes are shifting; one study found that Gen Zers were less interested in TV about glamorous lifestyles and preferred shows that dealt with real-world issues.)  What else is coming down the pipeline? Our look at video entertainment in 2030 suggests content will be immersive, gamified, and personalized—it’ll bring you in as more than just an observer, even enough to feel the wind on your face. Gen Zers do prefer shorter content, but that’s due to being choosier about where they spend their time. When they care about a topic, they’ll invest. (And if you’re reading this, I’m glad we kept your attention this far—let us know what you think at newideas@mckinsey.com.)

QUOTE US ON IT

–McKinsey partner Tom Svrcek on the future of video entertainment

Turn a page. Want to grab a book yourself? Explore our summer reading guide for what nearly 60 top leaders across media, business, technology, and more recommend—a good read never goes out of season. Breaking barriers. Representation of Black people in Hollywood, both in front of and behind the screen, still lags; much progress has been made, but there’s much further still to go.(Extremely) out of office. Fresh air has always been good for you, but with rising levels of depression and anxiety, reconnecting with the outdoors is even more vital—and research shows that nature can help alleviate mental fatigue and restore the ability to focus.

Not an equal lift. While authors have found great success in video marketing to young readers, there’s one thing in common about most authors who’ve gone viral: they’re White, despite Gen Z’s desire for diverse books. [The Cut]Salute-darity. As the tech industry faces layoffs, here’s how fellow Gen Zers are showing support. [NYT]"
"111","Gen Zers in the US are ready for some serious spending this holiday season",2022-11-22,"/~/media/mckinsey/email/genz/2022/11/22/2022-11-22b.html","Welcome back—this week, we’re getting festive. The US holiday season is here, and Gen Z is ready to spend some serious cash.","Welcome back—this week, we’re getting festive. The US holiday season is here, and Gen Z is ready to spend some serious cash.  In the US, many of us will soon be sitting down to Thanksgiving dinner: turkey, mashed potatoes, stuffing, mac and cheese, cranberry sauce, and pumpkin pie. And after the big feast, it will be time for the next big treat: Black Friday.Rather than being up at 4 a.m. fighting for the best deals at a brick-and-mortar big-box retailer, you might be online shopping from the comfort of your couch. Either way, plenty of Gen Zers will be ready to spend, according to McKinsey’s latest Consumer Pulse Survey from senior partner Kelsey Robinson and partners Colleen Baum and Tamara Charm. But the US holiday shopping season doesn’t start when the clock strikes midnight on November 25—it’s already begun.  ’Tis the season to spend  Coming on three years of COVID-19-cautious holidays, Gen Zers are ready to splurge and celebrate. If they have the cash to spend, Gen Zers are going to spend it. Fifty-six percent of US McKinsey survey respondents report that they started their holiday shopping in October, which is earlier than usual. They just couldn’t wait; 66 percent of Gen Zers reported feeling eager or excited for the 2022 US holiday season—more than any other generation and up 28 percent from 2021. One survey found that 48 percent of Gen Z respondents are planning to capitalize on “buy now, pay later” services for the holidays to avoid hurting their bank accounts. Some are low on cash (19 percent), but the rest may be ready to take advantage of any deals this holiday season has to offer.Retailers are ready    Retailers have caught on that Gen Z wants to shop. We’re seeing price-match promises, longer return windows, and membership discounts that are too good to pass up. Also, social media is now a one-stop shop. Eighty percent of Gen Z shoppers are looking to social-media platforms such as TikTok and Instagram to find gifts, and 41 percent are looking to actually buy gifts on these platforms. Many consumer-facing brands will likely be cashing in on influencer and social-media marketing this holiday season. However, just because Gen Z is looking to splurge doesn’t mean they’re buying everything in sight. In a McKinsey podcast, McKinsey partner Bo Finneman and colleagues shared that Gen Z is a bit more particular about their spending than other generations. Gen Zers are holding brands accountable by looking for companies that support causes they believe in, such as sustainability. Additionally, this generation is willing to opt for more expensive luxury items, but they value uniqueness more than other generations. A luxury item might not be a name-brand bag but rather an item that stands out among the noise of fast-fashion retail.In addition, inflation is a big source of stress for many Gen Zers. In Europe, about 75 percent of young people say that inflation is influencing their holiday-shopping decisions, spurring them to put together some practical wish lists. Money, household items, and food and beverage all made the top ten items on young Western European’s lists. But even if they have a tight grip on their wallets in some regions, don’t count Gen Z out of the holiday fun.   Happy holidays, and happy shopping!

Younger generations are holding companies accountable through greener consumer decisions, creating a possible €650 billion annual opportunity for European companies.

Conscious consumption. Health and sustainability are now top priorities for many consumers. How will food producers and retailers keep up with this postpandemic demand?  Adapting to inflation. Apparel companies are taking a hit from inflation and rising supply chain costs. But an agile pricing strategy can help retailers ADAPT—or adjust, develop, accelerate, plan, and track—by controlling costs and retaining loyal customers.Old habits die hard. Coming out of the pandemic, will US consumers stick to new behaviors or go back to old habits? See how Americans are viewing online shopping, home improvements, and more.

Pizza or turkey? Drought, inflation, and bird flu have led to an increase in the cost of turkey: an impressive $1.99 a pound, up 84 cents from last year. Gen Z might be opting for more affordable meals instead of the traditional fare this Thanksgiving. [Bloomberg]Low on eggs. Amid a bout of bird flu, the UK is currently experiencing egg shortages that are predicted to last past Christmas. Find out how the poultry industry and people in the UK will cope. [Guardian]These present times. Inflation, tightening budgets, and possible job loss have led American Gen Zers feel pressure to spend more than they can afford this holiday season, according to one survey. [Bankrate]"
"112","India is one of the fastest-growing economies in the world. Here’s what that means for its youth.",2022-11-15,"/~/media/mckinsey/email/genz/2022/11/15/2022-11-15b.html","Welcome back! And happy birthday, happy birthday, happy birthday, happy birthday.","Welcome back! And happy birthday, happy birthday, happy birthday, happy birthday… Today, November 15, the world population is projected to hit a whopping eight billion. The time between each successive billion is getting shorter—it took 33 years for the population to go from two billion to three billion, but only 11 years to go from seven billion to eight billion—resulting in an increasingly younger population. (Learn more about the population milestone here.)  Many eyes are on India’s population growth too, parallel to its surging economy. In just a few months, India will overtake China as the most populous country in the world—and India has a median age nearly a decade younger than China’s, at just 28 years old. One in every five Gen Zers in the world lives in India. The needs, desires, and goals of India’s Gen Z will play a massive role in the next century. “It’s not hyperbole to claim that the future of humanity will be defined by Asian youth,” Time writes.  So what’s on the mind of Indian Gen Zers? Here are four major themes: Sustainability. Sixty-eight percent of Gen Zers in India reported feeling anxiety about climate change; although India has a low per capita emissions rate, it’s the world’s third-largest emitter overall. Our recent report from senior partners Rajat Gupta and Shirish Sankhe found that India has the chance to create 287 gigatons of carbon space for the planet through decarbonization efforts (and here’s how to do it).That’s top of mind for young people concerned about the impact of climate change on work and living conditions. Thirty percent cite sustainability as a key concern when considering an employer; Gen Zers surveyed in China, India, and other emerging countries also report being more economically conscious than their counterparts in more developed countries.   The working market. Even highly qualified young people may find themselves struggling to find a suitable job or facing unemployment; India is under pressure to create up to 90 million jobs by 2030, according to an in-depth report by the McKinsey Global Institute. Burnout is also rising; many Indian employees cite a lack of separation between work and their personal lives, and a McKinsey Health Institute survey found that employees hope to leave their jobs at a 60 percent higher rate than the global average. Gen Zers report wanting their company to “communicate transparently” as well as offer flexibility.Employees in India also place an especially high premium on learning opportunities, and 84 percent of Indian Gen Zers say they’d stick with their current company if it’s easier to switch jobs internally—11 percentage points higher than the global average.New opportunities. Tech jobs and start-up roles are the most attractive career for young people in India, and no wonder—the country boasts the third-largest start-up market in the world, including a software-as-a-service market that is expected to grow 25 times to $70 billion by 2030, and economic optimism is high.  The tech market is increasingly moving toward serving internal customers as digital adoption climbs, and the economy is one of the fastest-growing in the world. Under-30 talent helped to catalyze the massive growth over the past few years and will be critical in coming years as well, as young entrepreneurs are increasingly returning to India to try to launch businesses.Social connection. As with anywhere, Indian Gen Zers live online; 98 percent own a smartphone, and India has over three times more Instagram users alone than the UK has people.

India has higher rates of social-media use across the board—the average user spends at least 17 hours per week online, and Gen Zers may spend up to eight hours a day scrolling.

Even though India has the largest film industry on the planet, Gen Zers still prefer to stream movies and TV on their phones.

Where people spend time is where they spend their money too—e-commerce, including rising “buy now, pay later” programs, is thriving for Gen Z.India’s rapidly growing population, economy, and digital optimization are spurring the country fast toward the future—who knows what could happen by the next billion.

Investment in renewables is rising in many countries, including India, and seeing big returns.

Tech for good. As part of our India Ahead series, McKinsey interviewed Infosys cofounder Nandan Nilekani on the future of technological growth in India and how to use tech for good. Culture change. Up to 70 percent of transformations fail because of company culture—here’s how Rishad Premji created a high-performing culture at Wipro.How to build a unicorn. These massively successful businesses may seem mythical, but here are five steps to take to get your own start-up across the billion-dollar mark.

“I think start-ups have also reached a tipping point. . . . Entrepreneurs here are young, confident people who are global in mindset and have big ideas.”–Infosys cofounder Nandan Nilekani on the future of the technological revolution in India

Moonlighting? Recent months have seen controversy over whether second jobs or side hustles should be allowed in India’s competitive tech scene; young people may see it as a tool to get ahead, but others call it “cheating.” [BBC]Group picture. How do you conceptualize eight billion people? These data visualizations broken down by country and continent show how the world’s population is distributed. [Visual Capitalist]"
"113","Gen Z and year-end reviews season",2022-11-08,"/~/media/mckinsey/email/genz/2022/11/08/2022-11-08b.html","Welcome back! I’m hoping this hits my bosses’ inboxes before they give me my performance review (wink, wink).","Welcome back! I’m hoping this hits my bosses’ inboxes before they give me my performance review (wink, wink).The dreaded year-end performance review—one statistic found they had made 22 percent of employees cry. If you’re a Gen Z employee, it may be your first review. If you employ Gen Zers, maybe you’re worrying about whether a negative eval will push young workers out the door—a valid concern, as a McKinsey study by senior partners André Dua, Kweilin Ellingrud, and coauthors found that 77 percent of Gen Zers were considering leaving their jobs. While concern over attrition may feel sharper these days, few people I know ever liked year-end reviews; a McKinsey survey found that a majority don’t think they have positive impact on performance, and half of workers think they’re unfair. (Unfortunately, scrapping annual appraisals can also make it hard to create evidence for promotions and raises, leading to “ghost” ratings that are basically just another review system.)  So is the only thing left giving a pat on the back? Not necessarily. Another thing Gen Z wants is engagement—“quiet quitting” isn’t all too shocking if workers are feeling cut off from office culture, mentorship, or work-friend shenanigans that make 40-hour weeks bearable. We all hoped it’d be more like The Office. Instead, we often feel isolated or purposeless, worrying that the only chance to stave off inflation is to job hop. In other words, passivity might be the last thing we want.The boss relationship accounts for 86 percent of satisfaction at work. If you manage Gen Zers, here’s what to consider as reviews season comes around: Start today. The best way to dull the impact of review season is through frequent feedback; why make workers wait until the end of the year to know what you think of their performance? Be honest. Gen Z wants their accomplishments recognized, but few new hires would believe they’re doing everything right. Straightforward feedback serves as a road map for them to do better—and imagine a future at the company as they grow. Take stock of unique adds. For one, we’re the most digitally savvy generation, and that has benefits—Gen Z workers in one survey reported spending eight hours per week helping older colleagues look for digital files.  Also, Gen Z is already a quarter of the world population, and dozens of countries have a median age below 25. Tapping young employees’ knowledge as your consumers, clients, or patrons among the generation grow can help companies stay ahead of the curve. Consider that your eyes aren’t everywhere. Hybrid work means you might spend less time directly overseeing employees, especially new hires, which can create the illusion work isn’t taking place. Make sure to ask for feedback from your reports’ coworkers too, and spoiler alert: the companies that prize value creation over just “work” tend to come out on top.Gen Z is also deeply concerned with DEI efforts and creating an inclusive environment—critical work that our Women in the Workplace 2022 report, in partnership with LeanIn.Org, found is rarely recognized formally in performance reviews. And if you are Gen Z, here’s what you can do:

Quantify what you’ve done right. Entry-level work may not feel glamorous, but concentrate on where you’ve created value—what have you added that wasn’t there before you joined? Start a spreadsheet of your accomplishments.

Ask someone who’s been in your shoes. In one survey, 48 percent of people reported sharing career advice at work, and apprenticeship done right can be an unmatched resource to build your skills. Consult a friend or mentor who’s been through your review process or reach out to someone new to build your network.

Take a deep breath. Your employer hired you for a reason, and if you haven’t set anything on fire, you’re probably doing OK.

Maybe you’re writing reviews, sweating over your own, or not part of this process at all; nonetheless, it’s a good time to take stock and be proud of what you’ve accomplished this year. Good luck!

QUOTE US ON IT

–Partner Bryan Hancock on effective feedback in an episode of The McKinsey Podcast

LGBTQ+ employees report feeling much less inclusion at work compared with straight colleagues, in areas from ability to express themselves to receiving mentorship.

New year, new me? Explore our guide to managing yourself and others for advice on how to give feedback, how to manage time, how to communicate better, and more.  Make a friend. Feeling disconnected from coworkers? You’re not alone—research shows that employees’ social capital suffered greatly during the pandemic, and only 15 percent of people felt that their networks had grown at all.Room to grow. Diversity in private equity has a way to go—in one survey, institutional investors gave an average score of lower than four (on a scale of one to ten) to the representation of gender minorities, ethnic and racial minorities, people from low-income backgrounds, and LGBTQ+ people in their workplace.

Share the love. How do you compensate for not having a mentor? You find a million online—Gen Zers are flocking to “career influencers” who provide bite-size pieces of job advice via video that can help level the playing field. [BBC]That checks out. Collins Dictionary just named its 2022 word of the year: “permacrisis.” Need I say more? [Washington Post]"
"114","Can you beat the winter blues with brighter hues?",2022-11-01,"/~/media/mckinsey/email/genz/2022/11/2022-11-01b.html","Welcome back! In the Northern Hemisphere, the days are getting shorter. Warding off winter blues is my version of doomsday prepping—and maybe a reason Gen Z loves funky fashion?","Welcome back! In the Northern Hemisphere, the days are getting shorter. Warding off winter blues is my version of doomsday prepping—and maybe a reason Gen Z loves funky fashion?Gen Z fashion is famous for its bright pops of color: glittery-eye looks, neon accessories, and vivid, drapey workwear. Self-expression has become more important than fitting in—and some say these excitingly eye-searing palettes can even help ward off the winter blues (seasonal depression—you can wear blue in winter if you’d like).The idea of “dressing for success” is nothing new, but the measure of success may be changing; it’s no longer simply conforming to a professional standard or representing your company. Gen Zers are also seeking comfort, both physical and mental.Tech offices have long been hoodie-wearer refuges, and the pandemic helped catalyze a refocus for everyone onto the work itself, rather than the workwear (or the where). Casual clothes can now be spotted in many more offices, a nice change when you spend a third of your life during your employable years at work—as noted in a new McKinsey Health Institute article by MHI co-leaders Jacqueline Brassey, Erica Coe, Barbara Jeffery,﻿ and coauthors. Gen Zers have taken both to athleisure and making dress codes their own, often blending traditional elements of business professional with funkier shoes or head-to-toe neon. Wearing what you like—whether that’s orange sneakers or an Olivia Pope-esque (from the American TV show Scandal) wool power suit—to make you feel better is sticking around.  Suiting Gen Z tastes We definitely love clothes (fashion is our No. 1 entertainment purchase, above dining, video games, and music), but we’ve been veering away from the “rules” of style for a long time. The rise of fast-fashion behemoths that churn out endless looks—Shein debuts more than 6,000 new items per day—has accelerated that shift, allowing Gen Z to change their look to fit, or create, their mood. We buy with feelings in mind as well; more than any other generation, we take it personally that the brands we patronize reflect our social values. Tastes for unusual hues might also stem from the premium Gen Z puts on uniqueness—from luxury houses to the thrift store.  (There’s a growing market for the in-betweeners, too. “Masstige,” or mass-produced goods of slightly higher quality, is gaining ground with Gen Zers willing to splurge.)Part of a mood-boosting strategy? While some Gen Zers don neons for bright spirits, others dress in the hope of boosting their energy—winter is coming in the Northern Hemisphere, and seasonal affective disorder (SAD) affects millions of people worldwide. Statistics vary with proximity to the equator, but an estimated 2 to 8 percent of Europeans suffer from disrupted circadian rhythms from lack of sun each year.

SAD most strongly affects people (especially women) in their 20s and is categorized under the umbrella of depressive disorders; Gen Z reports suffering the most from these conditions, according to another MHI report from McKinsey partners Erica Coe, Jenny Cordina, and their coauthors.

—McKinsey Health Institute co-leaders Jacqueline Brassey, Erica Coe, and Barbara Jeffery on prioritizing well-being for all

As Gen Zers demand digital fashion experiences, we expect companies to double their investments in tech to get ahead and appeal to younger consumers.

’Tis (almost) the season. As holiday shopping kicks into gear, US buyers, and especially Gen Z, are prepping to drop more cash—62 percent of the generation anticipates splurging on themselves or loved ones. Need a stitch in time? Despite a strong fashion scene, apparel firms are getting clobbered by high operational costs as inflation climbs. Here’s how the industry can ADAPT (that’s an acronym) to control costs and keep its customers. One-stop shop. Social commerce—browsing, shopping, and buying directly on social platforms—is already huge in China and is poised for rapid expansion to keep up with young people’s demand.

‘Permission to commit tomfoolery.’ Meet the Gen Z memelords using satire to stand out among direct-to-consumer online shops, hawking increasingly off-the-wall slogans plastered across in-demand apparel. [Vogue Business]Would you still love me if I weren’t an earworm? Pop music is struggling to create long-lasting stars, in part because TikTok’s algorithm favors short, catchy clips that make it hard to break through the noise. [Billboard]"
"115","Is an easy future only a dream for young people?",2022-10-25,"/~/media/mckinsey/email/genz/2022/10/25/2022-10-25b.html","Did you ever play the game M.A.S.H. in school? It’s an American kids’ game where you write down a list of possible options for your future in a few categories.","﻿Did you ever play the game M.A.S.H. in school? It’s an American kids’ game where you write down a list of possible options for your future in a few categories—where you’ll live, who you’ll marry, what job you’ll have, etcetera—and cross them off until you’re left with your one true fortune.M.A.S.H. (Mansion, Apartment, Shack, or House) was already an old game when I started school in the mid-2000s, and most Gen Zers will probably never learn it. But as my generation begins to think seriously about the future, some of the possibilities we threw around—big houses, dream jobs—are beginning to seem like they may become artifacts of the past as well.Where will you live? In 1981, the average age of an American home buyer was 36 years old. Four decades later, they’re 56—it’s no surprise our American Opportunity survey shows that only 41 percent of Gen Z expect to own a home one day.

In the UK, Gen Z will face the biggest average home-price-to-income ratio in more than 70 years—higher than the British housing shortage crisis post-WWII.

Women in the Workplace 2022, a report from McKinsey in partnership with LeanIn.Org, is the largest study of women in corporate America, condensing the experiences of 40,000 employees.

Data from our American Opportunity Survey, led by senior partners André Dua, Kweilin Ellingrud, and coauthors, show that Gen Zers view their place in the working world with trepidation.

Remote work is favored by young people, but it’s not an option available to everyone—in the US, young people, more highly educated people, and higher earners have a better chance of remote-work choices.

Not your mother’s world. The future promises positive changes, too—here’s a glimpse into the technology-driven world of 2030, including space vacations, edible potato chip bags, and immersive movies where you can feel the scene on your face. Needing more. For many, being a doctor or nurse is a dream career, but difficulties in the industry, including pay and work environment, are pushing many nurses in Australia to leave the profession behind entirely.A better future. Annie Jean-Baptiste, the head of product inclusion and equity at Google, lays out why companies must make equity and inclusion a core part of every aspect of the development process.

The gif that stops gif-ing. Millennials’ favorite file type is being replaced by new methods of reacting online now that some younger people have deemed the short-loop images “cringey.” [Atlantic]Clocking back in? TikTok accounts with first-person videos of people working food-service jobs—making sandwiches, decorating cakes, or scooping ice cream—are a much-loved trend, sometimes making their creators millionaires. [New Yorker]"
"116","Does Gen Z humor belong in the workplace?",2022-10-18,"/~/media/mckinsey/email/genz/2022/10/18/2022-10-18b.html","Welcome back—this week I commit the cardinal sin of being a joke-explainer.","Welcome back—this week I commit the cardinal sin of being a joke explainer. If you search “Why is Gen Z humor …” the first autofill result (at least for me) is “Why is Gen Z humor broken?” Gen Zers have a language all their own, with a complicated lexicon of in-jokes, memes, and internet culture references. It’s different from previous generations’ humor; it’s chaotic, based in absurdism, and often with no punchline. In the office, it can easily leave more senior coworkers baffled.So why does it matter? Do other generations really have to get the joke? Well, humor is a stronger force at work than you might expect. Humor releases hormones that make us feel happier and less stressed and can be key for trust between coworkers.And laughter goes a long way toward creating a positive work environment—it’s the number-one predictor of employee psychological safety, according to a survey by McKinsey senior partner Aaron De Smet and coauthors. If your employees feel safe, they’ll work better and like work more, possibly keeping retention up and attrition down.

In fact:

Employees of leaders with a sense of humor are 15 percent more engaged.

“‘Did you smile or laugh a lot yesterday?’ At age 16, 18, or 20, people are largely saying yes. At age 23, the answer quickly becomes no—and we don’t start laughing again until we retire. We go to work and we stop laughing.”—Stanford faculty members Jennifer Aaker and Naomi Bagdonas on the “humor cliff” that kicks in around the time you start your first job

Is it safe? Creating a healthy space where employees feel seen is crucial. Here’s an overview (and a chance for a deeper dive) if you’re looking to improve your team’s well-being. Junk causing a funk? While marathoning your favorite shows is tempting, there’s an ugly tinge that comes with the binge—passive consumption fails to provide the social nourishment you need. Playfulness with friends, family, and coworkers can be more vital than it seems. ﻿It’s a bird, it’s a plane … it’s a dad joke. Humor can be a superpower in business—check out two Stanford lecturers’ guide to exploiting the neuroscience of nuttiness.

Down the fun-way. Europe’s largest airline makes a business of trolling its own customers online—and here’s why that’s hitting all the marks for Gen Z. [Washington Post]Are thumbs up? Much has been made of a suggestion that the thumbs-up emoji has been “cancelled” in the workplace—whether or not things are as drastic as all that, Gen Z definitely believes in “emoji nuance” with coworkers. [Insider]

Source material. The internet is the supreme breeding ground for Gen Z humor, and we’re soaking it all in. As the world’s most digital audience, we spend two-thirds of our media time online. [What’s New in Publishing]"
"117","Europe’s Gen Zers are compassionate about mental health—but not when it comes to their own",2022-10-11,"/~/media/mckinsey/email/genz/2022/10/11/2022-10-11b.html","Welcome back—yesterday was World Mental Health Day, but mental health struggles affect millions worldwide every day.","Welcome back—yesterday was World Mental Health Day, but mental-health struggles affect millions worldwide every day. In Mind the Gap’s very first issue back in March, we covered McKinsey’﻿s dive into the mental-health landscape for young people in the US, and the follow-up survey looks at their European counterparts across ten countries. To put it bluntly: this year’s portrait of Gen Z’s mental health is pretty grim, according to a new McKinsey Health Institute﻿ survey. Partner Erica Coe, an MHI co-leader, senior partner Martin Dewhurst, an MHI global leader, and their co-authors found that one in four young people in the US called themselves “emotionally distressed”; in Europe, one in five reported their mental health as “poor” or “very poor.” That’s by far the most of any generation of Europeans, nearly five times more than baby boomers. Gen Zers also reported the worst social and spiritual health of any generation in Europe—physical health was the only place they didn’t come in last.It’s possible the higher reports of mental illness stem from Gen Z being more willing to be real about how they’re feeling. And respondents showed compassion to others struggling: the majority in every country said they would support a friend, neighbor, or close colleague in recovery from a mental-health condition.However, that grace doesn’t extend to themselves: Gen Zers are more likely to rate struggles with mental health as a personal failing or flaw, with 47 percent of Gen Z respondents in Europe endorsing some form of self-stigma or blame.We may be more willing to talk to our friends—including on social media, the first stop for Gen Zers struggling with mental-health worries—but are wary of consequences for talking to anyone else.

Gen Zers from European countries may avoid talking about mental health with…

﻿their family: only 37 percent would, compared with 50 percent for other generations

their school counselor: 25 percent of respondents who saw one said it wasn’t useful

Mental-health struggles are everyone’s concern, and everyone is helped by alleviating them—reducing unmet mental healthcare needs could add $2.55 trillion to the global economy by 2040.

Making your space safe. Mental-health advocate Poppy Jaman explains how prioritizing “well-being capital”—what you gain when your employees feel safe—can add to the bottom line and supercharge a workplace. Irked by work jerks? Author Tessa West urges employees to stop stewing and speak up if they want to stop the endless cycle of toxic workplace behavior that drags everyone down.Turn enemies into allies. Author Amy Gallo lays out eight archetypes of difficult people at work—the insecure boss, the passive-aggressive peer, the tormentor, and more—and how to build bridges instead of barriers. Which type is your current enemy (or which type are you)?

Pal-opticon. An antidote to stress: friends. As in, knowing where your friends are. Apps that geolocate your peers in real time have become an accidental friendship staple for Gen Z. [NYT]﻿‘Generation COVID.’ More recent high school grads are shunning college, but some aren’t picking up jobs either—the number of 18- to 24-year-olds in the US doing “nothing” surged by over a million between 2019 and 2021, especially among young men. [Newsweek]"
"118","Gen Z will stick around if given more internal opportunities",2022-10-04,"/~/media/mckinsey/email/genz/2022/10/04/2022-10-04b.html","Have you ever heard someone scoff that Gen Z workers have “no sense of loyalty”?","﻿Have you ever heard someone scoff that Gen Z workers have “no sense of loyalty”?I have, and I raise those naysayers this: Does anyone? Leaders have been debating the “death” of the stay-till-you-drop job ethos since before I was born, and job hopping is far from new. As such, it’s no surprise that Microsoft’s recent workplace survey found that 52 percent of Gen Z were considering leaving their jobs—but it also found that 73 percent of us would stay at our jobs if it were easier to change roles internally. That’s good news for employers—our research shows that reskilling current employees and allowing them to transition into new jobs with new responsibilities can be tools for long-term success. On the flip side, stagnation can lead workers out the door; “quiet quitters” may be phoning it in if they feel like there’s no chance of moving up anyway.Young workers are 82 percent more likely to keep an eye out for new opportunities and have the least confidence in internal mobility. It’s key for managers to show Gen Z employees that there’s room to grow, as well as clear pathways for them to develop.

McKinsey partner Bryan Hancock and coauthors suggest that leaders should start counting internal retention—workers hopping to a new job at the same org—as a success. That means creating the following for employees:

a transparent internal hiring marketplace where employees can look for new jobs

opportunities to build new skills to prepare for the future

The Great Resignation spurred employees to big shifts—workers didn’t just leave jobs for slightly better ones; they often left behind an entire industry.

Heat waves, war, and stigma. Our research on Gen Z mental health in Europe reveals a nuanced framework for how young people view mental health issues, often showing compassion toward friends and family but feeling personally flawed for the same struggles. Stretch time. Research shows that the most upwardly mobile people move into roles where only 60 percent of the job overlaps with their old one. Bold moves = big wins.Into the unknoooooown. Uncertainty isn’t something that needs to be avoided—realizing that you may need to feel uncertain to try something new can help you take back your power.

Tell me the money. Gen Zers are big fans of pay transparency, and as some US states pass pay disclosure laws, young people have been drawn into the debate online—such as on TikTok, where strangers on the street share their salaries. [BBC]﻿OK, bestie. Data show that having a close friend at work has a big effect on employee happiness—even more so postpandemic. [Gallup]"
"119","Are Gen Zers too trusting with their data online?",2022-09-27,"/~/media/mckinsey/email/genz/2022/09/27/2022-09-27b.html","Welcome back—this week, we’re talking about data trust. Do you trust who’s using yours?","Welcome back—this week, we’re talking about data trust. Do you trust who’s using yours?How many times have you clicked “accept” online without really reading those terms and conditions? Agreements like that are part of our daily lives, and research suggests that only a measly 1 percent of people actually read through what they’re agreeing to when they sign up for a service or site. Most terms and conditions also define what data a company can scoop up and sell when you use its product. Plenty of services operate only on data monetization: you trade details about yourself and your habits to carry on along your merry buying, posting, and gaming way.That’s an agreement that doesn’t seem to bother Gen Z: new McKinsey research by Jim Boehm, Liz Grennan, Alex Singla, and Kate Smaje on the value of digital trust found that we’re the most likely to allow apps or sites to collect our data without knowing how that data would be used. And we’ll use these apps and sites even if we do know—over 40 percent of Gen Zers said they had OK’d access to personal info in exchange for something like a discount code or free use of a service.Both are classified as risky online behaviors, at odds with younger respondents’ high confidence that they’re being safe online and the high premium they put on trust. Overall:

Gen Z is the most likely to take risks online.

Gen Z is no stranger to the “save password” or “keep me logged in” checkbox—we’re also the most likely to store sensitive info online, especially personal details.

However, Gen Z and millennials are the most likely to perform digitally protective behaviors, such as paying for better security or trying to delete user data when they stop using a service.

—McKinsey expert associate partner Liz Grennan on consumers and data use﻿

Do you accept? Want to build a relationship with customers in a changing data world? Here’s how companies can change their approach to keep trust as a top priority.  Glimpse into the future. In just three years, the tech world might look completely different. We put together a guide for the data-driven enterprise of 2025—and how to get started today.What is Web3? Industry 4.0? Omnichannel marketing? Get answers to these vital questions and more with our McKinsey Explainers—quick reads on key topics, backed by our data and insights. Check them out on our McKinsey Insights app.

Not feeling lucky. Gen Z is increasingly more likely to skip over Google and click on TikTok’s search bar instead—40 percent go to the video site or Instagram as their first step for information. [NYT]Gen Z, minus the Zs. One study found that 93 percent of Gen Zers regularly lose sleep due to social-media use at night—and endless video scrolling is the biggest culprit. [Healthline]"
"120","Roommates, childhood bedrooms, and $226,000 on rent: Gen Z’s housing future",2022-09-20,"/~/media/mckinsey/email/genz/2022/09/20/2022-09-20b.html","In 2019, a study estimated that a Gen Zer in the United States would spend a whopping $226,000 on rent in their lifetime—and that was before the gut punch of recent rent hikes.","In 2019, a study estimated that a Gen Zer in the United States would spend a whopping $226,000 on rent in their lifetime—and that was before the gut punch of recent rent hikes.The main culprit: soaring inflation (a 40-year high) that can cripple entry-level workers living on entry-level pay. Inflation means dollars don’t stretch as far, and the same apartments are being rented for much more money, especially in urban areas. In June, average rent in London was £1,846 ($2,104), and Manhattan saw an all-time record of $5,058. Want a refresher on inflation? You’re up to date but want to dive deeper? Check out our McKinsey Explainers—curated quick reads on big topics, backed by our insights. Read a sample Explainer on inflation on desktop and mobile here, and download the McKinsey Insights app to access them all—with topics like decarbonization, Web3, the metaverse, and more—for free.

Prices like those have meant Gen Z has had to get creative, finding more roommates (including total strangers, for better or worse) or moving out of city centers.   In the United States, Gen Z has made headlines for choosing to live at home with their parents rather than strike out on their own—29 percent of under-25s in one survey. And one-third is spending half their monthly income on rent. Though living with parents as a young adult is much more common elsewhere in the world, inflation is hitting across the board:

In Spain, which has an especially strong culture of home ownership, up to 63.4 percent of people under 25 will be living in rented accommodation by 2025—though young people still dream of someday buying property.

As rent, gas, and grocery prices skyrocket, many consumers have the perception that it’s the same across all products. In fact, many goods—electronics, makeup, toys, and more—have only seen small bumps, write McKinsey senior partner Kelsey Robinson and coauthors.

The wheels on the minimobile… Bikes, mopeds, and e-scooters are already part of the increasing micromobility market. Up next: three- and four-wheeled seated vehicles that fit one to two people. Would you drive one? How much is a brick? That depends. The price of steel has increased 60 percent since January 2021, while lumber ($300 per square meter in May 2019) has peaked as high as $1,600 and as low as $500 per square meter only months later. That volatility has big implications.Make a leap. More than 44 percent of the 280,000 tech professionals in our recent survey started in another industry, and they switch roles much more frequently than the average worker.

Housing has no age. To beat high prices, Gen Zers are widening housing searches to include cohabitors of different generations. One 25-year-old in Boston is thrilled with her 64-year-old roommate. [Business Insider]﻿I don’t hate it. In a survey, 84 percent of Gen Z said they’re hoping for a housing crash—it’s the only way they might be able to afford property of their own. [MoneyWise]"
"121","Influencer economy: The 24/7 sponsorship market that surrounds Gen Z",2022-09-13,"/~/media/mckinsey/email/genz/2022/09/13/2022-09-13b.html","Ads for apparel are part of the ever-growing body of sponsored content that people consume daily alongside regular videos and social-media posts, and they are part of an influencer marketing economy that hit $16.4 billion this year.","As we move into a new shoulder season, folks in the Northern Hemisphere are putting together fall fits, while people in the Southern Hemisphere are breaking out their swimwear. Consumers everywhere may be looking to stock up their seasonal wardrobes—and with that come new opportunities to be swayed on what clothes to buy. Enter the influencer.

Ads for apparel are part of the ever-growing body of sponsored content that people consume daily alongside regular videos and social-media posts, and they are part of an influencer marketing economy that hit $16.4 billion this year.   The setup is often one (or a combination) of two models:

An influencer is paid a flat rate per post on the influencer’s social-media account to feature a product.

An influencer shows off a product, adds a link to the product in the bio of their social-media profile, and earns an affiliate kickback every time a viewer purchases the product by clicking through the link or by using a special promo code.

Retail media networks—where businesses allow other companies to advertise to their own consumers or to gain insights on consumers’ shopping behavior—are drawing more marketing dollars.

Mark your calendar. In 2030, I’ll be 31. What will the world look like? Don’t miss our interactive guide to life—from tech to food to movies—in the not-too-distant future. Tap lessons. Africa’s young consumers—the median age across the continent is 20—are moving to urban areas and are helping to accelerate the shift to electronic-payment methods.Make up ground. Black consumers are responsible for 11.1 percent of beauty spending in the United States but still rarely see themselves in beauty ads on TV, in magazines, or on billboards. Here’s how a more equitable industry would serve Black consumers and retailers alike.

Do influencers dream of electronic means? About 45 percent of Gen Z content creators in one survey hoped to leave their 9-to-5 jobs to earn a living online full-time. [Bloomberg]It was a gift. As marketing budgets decline, more brands are forgoing traditional ads and are gifting products to influencers in the hopes that they will create posts to promote the products. One exec said that this strategy was up to eight times more effective than paying an influencer per post. [Digiday]﻿"
"122","Are your Gen Z employees ‘quiet quitting’?",2022-08-30,"/~/media/mckinsey/email/genz/2022/08/30/2022-08-30b.html","Welcome—Sarah is back this week, and we’re talking about the latest work buzzword.","Have you heard of “quiet quitting”? It’s a TikTok term that’s gone mainstream, mainly to describe Gen Z workers. It means doing your job but no more: hitting your work goals but not exceeding them, logging off at 5:00 p.m. to spend time with friends and family, and ditching the “hustle” mentality.

Although it sounds ominous to bosses—who wants an employee who’s phoning it in?—NPR in the US reports that it’s somewhat of a misnomer and should be seen instead as “carving out time to take care of yourself.” With high rates of burnout worldwide following the pandemic, that can mean setting boundaries at work.  Another buzzy phrase is “acting your wage”; like quiet quitting, it suggests that you shouldn’t go above and beyond without pay or recognition. Young workers are often feeling:

Disconnection. Gen Z already has the highest rates of mental-health concerns, and work isolation (we may be years into our first jobs having never met our colleagues IRL) doesn’t help. Social capital—our networks, relationships, and trust—is the glue that holds teams together﻿, and employees might feel adrift with remote work. Too much connection. Workers are increasingly expected to be online 24/7, even for a 9 to 5. While there may be no one in the physical office (or no office at all), everyone seems to stay logged on, so for many, the workday never really ends. But there’s no bonus pay for answering your email at 10:00 p.m.A different direction. Gen Z isn’t viewing our careers in the same way as our predecessors, and some of us are turning from the idea of a “dream job” to a job that supports our dreams instead.

Most Gen Zers actually want to work. While hybrid work and flexibility are important to us, that doesn’t mean we’ll take it over a pay bump or being recognized for our efforts.

Relationships with bosses are the top factor in employee job satisfaction. We’re only human, and being more hands-on might pull young workers back in.

Is your goal getting the work done, or getting your employee working? Quiet quitters may be able to spend more time with family or enjoying hobbies while still hitting their marks, which leads to better work–life balance.

When you’re tempted to disengage, remember that experience is your most important asset—it can account for 40 to 60 percent of your lifetime earnings. So try working smarter instead of harder.

Even though organizations report mental health as a top goal, the burnout burden on their employees hasn’t eased.

Maybe a new gig? The work world is changing in other ways, too—last year 36 percent of employed US respondents to our American Opportunity Survey identified as independent workers, including freelancing, working gig-to-gig, or having a side hustle. Here’s why these workers are much more optimistic about the future than their 9-to-5 peers.  Mentor makeover. Learning from colleagues is a big part of leaning in. In this edition of The McKinsey Podcast, McKinsey’s Lisa Christensen, Tony Gambell, Robert Palter, and Roberta Fusaro chat about apprenticeship and why it shouldn’t be seen as an outdated idea. Time to act. Burnout rates in Asia are exceptionally high, with “toxic workplace behavior” as the number one concern. How can leaders turn the tide?

Can I interest you in an office? London’s empty office space has jumped 50 percent since the start of the pandemic, equivalent to 45 skyscrapers of unused square footage. [Times]Want to hear from some quiet quitters? Here’s why some people have started to coast at their jobs and what engagement trends look like overall. [WSJ]

"
"123","Gen Z is craving a more sustainable food system",2022-08-23,"/~/media/mckinsey/email/genz/2022/08/23/2022-08-23b.html","Hello again! Our summer interns are here for the second week of our intern takeover. Today, we’re looking at a social issue that’s top of mind for Gen Z: a sustainable and equitable food system.","Gen Z and millennials are the generations that are the most interested in vegetarian, vegan, and conscious eating options, according to McKinsey research, and 73 percent of Gen Z participants in a 2022 survey said that they thought their generation was the most concerned about the environmental impact of what we eat. They have reason to be: worldwide, 27 percent of global greenhouse-gas emissions come from food and agriculture.

The implications of climate change are just some of the issues on our plate. In the US alone, an estimated 40 million people faced hunger in 2021, and Black and Latino households experience food insecurity 2.5 and 2 times more than White households, respectively. The risk of a global food crisis is rising as the war in Ukraine continues, and at-risk populations are suffering the most. Historically, supply shocks within the food system have led to inflation, lower fiscal strength, and malnutrition: 811 million people worldwide suffered from high levels of malnutrition or undernourishment in 2020, according to McKinsey senior partner Daniel Aminetzah, partner Nicolas Denis, senior partner Nelson Ferreira, managing partner Oleksandr Kravchenko, partner Ivan Verlan, and their coauthors. Many Gen Zers are aware of these trends—our efforts for change (and our changing tastes) are already on display. Case in point: college campuses.

Food cycling

In keeping with food sustainability priorities, Gen Zers on campus are taking “reduce, reuse, recycle” seriously. Universities are implementing programs (often as a result of student advocacy) to reduce food waste, provide shelters with uneaten food from dining halls, and donate unused funds from meal plans to students in need.These efforts are key for accessibility: 29 percent of students at four-year colleges in the US said that they experienced food insecurity in the past 30 days. Plus, these programs help reduce waste—the UN estimates that one-third of the food produced worldwide never gets eaten, and almost all wasted food is thrown out at the consumer level. At one university, omitting food trays to encourage smaller portions led to a 22 percent drop in food waste. Some schools also provide reusable takeout containers for students to eat on the go, a waste-saving practice they might take into their adult lives; the lunch box market is actually growing worldwide.Alternative proteins

Meat alternatives are also becoming more popular with Gen Z (for example, some schools are implementing “Meatless Mondays”), and more vegan and vegetarian options are popping up in dining halls and campus grocery stores. Less meat can be good for the planet:

More than 50 percent of greenhouse-gas emissions from food and agriculture come from animal farming.

Cultured (or lab-grown) meat can be up to 150 times the price of the same quantity of a plant-based protein such as soy.

Yet, lab-grown meat is projected to be a $25 billion global industry by 2030.

A survey found that 77 percent of respondents said they could be persuaded to purchase meat alternatives; 87 percent of those respondents were Gen Zers. Since meat plays a central role in people’s diets in many countries, plant-based food technology can be a hot topic, but meeting in the middle may be key to a sustainable future.

Agricultural advancements

Many people in the US, including in urban and campus environments, struggle to get enough fresh produce, creating a nutritional inequity that can span decades. That’s where sustainable agriculture tech comes in. One example: hydroponic “farms” that can grow crops vertically in less space than is needed in a typical garden bed.

Some schools are vertically growing herbs and grains in dining halls, and some Gen Z students are majoring in hydroponics to prepare for a growing market in agriculture start-ups. Overall, the agritech industry could grow by $500 billion by the end of the decade. Ensuring a promising food outlook is a lot to bite off, but personal and structural changes to food can help get everyone to the sustainable, secure future we need.

Millions of dollars have been invested in global sustainability-themed start-ups.

Green grocers. Add sustainability to your shopping list. Here’s how grocers are transforming the food system. Textbook issues. In higher education, the problem of racial and ethnic inequity isn’t new. But why is it taking us so long to fix it?Going global. Here’s how the war in Ukraine has affected food security and climate change, and what that means for the future.

Inflating hunger. Food insecurity is growing as the economy slows, with food prices rising 10.4 percent in the US and food banks receiving more and more families. [NYT]Dining halt. Food insecurity on college campuses is more prevalent than you might think—and addressing the problem is not as simple as donating a meal swipe. [Health Affairs]

"
"124","Gen Z in the workplace. Literally.",2022-08-16,"/~/media/mckinsey/email/genz/2022/08/16/2022-08-16a.html","Welcome back. Here in the Northern Hemisphere, we’re in the final stretch of summer—and the summer college break is a time when interns descend on many organizations.","Welcome back. Here in the Northern Hemisphere, we’re in the final stretch of summer—and the summer college break is a time when interns descend on many organizations. So we asked McKinsey Global Publishing’s Gen Z summer interns, Hanna Carney, Imaya Jeffries, and Mia Nitekman, to tell us how they felt about their hybrid work experiences. Here’s what they had to say.    We’ve been working in New York City for a few months, figuring out living situations, commutes, and pay stubs while formatting spreadsheets and bonding over huddled lunches. Now that we are “seasoned” professionals, here are our two cents on the Gen Z work experience. Many execs speculate that Gen-Zers aren’t interested in an office environment and prefer hybrid work. But that’s not necessarily true. Over the past two years, we’ve been virtually attending college lectures and other activities that are all meant to be in-person. So when it came time to start our internships, we were eager for the human connection that the pandemic robbed from us. In fact, according to a survey of 5,000 Americans, the people who want to work fully remote tend to be in an older cohort: 41 percent of workers aged 50 to 64 prefer remote work, compared with 24 percent of those aged 20 to 29. How did this play out for each of us as we entered the world of hybrid work? Imaya liked the office routine.Being new to New York, as well as to an internship and an office environment, I started this summer feeling like a fish out of water. Establishing a routine of getting ready in the morning, commuting across the city, and settling at the office with work friends helped me thrive. Work colleagues play a vital role in balancing our personal and professional lives—boosting happiness, engagement, and job satisfaction. One recent McKinsey Global Survey found that a positive team climate (in which team members value one another’s contributions, care about one another’s well-being, and have input into how the team carries out its work) is the most important factor in determining a team’s psychological safety at work. But only 43 percent of survey respondents reported that their team had a positive work environment.

One thing that I found daunting as I started my summer job was attire. I’ve never felt that office-appropriate clothing was flattering or my style. But I’ve been able to incorporate some of my thrifted pieces into my office wardrobe, maintaining professionalism while still feeling like myself. And the ability to be your authentic self is extremely important to feeling included at work. For example, McKinsey research on LGBTQ+ lived experiences at work found that employees were 1.6 times more likely to feel included when leaders placed diversity and inclusion on their strategic agenda.For some people, working from home is a luxury. But I’ve found that I really prefer being in an office environment, even though I appreciate the flexibility of hybrid work.Hanna split the difference.When I started my internship, I thought that I would have the energy to come into the office every day. I had just graduated from college, and I felt cheated out of many in-person experiences because of COVID-19. But I discovered that I like to stay home every now and then and work remotely. And I’m not the only one who feels this way; McKinsey research shows that 87 percent of workers who are offered at least some remote work take advantage of that option and spend approximately three days a week working from home. It’s nice to have the choice to work remotely when I need to prioritize my mental health, or in the office when I want to feel social. I’m lucky to have a support system both at home and at work—I’ve grown close to my three roommates and my fellow interns, who are all also young women navigating the work world.Mia gravitated toward flexibility.As someone with an E as the first letter of their Myers-Briggs type (which stands for extrovert, if you’ve forgotten), nothing prepared me for how convenient and enjoyable remote work can be. My commute was more than an hour long each way, and while building personal connections is important to me, when I really need to concentrate, working from home served me best.And during those at-home days, the time I would have spent trekking to and from the office I could spend keeping a hold on work–life balance. Plus, remote work can be a way to improve accessibility. For example, the natural comfort of working from home can be very helpful to neurodivergent individuals. Managers should help create environments that reflect the working strategies of their employees.Though we are all Gen Z interns at the same firm in the same city, we have unique takes on the work experience and are navigating the professional world in our own ways. The bottom line? You can’t fit all of Gen Z in a box—much less a cubicle.

Black beauty brands are setting the foundation for a more inclusive and healthy industry. So why are they underrepresented?

Dress up. Looking to build your office wardrobe? Do something healthy for your planet and your wallet: office-appropriate clothes are out there and recirculating﻿.Reimagining. The new frontier may be in your own backyard—literally. Check out talent experts’ take on the good, the bad, and the innovative when it comes to hybrid work.Your Big Three. Think of it as the sun, moon, and rising zodiac signs of a value-driven organization: addressing three pressing questions can help leaders build purpose.

Looking to the future. The interns of today will be the bosses of tomorrow. Here’s how leaders today can understand and support their Gen Z interns. [Fast Company]Spectrum of opportunity. Remote productivity tech can help make working remotely work for everyone, including colleagues on the autism spectrum. [WSJ]

Search >500 job openings On our Careers Blog, Sarah, an intern in McKinsey’s Risk & Resilience Practice, talks about why she gave McKinsey a shot even when she didn’t want another internship Sign up for our free Careers Blog newsletter or >45 other free alerts and newsletters"
"125","School’s back soon—with a host of problems for Gen Z",2022-08-09,"/~/media/mckinsey/email/genz/2022/08/09/2022-08-09b.html","With August in full swing, back-to-school days are just around the corner. This year, make sure you avoid that last-minute scramble for college-ruled composition books (that is, if you still use paper). Internet ubiquity has already set Gen Z’s education apart, but there’s a lot more to the picture.","With August in full swing, back-to-school days are just around the corner. This year, make sure you avoid that last-minute scramble for college-ruled composition books (that is, if you still use paper). Internet ubiquity has already set Gen Z’s education apart, but there’s a lot more to the picture.   If you’re a Gen Zer who’s 12 …You might not get the chance to learn the same way your global peers do. Half of all kids in the Middle East, North Africa, and Pakistan fail to reach a basic level of learning in primary school. And while the pandemic may have helped speed the spread of learning tech, many places are still recovering from disruptions—in Tanzania, only 6 percent of kids listened to radio lessons, and less than 1 percent studied online. Who’s 15 … Life is tough enough in high school, but students globally are eight months behind where they should be. In the US, high schoolers have become more likely to drop out of school and less likely to go on to postsecondary education. In prepandemic 2020, Gen Zers were expected to become the most well-educated generation ever. Only time will tell if we can pull that off.

Who’s 20 … Maybe you’re finalizing your college major choice. Overall, Gen Zers are increasingly choosing pragmatic fields such as business or healthcare over the humanities, especially as financial woes rise. We’ve also shown we’re more into hands-on learning and want to see what we’ll actually be able to do with our studies. What’s your call?Who’s 25 …You might be considering going to graduate school—maybe the life of a professor is for you? But diversity problems still plague higher education: at US universities, there was effectively no progress from 2013 to 2020 in hiring faculty from underrepresented populations. (It’s not any better for undergraduates either—check out the data here.) If you’re headed back to school soon, good luck—and feel free to let us know at newideas@mckinsey.com about the biggest stresses (or successes!) on your mind.

The pandemic disrupted at least some schooling for the majority of Gen Z—and students in some regions are up to a year behind where they should be.

—McKinsey senior partner Andrew Goodman, on COVID-19 learning loss﻿

It’s about the finish line. Even as higher-education institutions work toward greater diversity, the students they recruit from underrepresented backgrounds might not get the support needed to graduate. Explore the sobering data here—and let’s hope we can turn the tide.Rise to the top. Students at historically black colleges and universities (HBCUs) in the US have an impressive economic mobility rate, with graduates being 51 percent more likely than graduates of non-HBCUs to move into a higher-income quintile.Pick up some fun facts for Day 1. Have you heard of what’s likely the most dangerous spatula in the history of mankind? If not, check out our interactive on the 670,000 pieces of space junk zinging around the atmosphere.

Is it even worth it? China’s Gen Z, despite being the country’s most educated generation ever, are unemployed at rate of 19.3 percent due to a lack of jobs and low hiring—they may in fact be “overeducated” for the labor market. [Business Standard]Work, work, work, work, work. Much was written about lazy millennial teens fleeing the workforce, but Gen Zers are rushing right back in: the teen employment rate in the US is rising unexpectedly quickly. [WaPo]

Raised eyebrows. Gen Zers have less faith in higher-education institutions than their older peers: in a survey, only 41 percent said that they would trust colleges and universities. [HigherEd Dive]"
"126","Gen Z wants to bond with coworkers, but that doesn’t mean we want to follow you",2022-08-02,"/~/media/mckinsey/email/genz/2022/08/02/2022-08-02b.html","So while the complicated lines between work and play keep being redrawn, please don’t take it personally if I leave your follow invite in request purgatory.","Story time: A few years ago, an excited student who got a dream internship used a curse word and named the organization in a tweet announcing the good news. When another Twitter user who the student didn’t know commented on the profanity, the student responded with a profane suggestion. The twist? The commentor worked for an organization related to the student’s prospective employer.  It’s a classic “watch what you post” bogeyman story, but even normal social-media use can be complicated for Gen Z professionals. We’re hyperaware that the “internet is forever,” but we’re also urged to build a digital network or brand and know that much of recruiting takes place online—Gen Z is now the fastest-growing demographic on LinkedIn.

Some of us now maintain a sanitized public profile while turning to closer-knit spaces to socialize—disappearing stories, second accounts just for friends, or apps like BeReal that combine them both. Gen Zers in Asian–Pacific countries report curating social media very, very carefully, and opt to post pictures instead of videos.  Online recon goes both ways, too: 54 percent of Gen Z admitted to investigating their potential bosses on social media before an interview, Fortune reports—looking for signs of a workplace culture they may not vibe with long term. If they don’t like what they see—and 18-to-24-year-olds report flexibility, career development potential, meaningful work, and reliable and supportive people as necessary values—they’re willing to walk for a better fit, especially as the competition for talent remains high.  (Want more? Here’s what other generations value most.) It’s the nature of work these days to be connected across a million platforms, and Gen Z does want to bond with colleagues. But it’s not just swearing that can have consequences—one 25-year-old went viral for claiming that she was fired after posting a TikTok that included her salary figure.

So while the complicated lines between work and play keep being redrawn, please don’t take it personally if I leave your follow invite in request purgatory.

A good company culture is vital because we’ve all seen the effects of burnout—and toxic workplace behavior is the biggest driver of wanting to leave.

Can’t quit your phone? Social media is more ubiquitous than ever, and many people wouldn’t give it up if you paid them—literally. Research that offered cash to give up WhatsApp or Facebook found that many people had a high price tag.

Another kind of space race. While Gen Z likes hybrid work, lots of young people don’t want to work from home five days a week—and a carefully redesigned office space is one way to tempt employees back through the doors. Love, actually. The human brain is predisposed to find love anywhere—one factory worker in a tough gig even gave all his machines names and personalities. But doing a job that we’re truly passionate about kicks off a chemical cocktail in the brain that’s key to long-term fulfillment.

Tick tock, competitors. As their users flock away, social-media sites are launching new features to try to replicate the short-video titan’s success, but is it too little, too late? [New Yorker]When it’s really not you. The FBI has received reports of people using deepfakes—computer-generated videos that look like real people—in their job interviews. [VICE]"
"127","Gen Z is asking ‘YPMPGAS’ when prices are so high",2022-07-26,"/~/media/mckinsey/email/genz/2022/07/26/2022-07-26b.html","If you or a loved one has felt like crying at a gas station pump recently, you’re not alone.","In 1999, the year I was born, a gallon of gas cost, on average, $1.17 in the US. That’s a far cry from last week’s national average of $4.50 a gallon.

Gas prices have increased as a result of inflation and the war in Ukraine, with US record highs last month at $5.03 a gallon. While that’s bad for everyone, inflation hits Gen Z—the lowest-earning generation—especially hard. A little math problem: if you’re driving a car that’s ten years old, you might get about 20 miles to the gallon. If your commute is just ten miles, then at $5 per gallon, you’d be spending $25 a week just to get to work—that’s 8.6 percent of your income for a full-time, minimum-wage job.

(Plus, $5 per gallon is considered affordable compared with costs in other countries: the same quantity of gas now costs a whopping $11.37 in Hong Kong, which has the highest gas prices in the world.)     It’s no wonder that Gen Z has struggled the most when paying off cars this year, according to Fortune. Or that we have the fewest licensed drivers and the lowest interest in car ownership Another big factor for low car ownership among Gen Zers is the popularity of ridesharing; more than 40 million trips are booked on the two largest e-hailing apps every day.Though Gen Z likes to joke about dramatically staring out the backseat window like in a movie—“Where are you headed?” “Home. I’m going home”—we really love ridesharing because it’s easy, there are no parking or fuel costs, and we’re uniquely comfortable paying for access instead of ownership.  And for those cars that do sell, more might be electric vehicles (EVs), which is at least a small upside for the planet. Plus, seeing EV owners gloat with vanity plates like “YPMPGAS” and “NOMOGAS” is kind of funny—though I’ll be laughing a lot more if gas prices drop a few dollars too.

—Sven Smit, senior partner and chair of the McKinsey Global Institute, on the war in Ukraine’s effect on oil prices

Not a flying DeLorean—but close. Flight company Joby Aviation is betting big on air taxis—it plans to use an electric vertical takeoff and landing (eVTOL) aircraft as a flying rideshare service, taking off as soon as 2024.

Pump it up. Need an inflation primer? Check out these seven charts to learn more about how inflation is flipping the script across food prices, wages, and more. It’s not just cars. The price of jet fuel has increased more than 90 percent since the start of 2022—but that might not be an entirely bad thing for airlines.

Can we just meet there? Inflation is also hitting dating hard—with prices rising for everything from gas to transportation to food, it costs more than ever to try and find love. [Bloomberg]

Can I borrow the car? Nearly 30 percent of adult Gen Zers are living at home with their parents to save on housing and food costs, and they have no plans of moving out. [NYT]"
"128","Riding the nostalgia wave: Gen Z is dreaming of the ’80s and ’90s",2022-07-19,"/~/media/mckinsey/email/genz/2022/07/19/2022-07-19b.html","This week, in a #throwback—remember when that was a thing?—to yesteryear, we’re talking nostalgia and Gen Z.","Maybe you’ve seen one of the recent TikTok trends where people post videos flashing back to pictures of their younger selves. This week, in a #throwback—remember when that was a thing?—to yesteryear, we’re talking nostalgia and Gen Z.

Insider (previously Business Insider) says Gen Z brought the ’90s back because it feels “impossible to grow up in today’s economy.”

Old-school trends like drive-in cinemas are making a comeback, and ’80s-themed show Stranger Things is once again turning the internet upside down.

’90s tunes are back, alright. It’s now the most popular decade of music in America—even more than current music, according to Axios.

Nostalgia is big these days—#nostalgia and #y2k both have tens of billions of views on TikTok, and Gen Z can’t get enough of ’90s fashion trends. We’re combing racks for low-rise jeans, and the luxury resale market is surging: it was worth $25 billion to $30 billion in 2020 and is expected to grow by 10 to 15 percent every year for the next decade.    Thrifting fits with both Gen Zers’ style goals and their commitment to sustainability through supporting circular fashion—plus, it takes advantage of the $500 billion to $1 trillion of luxury items sitting in peoples’ closets. And even athleisure (often reminiscent of ’80s workout apparel) is gaining ground.  But the passion for nostalgia runs deeper: into music, trends, and attitudes. Some believe that Gen Z is yearning for a “simpler time”—one that didn’t pose the issues of climate change, rapidly rising inflation, and global unrest. In some places, inflation has doubled projected rates this year, posing a grim outlook for people just entering the economy, and consumers young and old are reacting to the stress of rising prices. Gen Z is also at the forefront of the behavioral-health crisis, as its members report having the least positive outlook on life. So familiarity—like the shows and movies you watched as a kid—can be comforting. When looking ahead seems scary, it can be easier to look backward. Maybe the nostalgia push is just a form of self-care, but at least we’ll go through it with a great soundtrack.

As inflation rockets ahead, causing concerns for the future, many trends are looking backward.

It’s preloved. This episode of the McKinsey on Start-ups podcast talks to the CEO of major secondhand fashion collective Vestiaire on why the clothes of the past are the commerce of the future.

Beautiful future. Sometimes it’s good to look back—blue eyeshadow, anyone?—and sometimes a fresh take is well overdue. Meet the beauty executives (Tracee Ellis Ross, Lisa Price, and more) who are causing waves by catering to the long-underserved Black consumer. Roll credits. Stacey Sher, producer of Pulp Fiction and Erin Brockovich, shares her insights on the future of film (are theaters coming back?) and how to get young people to see movies in person—including her vision of cinemas in 2030.

Juicy details. Here are some of the clever ways brands are tapping into Gen Z’s love for nostalgia, from velour tracksuits to trending ’80s tracks; plus, why the generation is so primed for looking back. [Fast Company]Economic nostalgia. Some Americans are reminiscing fondly on the days of stimulus checks from the early pandemic, as the effects of COVID-19 linger and inflation is rearing its head. [WaPo]"
"129","Will Gen Z sink or swim the sportswear industry?",2022-07-12,"/~/media/mckinsey/email/genz/2022/07/12/2022-07-12b.html","Do you follow a sports team? Ever buy some merch? The NFL’s chief marketing officer said that “if you don’t acquire a fan by the time they’re 18, you’re most likely never going to get them.” A few years ago, execs feared that millennials would be the death of sports fandom—they were largely wrong, but now it’s Gen Z’s turn in the hot seat.","Do you follow a sports team? Ever buy some merch? The NFL’s chief marketing officer said that “if you don’t acquire a fan by the time they’re 18, you’re most likely never going to get them.” A few years ago, execs feared that millennials would be the death of sports fandom—they were largely wrong, but now it’s Gen Z’s turn in the hot seat.

On the one hand, viewership is down—only 23 percent of Gen Z said they’re passionate sports fans.

On the other, sporting apparel is a rare industry that’s seeing real growth postpandemic—global sportswear saw €295 billion ($299 billion) in sales in 2021 and is on track to exceed €395 billion ($401 billion) by 2025.

And despite our lower budgets, Gen Zers are the least likely generation to reduce spending on sports apparel (like jerseys, snapbacks, the pulled-up crew sock, and more) in the face of rising inflation.

Why the sporting splurges? One survey found that 70 percent of younger consumers said their purchase decisions are influenced by social media. We like to engage with other fans, and that’s moved from the sports bar or the stands to online—some brands have created online sports communities to reach Gen Z where they are.

Official sports team accounts on TikTok or Snapchat might repost edited highlight reels or playfully smack talk other teams’ accounts in the comments section. Those efforts have seen big wins, as brands have astronomically grown their followings among Gen Z and millennials.

Many of us like sports; we just follow them differently—and one survey found that respondents aged 34 and under claimed to follow more sports (an average of 6.3 sports) than older viewers.

Plus, while it’s not the same hot-dog-and-Cracker-Jack affair, esports are booming among Gen Z—tournament prize pots can be in the millions of dollars—as are viewership stats. While online versions of sports like soccer or basketball are well watched, it’s video-game-only events like Fortnite that are truly popular.

Only time will tell how faithful Gen Zers are to traditional sports—but the odds are looking good.

Sports-apparel sales stayed particularly strong online despite pandemic-era dips, and the industry was back on track by early 2022.

Constant evolution. Esports are rapidly expanding, with millions of viewers worldwide tuning in to watch fantasy, sports, or battle matches online. And with that comes a lot of opportunity for major brand deals.Don’t compete; collaborate. Actor and former pro football player Terry Crews shares his insights on how to make it to the top—and it’s not only through aggression. Instead, he wants “tough guys” to open up to succeed.Try something new. Bill Osborne, outgoing president of New Zealand Rugby, shows you can have it all—he was a star player with the All Blacks who also struck it big in business. He shares how his Maori worldview (and his in-game strategy) taught him leadership on a global stage.

Show me the money. Now that college athletes in the US can make their own brand deals, a few have signed deals worth seven figures, and some with smaller followings are turning to platforms that award small payouts per post. [WaPo]What a journey. Ever wonder how it became popular for fans (not just the people playing) to wear jerseys to games? Here’s a great throwback article on the history of the commercial jersey. [Sports Illustrated]

"
"130","Where does Gen Z get their news?",2022-07-05,"/~/media/mckinsey/email/genz/2022/07/05/2022-07-05b.html","Where do you get your news? I get mine from a whirlwind of my favorite digital-newspaper home pages, a couple of podcasts, and the clickbait headlines from my feeds. And of course, push notifications sharing all the news that’s fit to blast.","Where do you get your news? I get mine from a whirlwind of my favorite digital-newspaper home pages, a couple of podcasts, and the clickbait headlines from my feeds. And of course, push notifications sharing all the news that’s fit to blast.

These days, we’re more connected than ever—Europe has gained 100 million digital users since 2019, 80 to 90 percent of people in the Middle East have a smartphone, and the US is spending $100 billion to bring access to high-speed internet to every household—so it’s no wonder Gen Z expects instant updates on news and culture.

Surveys have found the following:

At least 50 percent of Gen Zers﻿ see news on social media daily.

Up to 15 percent of people aged 18–24 regularly get their news from TikTok.

Of teens who follow news, 66 percent say they get most of it from push notifications.

Gen Z news isn’t just cold, hard facts; it includes quick briefings and video spoofs that play on current memes. The internet has changed how sources spread stories﻿, because the audience is networked too—a lot of the news you consume might be what your friends decided to repost.     (Our emotional responses also shape how we share: while the bad news gets blasted on major channels, more positive news is often passed from person to person.)  Gen Zers also see a difference between the news and news: the news is serious business, while news can be the latest on the Pete/Kim romance or cool science facts. While 39 percent of people under 24 prefer to get the news from social media, 34 percent seek out trusted news sites or apps when it comes to current events.Gen Z was raised on free news, but some of us are still willing to pay for local or quality stories—especially when they’re accompanied by great visuals or a smooth app experience. We may have short attention spans, but we’re still paying attention when it matters.

—Former New York Times CEO Mark Thompson

Breaking news down. Print newspapers have long been in hot water—here’s the inside scoop on how the New York Times﻿ turned its profit goals into subscriptions as it aimed to become the first “general-interest, premium news provider.” (This is one of my favorite McKinsey interviews ever.)

Check the forecast. At the start of 2022, top media personnel from around the globe predicted what we’d see more of this year—including debates on free speech online, hybrid-work controversies, and rising inflation. Halfway in, how are they doing? (And don’t miss the edition focused on headlines in Asia.)Arts, entertainment, and … data? The ways we tell stories are getting more complicated—MIT’s Deb Roy breaks down “truth decay” and training AI to predict media habits using 100 million retweets.

You’re on New York time. New York City is the most connected city in the United States, and 21 percent of foreign visitors include the metropolis in their itinerary. The pandemic was dire for the tourism industry—and bringing visitors back to the concrete jungle is critical for a full recovery.

The personal brand is dead. Lots of Gen Zers are no longer into the whole social-media fame thing—for those embarrassed by look-at-me culture or worried about public social-media doxxing, retreating into private, nameless spaces or anonymous accounts provides an escape. [The Atlantic]"
"131","Making start-up magic: Will your company be the next unicorn?",2022-06-28,"/~/media/mckinsey/email/genz/2022/06/28/2022-06-28b.html","Welcome back—while some start-ups have seen their growth slow in recent months, the prospect of a billion-dollar idea still has a hold on Gen Z.","Ever had a great idea for a start-up? Well, it’s time to get it out of your notes app and make it a reality. More than a thousand start-ups have hit “unicorn” status (cheat sheet: that generally refers to start-ups valued at $1 billion or more), and up to 62 percent of Gen Z has expressed interest in starting their own company. Here are some bite-size takes on start-up success while you work on your own golden-ticket idea.

Who do you have? Pakistan has the fourth-largest Gen Z and younger population in the world, with a median age of just 22. What do you get with a young, English-speaking crowd that’s also tech savvy? A country primed for start-up success, with many businesses growing fast on increased venture capital flows.

What gap can you fill? The founders of Middle East ride-sharing app Careem—now part of Uber’s holdings—saw an opportunity to empower women. They heard there were upward of 2.5 million women in Saudi Arabia who wanted to work but didn’t have reliable transportation—and filling that gap helped drive growth too.

How can you generate green (of all kinds)? Sustainability start-ups are making waves by scaling climate tech. One company, PsiQuantum, even plans to use quantum computing to tackle global warming.

What can be done better? Ever dealt with a project that required a lot of manual work and thought, “There’s got to be an easier way”? You’re not alone. One founder in a similar situation used it as inspiration—and built a software company that racked up an $800 million valuation.

What success can you replicate? If it’s not broken, don’t fix it—consider modeling your approach on one that’s already working. Analysis of the top 1,000 European tech start-ups unearthed four winning approaches:

network plays, where offerings become more valuable as they gain users (for example, food delivery service Deliveroo)

scale plays, which achieve early sales growth to reach critical size (such as music platform Spotify)

product plays, which prioritize superior products or outstanding customer experiences (for instance, fintech N26)

deep-tech plays, where the focus on cutting-edge research and development can commercialize scientific breakthroughs (for example, air mobility company Lilium)

You can color outside those lines, but they’re a good place to get started … up.   Want more? Explore a list of 15 unicorns started by McKinsey alumni.

Start-ups can have big impact beyond their doors: more take-off in Germany could create more value—and many more jobs.

Improvise, adapt, overcome. There are tons of old-school management techniques that make up “how we do things” in business. But author Roger Martin argues that it’s time to throw out the playbook as those rules start to crumble.

Let’s get meta. A great arena for start-ups: the metaverse, which has the potential to create $5 trillion in value by 2030. Are you ready to navigate all ten of its layers? Keep summiting. Silicon Valley’s Marc Andreessen explains the two modes of tech: you’re either wandering around in search mode looking for new problems, or you’re in hill-climbing mode, tackling those solutions. As smartphones plateau, what’s next? (Plus, he talks about AI, crypto, Web3, the downside of a Harvard MBA, and more.)

Wolves of Wall Street? A study shows that the vast majority of Gen Z in the US say they believe they’ll be wealthy one day—72 percent, despite the threat of inflation, recession, and more. Older generations aren’t so optimistic. [TheStreet]

My starting salary is … One of the biggest questions for a start-up founder: What are you going to pay yourself? The salaries that the big cheeses take home can be telling about the health, wealth, and long-term goals of the start-up. [NYT]Not all rosy. Despite the past years’ upward hiring trends, things are changing as the economy continues to struggle—for example, some major tech companies are eliminating positions, leaving recent grads scrambling. [Reuters]"
"132","Here’s why it’s a good thing that ~25% of Gen Z is looking to leave their jobs",2022-06-21,"/~/media/mckinsey/email/genz/2022/06/21/2022-06-21b.html","Welcome back! Have you seen the memes of employers asking for ten years of experience for an entry-level job? It’s funny because it’s true.","Few entry-level workers expect their first job to be their forever home—there’s no more “get a job out of college and stay until retirement.” Gen Z is already infamous for its cunning job hoppers, but making a jump can be one of the best tools you have at your disposal.

That’s backed up by our new report, which found that there’s nothing more important to your salary than experience—it can be responsible for a whopping 40 to 60 percent of your total lifetime earnings 🤯.

What jobs have you held so far? Folding grandpa cardigans as a retail clerk might have taught you customer service and saintlike patience, lifeguarding might have given you leadership skills, and in your first postcollegiate job (shameless plug: maybe with us?), you might learn budgeting and project management … you see my point. It’s the whole tool kit that matters, and you’re the sum of all your parts.

That’s why bold career moves can help in the long run as you stack your résumé’s skills section. They’re useful in the short term, too: one 25-year-old more than doubled her salary by switching jobs every year and a half since she graduated.

No wonder around 25 percent of Gen Z say they’re hoping or planning to leave their job within the next six months.

While more than 80 percent of role moves are to a new company, there are more options than simply abandoning ship—you could advocate for new responsibilities at your current job or apply for a promotion or role switch within your company. Sure, it’s intimidating to ask to take on more when you don’t have the prior experience, but it can be a win for your company too. Organizations benefit from retaining employees who aren’t afraid to step up and from having a highly skilled workforce, which can come from giving more employees opportunities to learn and grow.

We’ve found that the most upwardly mobile people make bold moves frequently. So be brave and ask your boss for that new opportunity—you’ll be glad today, tomorrow, and long down the line.

Workers are in a great position, and they’re seeing wages rise—in some cases, doubling rates from before the COVID-19 pandemic. Is it time for you to make a switch?

—McKinsey partner and talent expert Bryan Hancock on the rise of worker power﻿

Making the move. Acha Leke, a senior partner and chairman of our African region—now known as “the most connected person in Africa”—made a career move of his own when he chose to relocate to South Africa at a time when “nobody was moving to the continent.” Here’s how he used purpose to carve his own path.

The employer POV. When workers bail out for better jobs (or just to not be doing that job), it can leave a big gap behind. To lure talent back in, employers need to adapt to offer more pay, provide flexibility and work–life balance, and rethink their hiring strategy.

‘Gen Z does not dream of labor.’ Rather than buying into the rat race, many members of Gen Z are choosing lives that allow them leisure time to pursue their passions. There’s no “dream job,” because a job isn’t the dream—it’s just a way to fund the things that are. [Vox]

See you later. One survey finds that around 25 percent of Gen Z workers say they were hoping or planning to leave their current job in the next six months—to grab pay bumps or new experiences. [LinkedIn News]Don’t be that person who doesn’t call. Employers are losing talented candidates (who are sorely needed in today’s market) because of annoying hiring processes or slow response rates: 62 percent of candidates say they lose interest after an interview in two weeks if they haven’t been contacted. [Harvard Business Review]

On our Careers Blog, Yukiko, a partner and recruiter, shares how she holds the door open behind her for the next generation of great talent ﻿

﻿Sign up for our free Careers Blog newsletter or >40 other free alerts and newsletters ﻿﻿"
"133","‘Revenge travel’: Last year’s hot vax summer didn’t pan out, but Gen Z is ready to hit the road",2022-06-14,"/~/media/mckinsey/email/genz/2022/06/14/2022-06-14b.html","Welcome back—this week, we’re talking about vacations. Bon voyage, everyone.","Grab your passport, your noise-canceling headphones, and your bucket hats: the second coming of “revenge travel” is upon us. These lavish vacays, taken to avenge travelers’ canceled pandemic-era trips, are filling up airports, hotels, and attractions with people eager to spend on once-in-a-lifetime trips. While jet-setters coined the term in the past few years, revenge travel is seeing even stronger projections for 2022. A renewed focus on customer experience could also bring back some of the magic of travel. That’s a relief for airline execs: the industry suffered major financial losses in 2020—an estimated $168 billion—and flights aren’t expected to rebound to 2019 levels until 2024. Business travel may never return to what it once was, as digital workspaces and video calls are eclipsing the need to fly to collaborate.

One area that wasn’t hurting: air cargo airlines, aka the people delivering your new low-rise jeans (they’re back). Online commerce spurred an increased demand for air delivery that’s still strong.

But while you’re sipping Dirty Shirleys (or a fabulous mocktail) or trying to win a lottery to hike in a national park, don’t forget travel’s impact on the environment. Aircraft emissions prepandemic accounted for up to 2.5 percent of all emissions worldwide.

Cutting down on those emissions will be important to reaching net-zero goals. Some of that’s in customers’ hands: travelers still prioritize price over sustainability, but many would pay a little more for carbon-neutral tickets. Young people, citing climate anxiety, are especially ready to pay that premium. Others plan to travel less to keep their impact low—some even report “flygskam,” or shame about flying.

The rest of the work falls to the aviation industry, for efforts such as investing in sustainable fuels or prototyping fuel-efficient aircraft. Here’s hoping that the next few years see those efforts … take off. Safe travels if you are setting out. Planning a big trip, or just back from an adventure? Tell us about it at newideas@mckinsey.com.﻿

VISUALIZE IT

Airline economics weren’t perfect before COVID-19—many airlines were reporting big losses even before the pandemic came to town

Watch that shift. Although the desire to travel fluctuates in China, the dips tend to rebound quickly, especially among Gen Z and the country’s aging Silver Generation, both of which have become a major travel market segment there. Young people are more likely to book online, often after seeing travel videos that inspire their trips.

Free solo your own life. Even if you don’t have the internal fear-processing center of the daredevils who climb huge cliffs without ropes, you can still work to overcome the anxiety of innovation. Here’s how you can stop relying on someone else to push things skyward. A quantum leap for climate. Quantum computing, while in its infancy, offers amazing potential in the fight for decarbonization. Without major innovation, we won’t hit climate goals—but quantum computing might solve some of the “unsolvable” problems slowing us down.

Fly now, pay later. In the US, young people desperate for revenge trips are more likely to splurge or take on debt to fund travel or experiences than their older peers are, even as costs rise. [Bloomberg]

Looking for a dream job? Gen Zers say they want careers that are driven by a strong mission—but financial worries such as inflation and student loans are putting do-gooding on pause. With the cost of living polling as Gen Z’s number-one concern, many are choosing security before purpose. [WSJ﻿]Don’t get hooked. Many social-media apps capitalize on addictiveness, using easy dopamine hits to keep users scrolling for hours. But amid criticism of that approach, daily apps such as Wordle, BeReal, and more limit how much time you can spend on them, creating anticipation instead. [ThePrint]"
"134","What do Gen Zers in Asia want?",2022-06-07,"/~/media/mckinsey/email/genz/2022/06/07/2022-06-07b.html","Welcome back! This week, we’re looking at the buying, digital, and digital buying practices of Gen Z in Asia.","Have you heard of China’s “moonlight clan”? They’re a group of Gen Zers who consciously spend their entire monthly salary over the course of a lunar cycle. So, they’re effectively living paycheck to paycheck—willingly.

These consumers tend to be more impulsive, choosing to splurge rather than save because they’re confident that more money is on the way. And they’re not exactly wrong: China’s Gen Z grew up during a period of massive growth—the fastest sustained expansion of a major economy in history. And while China’s growth may be slowing, it’s far from screeching to a halt.

It’s a similar story for other countries in the region. They have not quite matched China’s manufacturing-based boom, but rapid economic growth has helped shape their Gen Z’s culture and tastes.

Asia–Pacific Gen Zers often care about:

Personalization. This means one-of-a-kind products as well as tailored services. Personalization applies to social content too: Asia’s Gen Z voraciously consumes video content on their unique feeds, averaging six hours of phone time per day.

Spontaneity. Spenders might use buy-now-pay-later services to splurge, indicating a relaxed attitude toward racking up some debt.

Sustainability. Consumption is on the mind—China’s secondhand market has doubled since 2016 to $145 billion—but so is deal hunting. While Gen Z wants ecoconscious products, those products might not beat out a lower tag at the till.

Brand power. Individual style remains vital—but not at the expense of the clout that comes from recognizable logos.

Ease of use. “Superapps,” which blend lots of functions into one, are huge across South Korea, India, and other countries in the region. And services with a metaverse mindset—like Indonesia’s by.U, a wing of telecom giant Telkomsel that reinvented itself for Gen Z—have seen big success.

Connectivity. Word of mouth from friends, family, and online reviewers—especially via product recommendation videos—plays a big part in purchasing.

And yet … Gen Z also wants privacy. Seventy-five percent of Japanese Gen Zers in our 2020 survey said they felt that others overshared online, and 49 percent said they were worried about their personal data. That’s part of why their social media is carefully cultivated.  In just three more years, Gen Z will make up a quarter of the Asia–Pacific region’s population, and by 2030, one out of every two transactions in the world will take place in Asia. Of course, there’s variation by country, region, and more, but all told, Asia’s Gen Z is often on the upswing of economic mobility as the area expands. Who knows what else will change as our generation grows? (Probably not our screen times.)

While pandemic shortages were the biggest reason why customers in Thailand and the Philippines tried new brands of goods, readiness to swap is a growing Gen Z trait as well.

K-pop and containers. Asia is key to the future of commerce—explore our glossy feature on the history behind its economy and where it’s headed in the coming years (music snippets included).

Get versed in meta. Metaverse-related companies raised $10 billion last year, and the total industry could be worth trillions. Don’t miss a primer on how meta is changing marketing, the Gen Z gaming tailwind, and some great elements that (at least help) answer “What is the metaverse?”

Looking inward. Growing nationalism in China has led young people to ditch major Western retailers that come under controversy in favor of buying in-country. That trend can be seen in clothing, sneakers, cosmetics, and more. [Bloomberg]

Art of the deal. China’s Gen Z art collectors are making a big splash, dropping hundreds of thousands of dollars on items like sneakers and skateboard decks, and challenging the art world’s status quo. [WSJ﻿]May the likes be with you. One Gen Z influencer’s essay on monetizing her Baby Yoda TikTok account provides a fascinating look into the online influencer economy. Even if you go viral, can you keep the views coming? [WIRED]"
"135","Should Gen Z care about Davos?",2022-05-24,"/~/media/mckinsey/email/genz/2022/05/31/2022-05-31b.html","Welcome back—this week, we’re talking Davos.","Welcome back—this week, we’re talking Davos.

Who can forget Greta Thunberg and her impassioned speech about the climate crisis a couple of years back? That all happened at the 2020 World Economic Forum (WEF) Annual Meeting held in the Swiss mountain town of Davos—just before the pandemic upended the idea of business as usual. Last week Davos saw its first in-person meet since 2020, in a whole new world that’s still reckoning with many of the same old challenges.

The theme for 2022? “History at a turning point: Government, policies, and business strategies.” Many industries have seen dramatic shifts in the last few years, and everyone from Greta (not in attendance this year) to climate scientists can tell us we need even more change coming down the pike to create a sustainable, inclusive future. The big issues on everyone’s minds:

Global cooperation. Amid the war in Ukraine, people are watching how the conflict and related disruptions are changing the world. Leaders are looking for ways to soothe those tensions to focus efforts on helping where it’s most needed.

The climate crisis. Our generation is subject to high degrees of “eco-anxiety”—and we’re not alone. Everyone’s looking for ways to understand the net-zero transition and protect the planet.

Inflation, the supply chain, and operations. Inflation’s rise is a big story, and even if it’s not hitting you in the wallet, many leaders are reckoning with how to tame it. Bolstering supply chains and operations more broadly are crucial too.

Resiliency. In collaboration with the WEF, we launched the Resiliency Consortium—a supergroup of people working to improve our ability to respond to challenges such as the energy transition, healthcare availability, and racial inequalities in an ever-changing world.

Youth and the future. What about us, you say? Leaders at Davos want to hear from younger generations; the conference included panel discussions that tackled youth mistrust, growing up in the pandemic, and young people’s perspectives on global issues. The world is looking for Gen Z voices, and there’s room at the table to make yours heard.

This year’s climate focus stood out: there’s no time to wait when it comes to the net-zero transition. And a final thought: we asked McKinsey leaders to reflect on previous Davos experiences. One mentioned that the issues are often discussed more than the solutions—here’s hoping this year can be a turning point for that too. Explore our landing page for more on the ideas discussed at last week’s event.

—Senior partner Bernd Heid﻿ on the world watching what leaders are saying at Davos and beyond

Do world leaders see a gloomy forecast for the economy? Geopolitical instability is the top worry on execs’ minds looking into the next few months.

Ditching the carbon. Former politician and COP26 leader Claire O’Neill said politicians can leave climate conferences thinking, “Thank God that’s over,” but corporate leaders are feeling the heat﻿ for real change.

Working together. Mathematician and technologist Anne‑Marie Imafidon shared her vision for democratizing technology—yes, I’d rather not end up in a real-life dystopia.

Rebounding on trade. World Trade Organization Director-General Ngozi Okonjo-Iweala laid out how trade will shift in coming months and how the postpandemic recovery is an opportunity to increase inclusivity.

Increasing anxiety. Studies show that climate anxiety is on the rise, especially among young people: half of respondents in one ten-nation survey said that feelings about climate change negatively impact their daily lives. [Yale Environment 360]

Bearing the burden. The inflation battering the economy is hitting Gen Z especially hard: with the higher costs of living, student loans, and lower salaries, we’re bearing the costs without the assets to ride out the storm. [Bloomberg]"
"136","A grad’s guide to the new world of work",2022-05-24,"/~/media/mckinsey/email/genz/2022/05/24/2022-05-24b.html","It’s graduation season! You may be tossing your cap and doing champagne-spray photoshoots on your favorite campus steps, but soon you could be starting your first professional job. That’s why we’ve got The Graduate’s Guide to the World of Work, a first-stop destination for making sense of the world you’re entering—curated by the Gen Z folks here.","It’s graduation season! You may be tossing your cap and doing champagne-spray photoshoots on your favorite campus steps, but soon you could be starting your first professional job. That’s why we’ve got The Graduate’s Guide to the World of Work, a first-stop destination for making sense of the world you’re entering—curated by the Gen Z folks here.

You might not have been keeping up with the latest job trends with all the papers and exams (and grad parties …), or you might just not know what you need to know. That’s why we’re here to help

The guide has answers to questions like …

How have workplace dynamics changed over the past few years?

What challenges is the world facing—and what are we doing to fix them?

What do I do if I mess up as a junior employee?

There’s a lot of great stuff in there—navigating tricky office politics, working smarter instead of harder, and all the insights you need to seem like the sharpest new recruit from Day One. Here are my three don’t-miss picks:

Top business leaders detailing the tech trends that will define 2022. Not in tech? It’s still worth the read—those lines are getting blurrier as digital disruption prevails.

Our My Rookie Moment selections. There’s nothing better than top leaders telling stories of their own entry-level missteps—ah, schadenfreude—and the invaluable advice that took them to the high-powered positions they hold today.

An interview on forgetting about work–life balance. No, not like that—a CEO reminds us, “There is just life. And your work is part of life. That’s it.” You can’t dazzle your new bosses if you’re not seeing your well-being as valuable too.

Entering the workforce full-time can be both thrilling and terrifying, and even if it takes you a while to find your feet or you take a roundabout path (I did), congratulate yourself on how far you’ve come—while you get ready for what’s next.  If you’re starting a new job or are a recent grad, what are you looking forward to? Let us know at newideas@mckinsey.com.

—Partner Tiffany Burns on finding her voice and speaking up as a junior employee, part of our My Rookie Moment series.

Despite the successes, students worldwide are lagging behind where they need to be postpandemic. So how can we get everyone to graduation?

Seeking new perspectives. Students in the Middle East, North Africa, and Pakistan are facing high unemployment and limited job prospects—how can higher-education institutions transform to meet their needs?

Learning new tricks. Learning moved online in many places over the course of the pandemic—will those digital lessons stick? Tune in to a podcast on the future of the multibillion-dollar education technology industry.

TikTok 101. A few top US universities offer classes that teach aspiring social-media superstars how to cultivate an online presence. Some student influencers have hundreds of thousands of followers—would you take “the TikTok class”? [Bloomberg]

Mind the … gap? More than 130,000 new high school grads took a gap year for the 2020–21 academic year, and deferred enrollment is on the rise as schools tighten admission gates. [WSJ﻿]$1,900+ for an NYC studio. One of the biggest problems for new grads: surging rent prices when you’re on an entry-level salary. A median-price apartment is now out of reach for the typical recent grad; how many roommates is too many? [WSJ]

On our Careers Blog, Marta, a recruiter who began as a fully remote intern, has helped increase women’s representation while recruiting from campuses and beyond﻿"
"137","No hybrid option? Then Gen Z might quit",2022-05-17,"/~/media/mckinsey/email/genz/2022/05/17/2022-05-17b.html","This week we’re talking hybrid work—is it the best of both worlds?","This week we’re talking hybrid work—is it the best of both worlds?

Much of Gen Z has never known a workplace that wasn’t flexible, and it looks like hybrid work is here to stay. It’s popular overall, but young people are especially attached: workers 18 to 34 years old are 59 percent more willing to walk than older colleagues if it’s taken away.

Once you’ve had the sweet, sweet taste of working in your jogger set from your couch, it’s hard to give it up. Plus, having no commute can mean a better work–life balance, something workers are looking (and looking elsewhere) for.

These new views on flexibility might require employers to relax where, when, and how work gets done—does it really matter if the person did their work at their desk or a coffee shop, as long as they made their EOD deadline? Four out of five hybrid or remote workers say that having control over how work is completed was a reason they took their current job.

We’re still looped in all the time: your coworkers are only an email or a virtual meeting away. Or a DM. Or a text. Or a call …

Still, it’s not all thumbs up for employers: rolling out the virtual welcome mat and helping new coworkers feel a sense of belonging can be difficult, and harmful “in group” and “out group” dynamics can crop up. Real inclusion is hard enough, and creating a better company culture without everyone in the same room is a work in progress.

Offices are evolving, looking toward the future, thinking about new—and different—talent, and just taking in Gen Z’s new vibe: we’re often less formal, look for personal investment from our bosses, and question the status quo. Having a hybrid work option goes on that list too.

In the US, workers have left jobs with uncaring bosses, unsustainable expectations, or no growth opportunities and gravitated toward those with workplace flexibility.

“I think it’s a unique opportunity for employers to say, ‘We see you. We hear you. And we understand what’s going on, and we want to meet you there.’”

Missing the mark. Does your boss focus only on the numbers? What seems like strategy can quickly become “a toxic mess of wishful thinking combined with a jumble of incoherent policies,” according to management thinker and author Richard Rumelt. Here’s how to … not do that.

Fixing the problem. Diverse organizations are key for business, but inclusion is something that needs to be nurtured—it’s not a box you can just check off. So how can real change come about? A new podcast episode dives deeper.﻿

Refreshing for the future. The founding director of the Harvard Center for Public Leadership thinks it’s time for his baby boomer generation to pass the baton to young leaders in business and public service.

Catch a vibe. Gen Z is ditching uncool emojis (tip: a quick laughing react can be 💀; avoid 😂 at all costs), asking to leave when they’ve wrapped up work for the day, and boldly proclaiming their values—making older workers ask, “What is going on?” [NYT]

For what it’s worth … A full 96 percent of Gen Z workers say it’s important that they feel valued in the workplace, and 79 percent want a manager who’s invested in them personally. That can be a big change when it bumps up against company culture. [Forbes]

Coworkerzoned. Want insight into how younger colleagues think about their work and their personal identity? Check out this Gen Z worker’s take on why young people aren’t looking for friends at the office—it’s part of decentralizing the workplace from your life overall. [Boston Globe]

Check out 500+ job openings"
"138","Playing the Gen Z game",2022-05-10,"/~/media/mckinsey/email/genz/2022/05/10/2022-05-10b.html","Welcome back! This week, we’re talking games and gamification—what’s your favorite?","There’s no denying that Gen Z loves games. As one of the first generations to grow up with modern computer gaming, we know it’s here to stay—and now 70 percent of people under 25 prefer spending time gaming over watching videos.

The game industry is growing fast, and its digital worlds of cowboys, cute pastel animals, grand larceny, and more have drawn in almost three billion players and exceed $300 billion in value. Esports are picking up steam, often due to sponsorships or streaming, and a Microsoft exec said that gaming is “the most prevalent and fast-growing form of media on the planet.”

Beyond consoles, the Wordle craze is part of a wave of quick phone games with a social aspect. The cultural component is huge. People want to connect with each other (and—more important—I want to show off in the group chat).

The trend of “gamification,” or adding game elements into things that didn’t start out as games, is also on the rise:

Getting real on social media. Gen Z’s current favorite app, BeReal, prompts users to take two pictures and post them at a random time. It ditches filters for “real” pics, but it’s also a race to post within the two minutes the app gives you to share your snaps.

Going on the prowl. I love combing through racks of thrifted clothes, in part for the thrill of the find—and that works online too, as gamification encourages customers to check back to online stores frequently for the chance of scoring a steal. The fashion industry is stepping into gaming ecosystems elsewhere too, with brands like Gucci teaming up with online platform Roblox.

Watching an IRL health bar? An Icelandic health start-up interjects game elements into all its programs, including a special one for COVID, using the same dopamine rush games give you to get you involved in your well-being.

Booking a flight. Gen Z is huge on experiences, and the 65 percent (me included) who said they hoped to take a big vacation in 2022 are another win for gamification. Frequent-flyer programs are using tiers and points to keep customers booking, and even to encourage greener behavior.

Change the play. NFL-player-turned-actor Terry Crews chatted with us on how he redefined what it meant to be tough, and how collaboration on shows like Brooklyn Nine-Nine became more rewarding than competition.

Think like a lean, green machine. Sustainability start-ups that move quickly and boldly are changing the game on how organizations should go green. If you don’t adapt, you might get left behind—here’s what to learn from the start-ups on the edge.

Cut materials, not calories. With inflation and supply chain issues, manufacturers are turning to “skinny design”—a diet for their packing materials, not their people, as they shrink box size to lower costs. It’s often good for the planet too.

Rather than looking outside the company, execs are leveling up their employees by training them on needed skills.

“I remember telling him why he should switch his search engine from Alta Vista to this new thing called Google.”

Leaders need our insights too. As much as you might lean on senior colleagues, they can learn from you about what’s coming next. What can you teach your own boss? (And, yes, I searched up Alta Vista too.)

Our My Rookie Moment series offers more wisdom from leaders on what they learned when they were our age.

Try Solve, an assessment game that helps McKinsey find great new talent

Search 500+ job openings"
"139","Gazing into the future of space",2022-05-03,"/~/media/mckinsey/email/genz/2022/05/03/2022-05-03b.html","May the 4th be with you tomorrow for #StarWarsDay! This week, we're looking to the (real) future of the space industry. Sadly, wookies are not on the agenda.","May the 4th be with you tomorrow for #StarWarsDay! This week, we’re looking to the (real) future of the space industry. Sadly, wookies are not on the agenda.

Put away your telescope: the future of space isn’t far, far away. Who’s in for a Mars happy hour in a few decades? While the US remains the epicenter of space activity, about 70 countries have established space agencies, and private-company spending reached an all-time high of $10 billion in 2021.

(Want to see the space-funding data for yourself? Explore our interactive map.)

So where is all that money going? Here are just a few places:

Space tourism. The first rocket thrill seekers went up years ago, reportedly for $20 million a pop. While the price tag has come down to six figures, the current experience is “like a very expensive roller coaster,” one expert said—there’s not really that much to do. Expect to see that event schedule expand in future years.

Are ‘made in orbit’ product labels coming? A Lockheed Martin exec said that we’re moving into “space for space” ventures that create and exchange value off-planet, rather than only benefiting Earth activities. That includes producing goods in space using materials from space (which 3-D printing will be a big part of).

Above-and-beyond reach. Right now, 60 to 70 percent of space company funding goes to low-Earth-orbit ventures, including tourism, space stations, and the satellites that enable quick communications. But “lunar and beyond” missions are getting more of the pie—read the article to find out where the rest of the funding goes.

The view from above. While space contains vast opportunities, it can also improve life on Earth. Satellites can tell farmers how to improve their crop yields, and we’re looking toward a future with global satellite-enabled internet. And if you’ve ever swapped your shoes because of a rainy forecast, you may already be benefiting from satellites that accurately track weather.

More chores. Space is infinite, but our orbit isn’t, and new launches only add to the 27,000 pieces of space junk (and counting) hurtling around up there. Collisions can be catastrophic. Time to finally take out the celestial trash?

New neighbors? A satellite data company exec said he thinks we might identify other life in the solar system by 2030. That might mean just the potential for a place to support organic matter, but hey, I’ll take it.

Private companies have become more involved in the future of space, including the space tourism push.

Meet in the middle? Employers are looking to get workers back in the office, but their employees aren’t exactly thrilled. Hybrid work is a major opportunity to advance diversity, equity, and inclusion aims—but it’s a delicate balancing act that’s still in development.

Green machine.  More than $2 billion has been invested in sustainability-themed start-ups since 2018, and Asia alone could see a tenfold increase in start-up activity in the next three to four years. (That’s a lot of potential to be the next big thing.)

Tech talent tectonics. Tech skills are in hot demand, and in Germany 780,000 additional tech specialists will be needed by 2026. But 87 percent of senior execs think their companies aren’t ready to address the skills gap. Are you part of the solution?

Office? No thanks. A survey found that 71 percent of 18-to-24-year-olds said that they’d look for another job if their employer insisted on them returning to offices full time. [Business Insider]

On the ups. Class of 2022 graduates are set to earn more in their first job than any of the last three graduating classes, and companies are snapping up more new degree holders this year than they hired from the class of 2021. [Fortune]"
"140","How to hack your unproductive workplace",2022-04-26,"/~/media/mckinsey/email/genz/2022/04/26/2022-04-26b.html","Welcome back—this week, we’re talking productivity hacks. Stick around to the end or you’ll miss how to “bake bread to hire homies.”","Welcome back—this week, we’re talking productivity hacks. Stick around to the end or you’ll miss how to “bake bread to hire homies.”

Ever been sitting in a meeting, iced macchiato sweating away in front of you, trying to keep that nice smile plastered on your face aimed at the webcam while your brain repeats, “This could have been an email?”

You’re not alone. There are a million ways to catch up with your coworkers digitally, but it’s easy to get lost in a sea of instant messages, video chats, emails, and more. No wonder “interacting is easier than ever, but true, productive, value-creating collaboration is not.” While we’re all getting used to a new normal, or likely our first normal, it can pay off to hack the way we work.

You might not be able to transform your workplace, especially as a junior employee—though we love a Dead Poets Society moment—but here’s a cheat sheet to weaving through that logjam to get ahead.

You shouldn’t always go along. Conformity isn’t a recipe for success, and trying to fit in can be bad for you professionally. “Collective illusions” happen when you think “everyone” thinks something, but everyone’s just playing along. If everyone jumps off a cliff … well, I’ll spare you, but productivity is lost when you have to recalibrate later.

Brainstorm before, not during. That same collective illusion can suppress new ideas—so jot down a few thoughts before the meeting.

Be well, do well. Work and life don’t have to be at odds to be balanced, and high stress keeps your brain in a fight-or-flight state. A boom-and-bust curve with high highs and low lows in productivity might be the status quo, but taking a step back to work on the performance curve instead might get better results.

Use ‘nudge theory.’ Sometimes a small push in the right direction can go a surprisingly long way in creating results. Nudge yourself by setting an arbitrary time to start work, or nudge others with an invite to “follow up with me next week.”

Learn better with a 3×3×3 approach. If you’re new to an industry or company, there’s a lot thrown at you at once. Supercharge your learning with this approach:

A defined number of immediate goals—what new things are you trying to conquer?

A defined group to support you—who can you go to with questions and to clock your progress?

A defined time period—as in “by the end of the third month” instead of “whenever it happens.”

We suggest three goals, three people, and three months (not to mention that this is perfect for your self-evals).

Be human. Ditch facades and speak honestly about your ideas and experiences. Good collaboration can go sour when you’re trying to play a part rather than push forward.

Make it snappy. Execs are moving to shorter meetings of 15 to 30 minutes, and some companies are trying things like “No Meeting Wednesdays” to promote creative thinking. Before scheduling a meeting, or deciding to join one, maybe ask yourself: What’s this meeting for? Can I shorten it? What’s my role? Do I really have to be there? How you answer could save you, and others, a lot of time.”

Take care. I hope this one goes without saying. With 42 percent of global employees experiencing burnout during the pandemic, the best way to keep getting things done is to keep yourself afloat.

Women are still feeling the brunt of burnout in the workplace—especially when those women are in management or leadership positions.

Eyes on the future. Over the next two decades, 127 million young people will enter the labor force in the Middle East, North Africa, Afghanistan, and Pakistan. How can ﻿their potential be unlocked?

Wait, who’s learning here? Data analytics and machine learning could be a major help at higher-learning institutions—one US university is using them to predict at-risk students and intervene early. With the program, the graduation rate increased five percentage points in only two years.

Two Americas. One man spent decades as an exec before pivoting to helping rehabilitate gang members—and there’s a lot to learn on both sides, including how to “bake bread to hire homies, not hire homies to bake bread.”

The ‘why’ matters. A survey found that 62 percent of UK Gen Z would stop buying from a brand that didn’t meet their values, and 88 percent are interested in a brand’s purpose-driven work (especially via social media). [Attest]

When do we want it? A poll showed that addressing climate change is top of mind for 84 percent of teens. That includes their own sustainability efforts, as well as calling for corporations to take action now. [Axios]

No cash, no card. Only 55 percent of eligible Gen Z spenders have a credit card, and some may be turning to “buy now, pay later” programs to build credit. Meanwhile, 38 percent have opened investment accounts—just a few of the ways the generation differs from millennials. [Forbes]"
"141","Fashionably green for Earth Day",2022-04-19,"/~/media/mckinsey/email/genz/2022/04/19/2022-04-19b.html","Fashion is one of the top three categories for Gen Z splurges. But there’s a real divide: half the fashion posts I see are people modeling gorgeous thrifted finds, and half are massive fast-fashion hauls. We’re split on high-quality, long-lasting “slow fashion” versus the cheap, trendy clothes that are quickly made—and just as quickly discarded.","Welcome back! This Friday is Earth Day—in honor, check out the sustainable-fashion landscape.

Fashion is one of the top three categories for Gen Z splurges. But there’s a real divide: half the fashion posts I see are people modeling gorgeous thrifted finds, and half are massive fast-fashion hauls. We’re split on high-quality, long-lasting “slow fashion” versus the cheap, trendy clothes that are quickly made—and just as quickly discarded.

(Interested in the industry more broadly? See the trends that matter in our The State of Fashion 2022 report﻿.)

It’s no secret that fast fashion is a major market—the ultra-fast-fashion player Shein introduces more than 6,000 new products per day. But all those clothes have a major carbon impact, too. The industry emits the same amount of greenhouse gases as the economies of France, Germany, and the United Kingdom combined.

What happens to all those clothes? Our new report on sustainable fashion offers this stunning stat: in 2020, Californians bought 510,000 to 530,000 tons of clothing, and 500,000 tons will eventually end up in landfills.

So, definitely some room for improvement. The good news for the industry and the planet: people are paying attention, and new, more sustainable models could be picking up. Our Next Normal series on the future of fashion highlights a few greener paths:

Personal reselling. On clothing resale sites, all you need to sell that cow sweater you only wore once are a few minutes and a picture. French reseller Vestiaire has more than ten million members alone, and the market is expected to reach $57 billion in sales by 2025.

Store-led reselling. Programs such as REI’s used-gear exchange let customers return items that still have life in them; they’re then resold. Is that creating retailers’ own competition? Nope—the customer is still buying used goods no matter what.﻿

Product passports. These give info on the life of a single garment—where it was made, if the materials are sustainable, and the working conditions at the manufacturer. Transparency is key to the 43 percent of Gen Z seeking stores with solid sustainability reputations.

Big retailers’ efforts. An H&M exec says the company now has a responsibility to use the same tactics that made its fashion desirable to make circular fashion “just as attractive or even more attractive.” (Read more on how that’s going down.)

That concept of circular fashion—keeping clothes in circulation or clothes being reused or recycled into new products—will be a big part of making fashion greener. Consumers want sustainable-first and ethically made products; nine out of ten members of Gen Z think companies should play their part.

And sustainability efforts are needed ASAP: to stay on track and mitigate climate change, the fashion industry needs to cut greenhouse-gas emissions to about 1.1 billion metric tons by 2030, roughly half of today’s figure. That’ll take a combo of replacing fossil fuels with renewable sources, operational improvements, and consumers’ sustainability efforts.

That brings up the other issue: some say that Gen Z has a confusing relationship with clothes, since we’re the generation most focused on sustainability but also buy the most fast fashion. IMO, it could come down to cost—you can’t buy quality with every purchase on an entry-level budget, and everyone wants to look good. But I’ll leave that up to you.

Shoppers (especially Gen Z ones) are spending more time, and more money, online—what will melding the digital and fashion worlds look like from a metaverse mindset?

#BookTok. Gen Z’s love of books and online discussions about favorite titles is helping brick-and-mortar stores too. Some book chains are even opening new branches—signs of hope in an industry once considered doomed. [Bloomberg]

Swipe wrong? More than half of Tinder’s users come from Gen Z—and because of the pandemic, the app is helping many people learn how to date. That’s part of why Gen Z is using the app totally differently from millennials. [Fortune]

Doing the math. Gen Z workers are the most likely to be willing to take a pay cut for nonfinancial goals such as more enjoyable work, better work–life balance, or more flexibility. [LinkedIn News]

Quick pic. BeReal has become one of the most popular apps by using a different formula than most social media: you post two unedited photos per day at a random time—and you can only view others’ photos if you’ve posted your own—aiming to boost authenticity in an increasingly cultivated online world. [Axios]

When people from the West buy from the East, it’s because often products are cheaper. The other way around, people often want to buy brands and products that aren’t available in their countries or have cheap delivery fees."
"142","Health for you, the economy, and everyone",2022-04-12,"/~/media/mckinsey/email/genz/2022/04/12/2022-04-12b.html","April is Stress Awareness Month, April 7 was World Health Day, and two weeks ago, the McKinsey Health Institute launched with a mission of adding years to life and life to years.","April is Stress Awareness Month, April 7 was World Health Day, and two weeks ago, the McKinsey Health Institute launched with a mission of adding years to life and life to years.

How’s your health? Maybe you don’t give it a second thought unless something’s really wrong. Or maybe you’re biohacking your way to optimal performance.

Everything we do individually is part of the overall global picture of human health. And the wide-angle shot is pretty good: between 1800 and 2017, average life expectancy more than doubled, from 30 years to 73 years.

But the world can do better﻿, says the newly launched McKinsey Health Institute. How much better? Over the next decade, humanity could add as many as 45 billion extra years of higher-quality life globally—or six years per person. (I don’t know about you, but I’d use those for a spectacular round-the-world retirement party.)

Adding years to life isn’t as simple as choosing the cauliflower in your fridge over takeout or skipping screen time for steps. Society will need to challenge its beliefs about health and reorient portions of public policy and the economy to meet this ambitious challenge. While we all work on that, here are some insights from the frontiers of health and well-being:

‘Wellness’ is the new ‘health.’ Everywhere you look, it’s skincare supplements, neon athleisure, mental-health apps, and more—no wonder people spend about $1.5 trillion a year on wellness products and services worldwide.

Personalization is key—it’s vital to more than 70 percent of consumers. I’ve tried custom sleep plans, diet insights, and activity trackers. I’m willing to trade data for insights about my health (but, of course, we all have our own feelings on privacy, and they need to be respected).

Roughly 40 percent of consumers would choose a “natural” product over a “more effective” one—would you?

Think big. Health is much more than a personal choice. The broader ecosystems are wide-ranging and include care beyond the doctor’s office:

Telehealth saw huge growth over the course of the pandemic—it’s possible that the industry, allowing access to healthcare anywhere (including when you’re home in bed), could be worth $250 billion.

Sleep deprivation cost just five countries a combined $680 billion a year—that’s in productivity, and we all know work is worse when you’re part of the 45 percent of the world who is sleep deprived. Sleep tech, like wearables, could be a $32 billion industry by 2026.

Free yoga and meditation courses let one company decrease stress by 28 percent and up productivity by $3,000 per worker per year. Sounds great to me.

Venture capital investments in digital health reached an all-time high of $29 billion. Whew.

A brighter tomorrow. Want to know the best part? We already have some of the solutions that can make people healthier. Simply by expanding known health interventions, the world could:

prevent 226 million premature deaths

give each person 21 more healthy days per year on average

reduce the world’s disease burden by almost 40 percent

add roughly $12 trillion in GDP

Telehealth skyrocketed during the pandemic, but not everyone is thrilled—patients tend to like the convenience and want to keep receiving digital care, while physicians have a less rosy outlook.

I want it now. In the first nine months of 2021, retailers invested $5.8 billion in “dark convenience stores” that offer delivery without a functioning storefront—are you up to date on the fastest way to get your last-minute feta? Read through our interview with the CEO of quick-delivery service Gorillas, and find out what we predict for the EU’s online-grocery landscape.

Reduce, reuse, recycle. In 2020, Californians bought up to 550,000 tons of clothing—500,000 tons that will eventually end up in landfills. How can that loop be closed?

Jerks at work. Toxic coworkers threaten mental health, and making allies is your best bet (because the jerks have allies, too). But be careful not to become the work jerk yourself.

How do computers solve games? Explore a reinforcement learning overview that combines ’80s video games, sailing, farming, and more—it’s part of our McKinsey for Kids series (though it’s really for everyone)."
"143","How Gen Z is trying to beat inflation",2022-04-05,"/~/media/mckinsey/email/genz/2022/04/05/2022-04-05b.html","Same money, more problems. Inflation is at a 40-year high, and the prices of major Gen Z expenses like gas, rent, food, and tuition are rising especially quickly.","Welcome back—will you get to retire? Plus: crypto’s climbing. Scroll for more.

Same money, more problems. Inflation is at a 40-year high, and the prices of major Gen Z expenses like gas, rent, food, and tuition are rising especially quickly. Even the adored $1 New York pizza has taken the hit; I forked over $1.50 for a slice last week.

For a lot of us, this is the first time we’re hearing about what a problem inflation poses. But it’s top of mind for execs, who are concerned about the longer-term effects of uncontrolled price  hikes. New survey findings show they consider inflation one of the top three threats to the global economy.

In inflation’s wake, some Gen Z members are already:

facing deeper student debt due to rising tuition

cutting contributions to retirement accounts

moving back in with parents to save

looking for new jobs that provide more financial security

And we keep hearing that we’re never going to be able to retire.

What can Gen Z do? It’s not necessarily in our control, but companies and policy makers are already working to control inflation and keep pricing fair. Still, it’s a good time to take stock and get serious about your personal finances.

Have a financial adviser? (I don’t.) But the wealth management industry and, more broadly, financial-services companies know we are coming:

Women and first-time investors could well be the next personal-finance power players.

New banking products developed for tomorrow’s customers—driven by the rise of crypto and other digital assets—could cushion the blow of inflation and help meet demand from people who are new to investing.

Emerging financing models like “buy now, pay later” can give you more options when you reach the cash register, such as popular “Pay in 4” services—which allow consumers to split payments into four interest-free installments—often offered through an app or integrated into online shopping sites.

Many are eyeing apps and platforms for trading stocks or tokens—Coinbase, for example, already has a staggering 68 million verified users.

Fintech and digital banking are booming, especially in Asia. But you might have already found free advice on #FinTok or #MoneyTok, hashtags on TikTok where people share finance tips. A recent survey found that 41 percent of American Gen Z investors looked to the app for advice. Real talk: not all of it is good, so tread carefully. (Note: McKinsey isn’t in the business of providing investment advice.)

A recent Ipsos poll suggests over 90 percent of Gen Z is anxious about their finances. Record-high inflation may be a fact of life for a while, but it won’t last forever. While we and the world ride it out, I’ll sure be watching my pennies.

Crypto curious, but allergic to risk? Stablecoins—multiple private, stabilized cryptocurrencies—are a less volatile form of digital currency. Stablecoins gained steam during the first half of 2021, with nearly $3 trillion traded on exchanges. (Again, we don’t give financial advice.)

Crystal ball? Organizations can future-proof by planning for tomorrow’s changes today. Indonesia’s Gen Z is changing its digital culture (example: subscribing, not buying), and we have glimpses into four possible futures, from a retail metaverse to shared luxury products.

Scale it up. Half of the world’s internet users live in Asia, and Asian consumers are more concerned about environmental issues than their American or European peers. Online buyers there often choose green and even internet-only companies—sustainable-shoe company Allbirds began as an online-only shop.

Eat (and buy) your greens. Eighteen percent of Gen Z consumers in South Africa want vegan or vegetarian options. And 38 percent of South Africans opt for sustainable packaging, more than France, Germany, the UK, and the US (the global average is 23 percent).

Report cards. Twenty-three US states now require high school students to learn about personal finance to graduate. It can be a stand-alone course or part of a larger curriculum—at my high school, we had to fill out dozens of fake tax returns to practice. [NYT]

Quit to succeed? Job hopping is up, and especially among Gen Z—one 25-year-old increased her salary from $62,000 to $130,000 by switching jobs every year and a half since she graduated. [Fortune]

To read more about why employees are quitting and what to do about it, explore our attrition insights."
"144","More young adults than ever are identifying as LGBTQ+",2022-03-29,"/~/media/mckinsey/email/genz/2022/03/29/2022-03-29b.html","One in five Gen Z adults in the US now identify as part of the LGBTQ+ community, according to a recent Gallup poll. Our generation has seen amazing strides when it comes to all people living openly and authentically in all parts of their lives.","Hello, hello—scroll to find out if your coworker who quit is ever coming back, learn how Starz picks its shows, and drop a few billable minutes on our crossword (kidding).

Everything’s coming up rainbows. One in five Gen Z adults in the US now identify as part of the LGBTQ+ community, according to a recent Gallup poll. Our generation has seen amazing strides when it comes to all people living openly and authentically in all parts of their lives.

Some other stats:

Fifty-seven percent of those adults identified as bisexual—that’s more than gay and lesbian combined.

Adults identifying as LGBTQ+ have doubled in the past five years.

Three times as many Gen Z women identify as LGBTQ+ as do Gen Z men.

For all the progress, there are still challenges to navigate—like coming out, or being out, in the workplace, especially given that more than one in four LGBTQ+ employees are not broadly out at work.

We asked LGBTQ+ leaders for words of wisdom, and one banking leader told us: “Having had certain amounts of adversity on your own journey, I think that builds in you a fair amount of extra resilience, which then really helps empower your own leadership skills.” I think that’s something we can all look up to.

And however you identify, we can all play a part in making work more inclusive—whether that’s calling out microaggressions if you see someone get put on the spot or creating safe spaces for transgender colleagues﻿.

Inclusive language matters. If you’re looking to learn, the GLAAD Media Reference Guide offers a handy resource for communicating about gender identity and expression. Check it out.

Going, going … gone? The pandemic relaxed some of the stress of quitting a job, and gaps on your resume don’t spell the doom they once did. Millions have voluntarily ditched their jobs, seeking better perks and less stress. Do employers have any hope of getting that talent back? Well—yes.

Love Outlander? Dinna fash (that’s Scottish for “don’t worry”), Starz does too: when the streaming giant realized women were driving its business, it pivoted. And in developing the TV franchise Power and capitalizing on diverse talent behind the camera, too, it found the success that inclusion brings.

What is ‘bigorexia’? Social media lets you express yourself, but it can often appear a little one size fits all. And those impossible standards are equal opportunity, with reports that teen boys also face crushing pressure to keep up with the muscled demigods who run popular weightlifting accounts. [NYT]﻿

Gen Z digital nomads. Remote work allowed millions of young adults to ditch the 9-to-5 in favor of earning money from anywhere as they travel the country or world. I spent a little time on the road, and yes, it’s pretty great. Check out the data and the drawbacks. [TIME]﻿

Bigger and better. For the first time, The Trevor Project will expand beyond the US to support LGBTQ+ people under 25 in Mexico. The nonprofit now offers 24/7 text and call support in a country where 55 percent of LGBTQ+ people have experienced thoughts of suicide. (Full disclosure: McKinsey has provided pro bono support to The Trevor Project.) [Axios]

The Trevor Project CEO (and former McKinsey consultant) Amit Paley with singer Rita Ora and MTV’s Alex Mugler, Relish Milan, Tati 007, and Lolita Leopard at a 2018 event."
"145","How stores can attract more inclusive consumers",2022-03-22,"/~/media/mckinsey/email/genz/2022/03/22/2022-03-22b.html","Do your social values shape where you shop? Mine do, and that makes me what’s called an “inclusive consumer.” Like 45 percent of America (and growing), inclusive consumers think that retailers should support and uplift Black-owned businesses and brands.","I’m an “inclusive consumer.” Are you? Also, did you hear about the space company that helped fight locust swarms? Scroll to pick up a word that makes our impending mortality sound a lot like your favorite app, and while it’s still no Wordle, our crossword this week is pretty fun.

Do your social values shape where you shop? Mine do, and that makes me what’s called an “inclusive consumer.” Like 45 percent of America (and growing), inclusive consumers think that retailers should support and uplift Black-owned businesses and brands. Personally, I buy my books from local bookstores and my hair products from small brands—I like knowing that my retailers get me.

If you buy a new backpack from a curated list of diverse brands, it probably won’t change the world. But you know what could? The other 100 million-plus socially conscious customers in the US who want to put their money where their minds are.

For retailers trying to court us, some simple steps could go a long way:

How many Black-owned brands are on your store’s shelves? Take a good, hard look at your merchandise mix; if it’s a little one note, consider committing more space to more diverse brands by signing the Fifteen Percent Pledge.

Make it easier for shoppers to find products from Black-owned brands in stores and online. Ulta Beauty, for example, places them in prime locations in its stores and highlights them in ads.

Tell Black-owned brands’ stories and share their founders’ journeys. What’s on the shelf matters, but inclusive consumers want to know more about the products they’re supporting.

The

, with millions more expected to join the ranks in the years ahead.

The climate crisis is one of the most important issues facing our generation. But getting to net zero won’t cost net zero. It’ll take a lot of green to make the transition—around $25 trillion more in the next 30 years than in a scenario where we only keep up today’s mitigation policies (a total of $275 trillion).

Go green or go home. Is your (company’s) next product going to change the world? Remember the planet before you prototype that big idea. Consumers are increasingly interested in sustainable products, and up to 80 percent of a product’s lifetime emissions depend on design choices.

I think it’s going to be a short, short time.

Space tourism made headlines in 2021, so it’s understandable if you missed other orbital breakthroughs. Like the fact that space companies are using satellites to help combat swarms of locusts (kind of biblical, right?). A CEO whose company is in the vanguard has intel on what to expect from the next 15 years of space tech.

On the tip of my tongue.

If you’re at a loss for words, maybe you need to come up with a few of your own. That’s what author John Koenig did when he wrote The Dictionary of Obscure Sorrows (Simon & Schuster, November 2021) and coined terms like tichloch, “the feeling that you don’t know how much time you have left on this earth,” says Koenig.

—Jason Wright

My favorite high school teacher once told me to set my own worth and let others take direction from me instead of the other way around. Those words have stuck with me. Jason Wright, president of the National Football League’s Washington Commanders, talks us through a similar transition in his leadership journey﻿: when he wasn’t drafted into the league after college, he pitched himself to the pro teams over and over until he made it. Learn how to tell your own story the way you want it told."
"146","Introducing Mind the Gap—for Gen Z and the Z-curious colleagues we work with",2022-03-15,"/~/media/mckinsey/email/genz/2022/03/15/2022-03-15b.html","Welcome to the very first edition of Mind the Gap, a new newsletter for those of us in Gen Z—and the Z-curious colleagues we work with.","Welcome to the very first edition of Mind the Gap, a new newsletter for those of us in Gen Z—and the Z-curious colleagues we work with. I’m Sarah Skinner, an editor and recent Cornell University grad. My goal each week will be to keep you updated on today’s biggest issues and how they’ll affect our future. Up this week are mental health, how to get along in the workplace, and for fun: 65 across in the McKinsey Crossword is extra tricky—if you know the answer, play on!

You may be among the lucky ones, but this pandemic has just about everyone I know burnt out, stressed, and braced for the future. So I wasn’t too surprised when our new look at Gen Z and mental health, pulling from US-based surveys and interviews, showed that our generation has:

the most anxiety and depression

the least positive outlook on life

the most emotional distress

a hard time paying for food or school and meeting other basic needs

The data is sobering—one in four people under 24 said they didn’t have the money for mental-health help. As one person said: “I found the perfect therapist for me, but I couldn’t afford her, even with insurance.”

What can help? Well, for one, listening to Gen Z to understand what we need, whether that’s at home, on the job, or at school. Other things, like virtual doctors’ visits or combatting stigma about mental-health issues, could also make a difference.

Thoughts? Let us know at NewIdeas@McKinsey.com

If you’re experiencing a crisis, you’re not alone. The US National Suicide Prevention Lifeline is available 24 hours a day, or there may be similar resources in your region if you need them. Don’t suffer in silence.

Starting to hate your job? Be the change. Workplace culture is tricky. And if you’re like me—starting a new job remotely during a global pandemic—it’s even trickier. A new interview from our Author Talks series, featuring conversations with interesting writers, has tips for you, courtesy of Harvard Business School’s James Heskett.

Got AI? Here are seven elements your company needs to put all that data it’s collecting to good use. Without them, our experts warn you’ll be left behind in only three years. Check out this glossy interactive on turning big data into smart data.

‘This call may be recorded for quality assurance.’ Let’s pretend my new toaster spontaneously combusted, and I call up the company to say I’m not too thrilled. Their basic monitoring software scoops up the word “thrilled,” marking down one more satisfied customer. That’s … not ideal. Tech to the rescue?

They don’t want no scrubs. A third of US nurses seriously considered quitting by the end of 2021. Long after the nightly applause ended and healthcare hero banners were put away, The McKinsey Podcast checks up on the state of nursing. (Stick it out to the end for a segment on being transgender at work.) Explore more episodes of The McKinsey Podcast or subscribe via iTunes, Stitcher, or Spotify.

Senior partner Liz Hilton Segel in episode 5 of My Rookie Moment, on how a trusted colleague helped her through role modeling and mentorship ahead of an important client discussion

My Rookie Moment asks senior leaders to share how they faced challenging moments back when they were young and just starting their careers. It’s got great tips, and I find it a surprisingly reassuring way to remind myself everyone’s human. (Ever split your pants running to an important meeting? Well, you’re not alone.) And keep up on our quote of the day."
